time_s,north_m,east_m,down_m,v_north_mps,v_east_mps,v_down_mps,q1,q2,q3,q4,p_rad_s,q_rad_s,r_rad_s,temp_c
0,0,0,0,0,0,0,0.6190243,0.3468197,0.6106818,-0.3515576,0,0,0,10.93749
0.2,0.003884219,-0.006512322,-0.5588328,0.04120867,-0.06909088,-5.928798,0.6190243,0.3468197,0.6106818,-0.3515576,0,0,0,10.93386
0.4,0.01731818,-0.02903585,-2.491612,0.09520326,-0.1596188,-13.69714,0.6190243,0.3468197,0.6106818,-0.3515576,0,0,0,10.92132
0.6,0.04293957,-0.07199293,-6.177828,0.163102,-0.2734586,-23.46591,0.6190243,0.3468197,0.6106818,-0.3515576,0,0,0,10.89733
0.78,0.07844778,-0.1315237,-11.28589,0.2252536,-0.3769818,-32.25985,0.6190242,0.3468198,0.610682,-0.3515574,-6.398669e-06,0.0001329053,2.789956e-05,10.86413
0.8,0.08301352,-0.1391477,-11.93624,0.231258,-0.3852789,-32.76455,0.6190227,0.3468211,0.6106836,-0.351556,-2.250848e-05,0.0004356095,8.634722e-05,10.85992
1,0.1353675,-0.2244448,-18.99993,0.2925837,-0.4671466,-37.89188,0.6189201,0.3469041,0.6107964,-0.3514586,-0.0002352076,0.003473494,0.0006099193,10.81399
1.2,0.2000702,-0.3255562,-27.0941,0.3543212,-0.5424227,-43.04687,0.6186579,0.3471052,0.6110895,-0.3512122,-0.0005437127,0.00647109,0.0009958231,10.76138
1.4,0.2770123,-0.4407146,-36.22213,0.4145735,-0.6067604,-48.21635,0.6182372,0.3474078,0.6115679,-0.3508208,-0.0009532974,0.009412616,0.001241469,10.70205
1.6,0.3656798,-0.567285,-46.38376,0.4711878,-0.6558,-53.36935,0.6176606,0.3477939,0.6122355,-0.3502891,-0.001472326,0.01227115,0.001341434,10.63601
1.8,0.4651186,-0.7017936,-57.57288,0.5221139,-0.6859048,-58.53309,0.6169321,0.3482439,0.6130949,-0.3496222,-0.002109177,0.01504301,0.001304076,10.56329
2,0.5739817,-0.8401141,-69.79499,0.5650816,-0.6933976,-63.7289,0.6160561,0.3487384,0.6141486,-0.3488235,-0.002870078,0.0177176,0.001135487,10.48382
2.2,0.6904545,-0.9773939,-83.06789,0.5976442,-0.6746321,-68.95904,0.6150373,0.3492591,0.6153992,-0.3478952,-0.003754199,0.0202709,0.0008370479,10.39755
2.4,0.8121572,-1.10797,-97.37884,0.61694,-0.625837,-74.17095,0.6138844,0.3497832,0.6168439,-0.3468447,-0.00474362,0.02265162,0.0004038479,10.30453
2.6,0.9361787,-1.225544,-112.7316,0.6203257,-0.5440447,-79.37547,0.6126062,0.3502907,0.6184785,-0.3456796,-0.005801085,0.02483274,-0.0001564144,10.20474
2.8,1.05903,-1.323183,-129.1298,0.6047621,-0.4260406,-84.61526,0.6112115,0.3507645,0.6202949,-0.3444112,-0.006864318,0.02679785,-0.000827917,10.09817
3,1.176586,-1.393283,-146.5847,0.567497,-0.2688979,-89.88328,0.6097086,0.3511915,0.6222805,-0.3430552,-0.007856707,0.02849999,-0.001619436,9.984705
3.2,1.284376,-1.427753,-165.0916,0.5061621,-0.06831059,-95.19648,0.6081076,0.3515555,0.6244177,-0.3416379,-0.008736884,0.02988251,-0.00259716,9.864404
3.4,1.377254,-1.417549,-184.6665,0.4181451,0.1776944,-100.5399,0.6064166,0.3518416,0.6266869,-0.340191,-0.009429496,0.0308874,-0.003779399,9.737177
3.6,1.449672,-1.353584,-205.3082,0.3005507,0.4702439,-105.896,0.604646,0.3520357,0.6290617,-0.3387557,-0.009850569,0.0314602,-0.005169631,9.602991
3.8,1.495544,-1.226664,-227.0149,0.1519516,0.807567,-111.1983,0.6028065,0.3521272,0.6315104,-0.3373803,-0.009920926,0.03152711,-0.006777101,9.461908
4,1.507909,-1.027204,-249.7951,-0.03548631,1.196126,-116.6415,0.6009086,0.3521103,0.6339971,-0.3361173,-0.00957017,0.031132,-0.008552899,9.313837
4.2,1.479241,-0.7457933,-273.6575,-0.2566103,1.623768,-121.9486,0.5989638,0.3519826,0.6364818,-0.3350246,-0.008740918,0.03011611,-0.0105392,9.158716
4.4,1.40231,-0.3747723,-298.5797,-0.5213665,2.094146,-127.3062,0.596988,0.3517442,0.6389162,-0.3341669,-0.007318059,0.02856434,-0.01258072,8.996729
4.6,1.267792,0.09400033,-324.576,-0.8310474,2.598347,-132.6454,0.5949931,0.351419,0.6412469,-0.333602,-0.005212667,0.02646221,-0.01454002,8.827753
4.8,1.066372,0.666952,-351.6451,-1.191083,3.1356,-138.0427,0.5929961,0.3510346,0.6434168,-0.3333845,-0.002496399,0.02384289,-0.01634989,8.651819
5,0.7879477,1.349981,-379.7951,-1.603883,3.700027,-143.4904,0.5910185,0.3506172,0.6453708,-0.3335584,0.0007157435,0.02069321,-0.01791149,8.468835
5.2,0.4213971,2.147775,-409.0356,-2.072217,4.281199,-148.9327,0.589098,0.3501963,0.6470494,-0.3341456,0.004149481,0.0169198,-0.01893689,8.278772
5.4,-0.04443417,3.063275,-439.3686,-2.593804,4.877266,-154.4143,0.5872953,0.3497815,0.6484014,-0.335131,0.007187188,0.0125823,-0.01957165,8.081598
5.6,-0.6197152,4.099831,-470.8118,-3.165508,5.486139,-159.9866,0.5856756,0.3493246,0.6494157,-0.3364754,0.00919738,0.007780917,-0.0199836,7.877222
5.8,-1.313829,5.256218,-503.3523,-3.790397,6.076666,-165.4688,0.5843394,0.3487789,0.650084,-0.3380704,0.009690781,0.002556065,-0.01912835,7.665704
6,-2.140309,6.528606,-537.0003,-4.482683,6.641571,-170.9989,0.5834213,0.3481498,0.6503856,-0.3397202,0.008501003,-0.002888002,-0.01636914,7.446985
6.2,-3.109493,7.910757,-571.7487,-5.213353,7.174655,-176.4743,0.5830446,0.3474415,0.6503109,-0.3412317,0.00580582,-0.008422183,-0.01237379,7.221124
6.4,-4.227707,9.397051,-607.5999,-5.972922,7.684921,-182.0706,0.583285,0.3466364,0.6498765,-0.3424652,0.002001832,-0.01378436,-0.007753583,6.988092
6.6,-5.497809,10.98208,-644.5664,-6.727901,8.160424,-187.6102,0.5841701,0.3457174,0.6491131,-0.3433321,-0.002418887,-0.01885481,-0.002926296,6.747827
6.8,-6.917889,12.65864,-682.644,-7.468614,8.597152,-193.1539,0.5856881,0.3446871,0.6480518,-0.3437864,-0.006879246,-0.02334704,0.002044147,6.500299
7,-8.484663,14.41838,-721.8433,-8.192769,8.991447,-198.8272,0.587788,0.3435952,0.6467209,-0.3438018,-0.01095072,-0.02691931,0.007269261,6.245508
7.2,-10.19218,16.25181,-762.1744,-8.873898,9.334581,-204.4836,0.5903929,0.342513,0.6451532,-0.3433635,-0.01445063,-0.02944483,0.01255487,5.983362
7.4,-12.02992,18.14898,-803.6313,-9.492949,9.630627,-210.0991,0.5934038,0.3415033,0.6433932,-0.3424801,-0.01728618,-0.03087999,0.01747543,5.713892
7.6,-13.98445,20.10246,-846.214,-10.04168,9.904341,-215.7527,0.5967222,0.3405939,0.6414791,-0.3412079,-0.01925884,-0.03244998,0.02163946,5.437097
7.8,-16.04046,22.10918,-889.9272,-10.50054,10.15643,-221.3878,0.6003588,0.3397494,0.6393328,-0.3396958,-0.02012469,-0.03507222,0.02461809,5.152979
8,-18.17619,24.16111,-934.7759,-10.83087,10.34858,-227.0529,0.6040793,0.3389457,0.6370981,-0.3380978,-0.02002527,-0.03251352,0.02411353,4.861444
8.2,-20.36458,26.24425,-980.7554,-11.03535,10.475,-232.7396,0.6073363,0.3382139,0.6352882,-0.3363968,-0.02050134,-0.02375733,0.02120986,4.562585
8.4,-22.58481,28.3492,-1027.875,-11.15499,10.57135,-238.4331,0.6098886,0.3375381,0.6342002,-0.3345056,-0.02176926,-0.01360531,0.01766933,4.256311
8.6,-24.82321,30.47246,-1076.134,-11.22216,10.66129,-244.1404,0.6117155,0.3368793,0.6339009,-0.3323944,-0.02339843,-0.003353046,0.01394091,3.942621
8.8,-27.07197,32.61436,-1125.538,-11.26316,10.76045,-249.9198,0.6128057,0.3362178,0.6344166,-0.3300641,-0.02495466,0.007231548,0.009887433,3.621515
9,-29.32801,34.77835,-1176.093,-11.29888,10.88792,-255.6383,0.6131058,0.3355537,0.6357716,-0.3275658,-0.02552114,0.01786656,0.004954407,3.292902
9.2,-31.59377,36.97426,-1227.798,-11.36877,11.0865,-261.4128,0.6125906,0.3348715,0.6378862,-0.3251077,-0.02444072,0.02575264,-0.001187351,2.956812
9.4,-33.88158,39.22026,-1280.663,-11.52574,11.38754,-267.1933,0.6115801,0.3339514,0.6404558,-0.3228971,-0.0250798,0.02610772,-0.006883447,2.613184
9.6,-36.21104,41.53307,-1334.666,-11.78733,11.74669,-272.855,0.6106122,0.3326808,0.6429754,-0.3210278,-0.02417453,0.02089676,-0.00879118,2.26217
9.8,-38.6031,43.9198,-1389.812,-12.14722,12.1205,-278.6101,0.6100345,0.3312588,0.6450893,-0.3193514,-0.02483672,0.01430124,-0.006152256,1.903711
10,-41.07454,46.38141,-1446.119,-12.57544,12.49604,-284.477,0.6100706,0.3297998,0.646697,-0.3175356,-0.02705562,0.007536145,-0.000618245,1.537714
10.2,-43.63496,48.91819,-1503.601,-13.02888,12.87114,-290.3207,0.6108294,0.3283719,0.6477523,-0.3153986,-0.02971995,0.0004667126,0.006179593,1.164087
10.4,-46.28491,51.52986,-1562.244,-13.46461,13.2462,-296.119,0.6123559,0.3270009,0.648212,-0.3129087,-0.03211988,-0.006924952,0.0129525,0.7829224
10.6,-49.01612,54.21611,-1622.043,-13.83144,13.61421,-301.8764,0.6145837,0.3256699,0.6481,-0.3101492,-0.03359723,-0.01313287,0.01767135,0.39422
10.8,-51.80917,56.97383,-1682.992,-14.07558,13.95779,-307.6352,0.6171485,0.3243266,0.6476848,-0.3073182,-0.03373716,-0.01366589,0.01726352,-0.001959229
11,-54.63726,59.79636,-1745.092,-14.18812,14.26288,-313.3821,0.6193582,0.3229076,0.6475843,-0.3045662,-0.03311432,-0.006069677,0.01209901,-0.4055847
11.2,-57.47942,62.67754,-1808.328,-14.22905,14.55188,-319.0046,0.6207339,0.3214127,0.6482493,-0.3019209,-0.03255043,0.004562821,0.005269409,-0.816626
11.4,-60.32913,65.61869,-1872.693,-14.27204,14.86418,-324.6243,0.6211939,0.3198186,0.6497524,-0.299426,-0.03153489,0.0142001,-0.001820049,-1.235022
11.6,-63.19146,68.62588,-1938.177,-14.36426,15.21507,-330.1988,0.6208704,0.3180893,0.6519462,-0.297162,-0.03063563,0.02055831,-0.008207569,-1.660651
11.8,-66.08209,71.70827,-2004.78,-14.55977,15.61192,-335.7449,0.6201661,0.3161361,0.6544963,-0.2951044,-0.03090262,0.02062094,-0.01132124,-2.093573
12,-69.02333,74.87241,-2072.476,-14.87078,16.03227,-341.234,0.6196216,0.3140634,0.6568782,-0.2931624,-0.03121029,0.01554624,-0.009175948,-2.533606
12.2,-72.03541,78.12107,-2141.263,-15.25751,16.45314,-346.6034,0.6196372,0.312002,0.6587694,-0.2910799,-0.03298741,0.008555092,-0.003560611,-2.980719
12.4,-75.12773,81.45361,-2211.12,-15.66481,16.87198,-351.9815,0.6203505,0.310022,0.6600777,-0.2887023,-0.03490882,0.001712075,0.002880895,-3.43479
12.6,-78.29878,84.86917,-2282.051,-16.03684,17.28457,-357.3799,0.6216835,0.3081467,0.6608653,-0.2860283,-0.03632616,-0.003253556,0.007882518,-3.895819
12.8,-81.53714,88.36765,-2354.083,-16.33075,17.70154,-362.9484,0.6233168,0.3063341,0.6613863,-0.2832027,-0.03655494,-0.004048063,0.008422471,-4.36405
13,-84.82476,91.94958,-2427.219,-16.53417,18.11983,-368.4299,0.6247919,0.3043954,0.6620634,-0.2804471,-0.03669662,-0.0005296778,0.003856836,-4.839423
13.2,-88.14738,95.61539,-2501.439,-16.69158,18.54145,-373.7958,0.6257699,0.3022082,0.6631958,-0.2779454,-0.03605054,0.004745929,-0.003082941,-5.321844
13.4,-91.50321,99.3668,-2576.74,-16.87729,18.97445,-379.2329,0.6262129,0.2997301,0.6648174,-0.2757482,-0.036022,0.008725551,-0.009216802,-5.811316
13.6,-94.90399,103.2054,-2653.136,-17.14742,19.41054,-384.7495,0.6263888,0.2969938,0.6667132,-0.2737247,-0.03638847,0.009029871,-0.01129278,-6.307898
13.8,-98.36835,107.1299,-2730.636,-17.50893,19.83135,-390.2355,0.6266868,0.2942437,0.6684878,-0.2716769,-0.03713988,0.005943312,-0.007851312,-6.811621
14,-101.9107,111.1369,-2809.221,-17.91926,20.24097,-395.6371,0.6274186,0.2916432,0.6698849,-0.2693408,-0.03862786,0.001207121,-0.001835807,-7.322424
14.2,-105.535,115.2265,-2888.883,-18.31808,20.65812,-401.0133,0.6286606,0.2891835,0.6708436,-0.2666975,-0.03991235,-0.003354717,0.00262003,-7.840247
14.4,-109.233,119.3997,-2969.63,-18.64984,21.07458,-406.5277,0.6301686,0.286777,0.6715586,-0.2639234,-0.04012896,-0.003668658,0.003144003,-8.365088
14.6,-112.9905,123.6558,-3051.492,-18.91888,21.48765,-412.09,0.6315016,0.2843104,0.6724381,-0.261152,-0.04034228,8.977665e-06,0.0003102136,-8.897192
14.8,-116.7995,127.9947,-3134.456,-19.17576,21.90415,-417.5748,0.6324682,0.2817052,0.6736583,-0.2584779,-0.04051123,0.003779713,-0.003393317,-9.436469
15,-120.6634,132.418,-3218.519,-19.47217,22.32929,-423.0675,0.6331773,0.2789209,0.6751383,-0.2558865,-0.04114545,0.005050314,-0.005583697,-9.982886
15.2,-124.5931,136.9272,-3303.698,-19.83342,22.76187,-428.6934,0.6338816,0.2760649,0.6766117,-0.2533356,-0.04103622,0.00327532,-0.004800725,-10.53654
15.4,-128.5992,141.522,-3389.994,-20.22942,23.181,-434.2315,0.6348181,0.2732518,0.6778547,-0.2507038,-0.04182843,9.572432e-05,-0.001768846,-11.09745
15.6,-132.6847,146.1987,-3477.398,-20.62137,23.58472,-439.8405,0.6360344,0.2705424,0.6788489,-0.2478534,-0.04278668,-0.001553252,0.001746389,-11.66559
15.8,-136.845,150.956,-3565.94,-20.97063,23.98784,-445.5685,0.6373274,0.2679587,0.67977,-0.2447954,-0.0431638,7.090886e-05,0.002907712,-12.24113
16,-141.0705,155.7945,-3655.63,-21.28476,24.39714,-451.3145,0.6384075,0.2654071,0.6808838,-0.2416448,-0.0434425,0.003813763,0.001911127,-12.8241
16.2,-145.3603,160.7157,-3746.466,-21.61994,24.81947,-457.0689,0.6392559,0.2628516,0.6822136,-0.2384229,-0.04389498,0.005886751,0.001650003,-13.41453
16.4,-149.7212,165.724,-3838.46,-21.99493,25.26788,-462.8734,0.6400636,0.2603141,0.683561,-0.2351583,-0.04375303,0.004905433,0.002353559,-14.01249
16.6,-154.1592,170.8234,-3931.601,-22.3873,25.73048,-468.5624,0.6410219,0.2577919,0.6847324,-0.2318959,-0.04362312,0.001991499,0.003303832,-14.6179
16.8,-158.6755,176.0166,-4025.885,-22.77268,26.20237,-474.2865,0.6421772,0.25526,0.6856823,-0.2286715,-0.04332926,-0.0004783622,0.003641292,-15.23075
17,-163.2662,181.3044,-4121.322,-23.13126,26.67785,-480.1579,0.6434025,0.2526855,0.6865349,-0.2255061,-0.04349202,-0.0004873496,0.00280408,-15.85108
17.2,-167.926,186.6869,-4217.94,-23.46752,27.14996,-486.0758,0.644524,0.2500106,0.6874936,-0.2223423,-0.04438683,0.001478095,0.001365784,-16.4791
17.4,-172.6534,192.1639,-4315.747,-23.80931,27.61743,-491.9713,0.6454879,0.2472357,0.6886193,-0.2191424,-0.04508869,0.003366563,0.0007486066,-17.11484
17.6,-177.4522,197.7341,-4414.742,-24.18116,28.0814,-497.9327,0.6463575,0.2444989,0.689822,-0.2158422,-0.04533324,0.004215763,0.002306099,-17.75832
17.8,-182.3279,203.398,-4514.93,-24.5763,28.55996,-503.9246,0.6472667,0.2418724,0.6909706,-0.2123753,-0.04581703,0.003455495,0.004487134,-18.40955
18,-187.2825,209.1598,-4616.31,-24.96791,29.06273,-509.8726,0.6482902,0.2393096,0.6919878,-0.2088147,-0.04573737,0.001895211,0.005281369,-19.06852
18.2,-192.3138,215.0249,-4718.884,-25.34027,29.59093,-515.8511,0.6493865,0.236708,0.6929042,-0.2053052,-0.04579441,0.0008770192,0.004037506,-19.73525
18.4,-197.4176,220.9982,-4822.66,-25.69224,30.14009,-521.8427,0.6504814,0.2338911,0.6938286,-0.2019176,-0.04681611,0.0005254853,0.0008903012,-20.40978
18.6,-202.5914,227.0807,-4927.638,-26.04768,30.67727,-527.918,0.6515231,0.2308021,0.6948329,-0.198634,-0.04772192,0.001167824,-0.0009581048,-21.09214
18.8,-207.8383,233.2678,-5033.837,-26.42539,31.19647,-534.0974,0.6524895,0.2276733,0.6958987,-0.1953132,-0.04783259,0.001944938,-0.0003143653,-21.78245
19,-213.1624,239.5603,-5141.271,-26.8155,31.7298,-540.2162,0.6534521,0.2245715,0.6969349,-0.1919629,-0.04767055,0.00108184,-0.0002305851,-22.48076
19.2,-218.5644,245.96,-5249.914,-27.20633,32.26979,-546.2473,0.6544831,0.2214334,0.6978693,-0.1886732,-0.04742641,-0.0004841022,-0.0008281069,-23.18694
19.4,-224.0451,252.4688,-5359.786,-27.59941,32.81682,-552.4886,0.6555702,0.2182292,0.6987183,-0.1854628,-0.04739433,-0.00123372,-0.001484439,-23.90111
19.6,-229.6039,259.086,-5470.917,-27.98738,33.35205,-558.837,0.6566414,0.2149821,0.6995592,-0.1822684,-0.04764483,-0.0005671358,-0.001529482,-24.62346
19.8,-235.2406,265.809,-5583.337,-28.37895,33.87406,-565.3265,0.6576211,0.2117764,0.7004645,-0.1789824,-0.04794196,0.001235311,-0.0003389221,-25.35419
20,-240.9563,272.6359,-5697.046,-28.78268,34.3987,-571.7675,0.6585141,0.2086731,0.701425,-0.17555,-0.04813356,0.001905589,0.001057751,-26.0933
20.2,-246.7554,279.5705,-5812.047,-29.20754,34.9455,-578.1652,0.6594492,0.2056296,0.7023115,-0.1720518,-0.04800561,0.0001731026,0.001836074,-26.84081
20.4,-252.6395,286.6146,-5928.305,-29.63421,35.50065,-584.4635,0.660546,0.2025922,0.7030046,-0.1685821,-0.04765698,-0.002531697,0.00206454,-27.59649
20.6,-258.6077,293.7711,-6045.841,-30.04291,36.06361,-590.9193,0.6617652,0.1995265,0.7035418,-0.1651816,-0.04753286,-0.003662932,0.001594885,-28.36046
20.8,-264.6551,301.0401,-6164.688,-30.42704,36.62403,-597.5565,0.6629575,0.1963898,0.7040898,-0.1617895,-0.04843412,-0.002353208,0.0009513004,-29.13297
21,-270.7778,308.42,-6284.864,-30.79831,37.1713,-604.1706,0.6640114,0.1931738,0.7047784,-0.1583043,-0.04961402,-5.831634e-05,0.000815875,-29.91411
21.2,-276.9756,315.9091,-6406.375,-31.18366,37.72067,-610.9307,0.6649132,0.1899504,0.7056086,-0.1546797,-0.05026687,0.001959282,0.001658104,-30.70394
21.4,-283.2531,323.5098,-6529.242,-31.5952,38.29088,-617.7256,0.6657441,0.186783,0.7064789,-0.1509455,-0.05030625,0.00178982,0.0023857,-31.50257
21.6,-289.6143,331.2264,-6653.457,-32.01748,38.87484,-624.4778,0.6666422,0.1836277,0.7072455,-0.1472175,-0.05012609,0.0004055609,0.00273209,-32.30997
21.8,-296.0591,339.0587,-6779.042,-32.42683,39.44704,-631.3853,0.6675609,0.1805266,0.7079576,-0.1434181,-0.05049902,0.001280894,0.004247765,-33.12627
22,-302.5844,347.0062,-6906.023,-32.82369,40.02897,-638.3881,0.6683742,0.1775182,0.7087439,-0.1394464,-0.05116328,0.003415176,0.005496627,-33.95165
22.2,-309.1891,355.0729,-7034.403,-33.22689,40.64616,-645.4344,0.669064,0.1745172,0.7096338,-0.13534,-0.05207333,0.004619275,0.005385033,-34.78612
22.4,-315.8759,363.266,-7164.18,-33.64624,41.29192,-652.3695,0.6697236,0.1714144,0.7105408,-0.1312222,-0.05251878,0.003819109,0.00422128,-35.62968
22.6,-322.65,371.5915,-7295.356,-34.09891,41.9655,-659.4132,0.6704792,0.1681992,0.7113248,-0.1272147,-0.05204422,0.001024314,0.003169025,-36.48232
22.8,-329.5153,380.0513,-7427.937,-34.55301,42.63443,-666.4598,0.6714085,0.1649329,0.7118957,-0.1233382,-0.05156063,-0.001515607,0.00288435,-37.34409
23,-336.4693,388.6447,-7561.949,-34.98272,43.29553,-673.6538,0.672408,0.1616566,0.7123598,-0.1194913,-0.05174581,-0.001509467,0.003243084,-38.21517
23.2,-343.5089,397.3705,-7697.429,-35.41053,43.95994,-681.1146,0.6733509,0.1584287,0.7128471,-0.1155337,-0.05230683,-0.0002450484,0.004761628,-39.09579
23.4,-350.6339,406.2303,-7834.405,-35.83807,44.63901,-688.5929,0.6742157,0.1552798,0.7133785,-0.1114111,-0.0527886,0.0006775013,0.005987376,-39.98614
23.6,-357.8441,415.2278,-7972.857,-36.26608,45.34459,-695.9604,0.6750501,0.1521434,0.7139077,-0.1072172,-0.05312396,0.0004090847,0.005792192,-40.88607
23.8,-365.1413,424.3713,-8112.808,-36.70469,46.09145,-703.5112,0.675912,0.148913,0.7143862,-0.1030549,-0.05358925,-0.0005869768,0.004577649,-41.79575
24,-372.5259,433.6651,-8254.267,-37.14144,46.84838,-711.1043,0.676822,0.1455435,0.7147986,-0.09895514,-0.05409282,-0.001491607,0.003440342,-42.71523
24.2,-379.9973,443.11,-8397.25,-37.57267,47.60191,-718.7834,0.6777537,0.1420791,0.7151656,-0.09487683,-0.05454064,-0.001674556,0.003223655,-43.64463
24.4,-387.5548,452.7062,-8541.799,-38.00149,48.35953,-726.7168,0.6786494,0.1386091,0.7155356,-0.09072665,-0.05515025,-0.0007842096,0.004189195,-44.58419
24.6,-395.1964,462.458,-8687.908,-38.41367,49.18444,-734.376,0.6795104,0.1349553,0.7159411,-0.0864936,-0.05923343,-0.001417065,-0.0001832666,-45.5339
24.8,-402.9193,472.3837,-8835.515,-38.81706,50.07303,-741.6625,0.6804985,0.130283,0.7163562,-0.0823524,-0.06713852,-0.004119284,-0.0100453,-46.49334
25,-410.7245,482.4841,-8984.592,-39.24015,50.91547,-749.2042,0.6816722,0.1244265,0.7167333,-0.07832301,-0.07309397,-0.006441706,-0.01695014,-47.46235
25.2,-418.6169,492.7406,-9135.229,-39.68575,51.62549,-757.2556,0.6829241,0.1181105,0.7170446,-0.07424002,-0.07586105,-0.006538684,-0.01515056,-48.44149
25.4,-426.5982,503.1255,-9287.496,-40.12408,52.20982,-765.3834,0.6841251,0.1120301,0.7173427,-0.06958095,-0.07690415,-0.004454311,-0.00690807,-49.43122
25.6,-434.6666,513.6252,-9441.398,-40.55868,52.79562,-773.6184,0.6851936,0.1064982,0.7176623,-0.06425425,-0.07887288,-0.002561494,0.000527563,-50.43159
25.8,-442.821,524.2497,-9596.93,-40.98217,53.47024,-781.7013,0.686216,0.1010525,0.717976,-0.05836448,-0.08281641,-0.002420574,0.001277027,-51.44254
26,-451.0575,535.021,-9754.084,-41.37638,54.24971,-789.7799,0.6872259,0.0949265,0.7183207,-0.05220017,-0.0929867,-0.001901492,-0.004889656,-52.46404
26.2,-459.3697,545.9468,-9912.854,-41.74477,54.98961,-797.9764,0.6881283,0.08764547,0.7188253,-0.04569402,-0.1020242,0.001164488,-0.009121948,-53.49604
26.4,-467.706,556.9244,-10071.92,-41.61837,54.76589,-792.6824,0.6888839,0.07973827,0.7194315,-0.03871892,-0.109256,0.001489201,-0.007529799,-54.52997
26.42,-468.5382,558.0194,-10087.77,-41.60541,54.73689,-792.1409,0.6889572,0.07893106,0.7194898,-0.03797849,-0.1101197,0.001570863,-0.006954235,-54.633
26.6,-476.0166,567.8467,-10229.91,-41.48673,54.45124,-787.2175,0.6895909,0.07160562,0.7199922,-0.03079394,-0.1186769,0.002376928,-0.0002351006,-55.55692
26.8,-484.3009,578.7067,-10386.82,-41.35855,54.16348,-781.9174,0.6902403,0.06330183,0.7204813,-0.02163071,-0.1290981,0.002895082,0.006018187,-56.50001
27,-492.5606,589.5197,-10542.7,-41.23782,53.98173,-776.9431,0.6908353,0.05450111,0.7208639,-0.01146738,-0.1399794,0.002795497,0.006044014,-56.50001
27.2,-500.7953,600.3036,-10697.58,-41.10719,53.86485,-771.8216,0.6913571,0.04488859,0.7211169,-0.0009050347,-0.1431575,0.002530991,0.0005984225,-56.50001
27.4,-509.0036,611.0664,-10851.44,-40.9783,53.76056,-766.7562,0.6917493,0.03481797,0.7212389,0.009227058,-0.1425274,0.002488575,-0.005506541,-56.50001
27.6,-517.1877,621.8054,-11004.31,-40.86742,53.62011,-762.0151,0.6920006,0.02447272,0.7212315,0.01900797,-0.1419458,0.002366779,-0.007443026,-56.50001
27.8,-525.3516,632.5093,-11156.24,-40.77216,53.40745,-757.3148,0.6921554,0.01430771,0.721034,0.02874391,-0.1387117,0.00113005,-0.003663803,-56.50001
28,-533.4959,643.1671,-11307.23,-40.66694,53.17503,-752.6224,0.6922457,0.004764625,0.7206156,0.03855193,-0.1358524,0.0003441531,0.001656556,-56.50001
28.2,-541.6173,653.7831,-11457.31,-40.54497,52.99713,-748.1447,0.6921811,-0.004420037,0.7200746,0.04856291,-0.1355606,0.001403942,0.003956837,-56.50001
28.4,-549.7132,664.3699,-11606.49,-40.41343,52.87806,-743.6953,0.6918669,-0.01355993,0.7195214,0.05852598,-0.1341573,0.003525613,0.001998613,-56.50001
28.6,-557.7832,674.9363,-11754.78,-40.28954,52.78777,-739.2281,0.6913058,-0.02271918,0.7189957,0.06800937,-0.1298914,0.005270829,-0.002168519,-56.50001
28.8,-565.8306,685.4847,-11902.19,-40.18933,52.69336,-734.8928,0.6905833,-0.03194964,0.718435,0.07697431,-0.1285345,0.005578237,-0.005521169,-56.50001
29,-573.8604,696.0117,-12048.75,-40.11008,52.56936,-730.7328,0.6897984,-0.0412931,0.717716,0.08577216,-0.1283973,0.004322374,-0.005898996,-56.50001
29.2,-581.8746,706.5099,-12194.49,-40.0307,52.40841,-726.586,0.6890103,-0.05051192,0.7167696,0.0946295,-0.1275568,0.002423959,-0.003311976,-56.50001
29.4,-589.8719,716.9744,-12339.39,-39.93999,52.23911,-722.4755,0.6882121,-0.05932129,0.7156274,0.1035496,-0.1247629,0.001118242,0.0002692838,-56.50001
29.6,-597.8495,727.4072,-12483.48,-39.83418,52.09492,-718.4843,0.68732,-0.06777334,0.7143729,0.1125586,-0.1244707,0.001505655,0.00281067,-56.50001
29.8,-605.8049,737.8149,-12626.79,-39.71893,51.98801,-714.5637,0.6862224,-0.07608831,0.7131075,0.1216019,-0.1239742,0.003406753,0.003052195,-56.50001
30,-613.7374,748.2042,-12769.31,-39.60792,51.90797,-710.645,0.6848783,-0.08447652,0.711873,0.1305459,-0.1231118,0.005500975,0.001204514,-56.50001
30.2,-621.6495,758.5787,-12911.05,-39.51659,51.83631,-706.7762,0.6833681,-0.09289917,0.7106446,0.1391473,-0.1208273,0.006378883,-0.00142853,-56.50001
30.4,-629.5454,768.938,-13052.03,-39.4464,51.75199,-702.9979,0.6817946,-0.1014169,0.709304,0.1475075,-0.1208266,0.005469088,-0.003135641,-56.50001
30.6,-637.429,779.2766,-13192.25,-39.38931,51.62629,-699.2321,0.6802734,-0.1099107,0.7077165,0.1558368,-0.1217355,0.00235797,-0.002064409,-56.50001
30.8,-645.3008,789.5866,-13331.72,-39.32697,51.47241,-695.4495,0.6788501,-0.118295,0.7057785,0.1644555,-0.1230608,-0.001336609,0.001001771,-56.50001
31,-653.1588,799.866,-13470.44,-39.25086,51.32547,-691.7515,0.6774976,-0.1263649,0.7035587,0.1733037,-0.1215232,-0.003781026,0.004296204,-56.50001
31.2,-661.0001,810.1191,-13608.43,-39.16023,51.21308,-688.1942,0.6761082,-0.134095,0.701209,0.1822144,-0.1206259,-0.003800017,0.006219662,-56.50001
31.4,-668.822,820.3536,-13745.71,-39.05688,51.13633,-684.6555,0.6745287,-0.1417287,0.6988595,0.1911004,-0.1206515,-0.001542314,0.005991749,-56.50001
31.6,-676.6228,830.5752,-13882.29,-38.95189,51.08157,-681.0878,0.6726589,-0.1495438,0.6965652,0.1999092,-0.1217739,0.001658105,0.004069144,-56.50001
31.8,-684.4036,840.7866,-14018.15,-38.86005,51.03243,-677.5651,0.670522,-0.157574,0.6943321,0.2085032,-0.1209219,0.004268584,0.001553719,-56.50001
32,-692.1682,850.9874,-14153.32,-38.78931,50.97284,-674.1486,0.668236,-0.1656726,0.6921152,0.2167712,-0.1192914,0.005114746,-0.0004147282,-56.50001
32.2,-699.9205,861.1742,-14287.82,-38.73498,50.8904,-670.8069,0.665911,-0.1737855,0.6897779,0.2248727,-0.1187857,0.003840505,-0.001016459,-56.50001
32.4,-707.6624,871.3419,-14421.64,-38.68351,50.78301,-667.4565,0.6636319,-0.1818069,0.687211,0.2329805,-0.1197533,0.001172359,-0.0001316016,-56.50001
32.6,-715.3936,881.4867,-14554.8,-38.62681,50.66525,-664.1201,0.6613939,-0.1897394,0.6843461,0.2413036,-0.1212644,-0.001674404,0.001658015,-56.50001
32.8,-723.1126,891.6086,-14687.3,-38.56266,50.55666,-660.8521,0.6591662,-0.1975084,0.6812353,0.2498176,-0.1212246,-0.003586778,0.003489667,-56.50001
33,-730.8184,901.7111,-14819.15,-38.49444,50.4723,-657.6838,0.6568968,-0.2050823,0.6779902,0.2583739,-0.1205196,-0.003944976,0.004445046,-56.50001
33.2,-738.51,911.799,-14950.37,-38.42086,50.41022,-654.5305,0.6544988,-0.2125865,0.6746958,0.266878,-0.1205497,-0.002696204,0.004224665,-56.50001
33.4,-746.1865,921.876,-15080.96,-38.34494,50.36168,-651.3558,0.6518909,-0.2201937,0.6713895,0.2752983,-0.1214026,-0.000500696,0.003109636,-56.50001
33.6,-753.8483,931.944,-15210.91,-38.27301,50.3179,-648.2006,0.6490526,-0.2279706,0.668084,0.2835909,-0.121951,0.00176844,0.0016557,-56.50001
33.8,-761.4963,942.0029,-15340.24,-38.20946,50.27015,-645.1055,0.6460213,-0.2358735,0.6647708,0.2917189,-0.1216913,0.003316305,0.0004305708,-56.50001
34,-769.1327,952.0513,-15468.96,-38.15613,50.21186,-642.0909,0.6428742,-0.2437912,0.661415,0.2996812,-0.1210805,0.003560211,-0.0001648219,-56.50001
34.2,-776.7591,962.0866,-15597.08,-38.10744,50.13749,-639.0975,0.6396796,-0.2516439,0.6579415,0.3075686,-0.1208831,0.002464759,6.948566e-05,-56.50001
34.4,-784.3751,972.1052,-15724.6,-38.05106,50.04668,-636.0882,0.6364547,-0.2593769,0.6542898,0.3155215,-0.1211964,0.0007452423,0.001569427,-56.50001
34.6,-791.9789,982.1049,-15851.52,-37.9861,49.94965,-633.0819,0.6331992,-0.2668649,0.650493,0.323575,-0.1201708,-0.0009625644,0.003864489,-56.50001
34.8,-799.5693,992.0855,-15977.83,-37.91739,49.8592,-630.1116,0.6299104,-0.2740237,0.6466165,0.3316791,-0.1185755,-0.002157695,0.006154522,-56.50001
35,-807.1461,1002.05,-16103.57,-37.85072,49.78513,-627.2035,0.6265525,-0.280909,0.6426956,0.3398005,-0.117915,-0.002495039,0.007738412,-56.50001
35.2,-814.71,1012.001,-16228.72,-37.78959,49.72975,-624.3427,0.6230723,-0.287674,0.6387328,0.3479151,-0.1175786,-0.001904852,0.008169952,-56.50001
35.4,-822.2622,1021.942,-16353.3,-37.73369,49.68705,-621.4749,0.6194516,-0.2944409,0.6347363,0.3559412,-0.1179002,-0.0006577766,0.007439461,-56.50001
35.6,-829.8038,1031.876,-16477.31,-37.68335,49.65055,-618.6019,0.6156967,-0.3012917,0.6307025,0.3638066,-0.1174944,0.0008067992,0.005929564,-56.50001
35.8,-837.3359,1041.803,-16600.74,-37.63828,49.61406,-615.7475,0.6118561,-0.3082058,0.6266468,0.3714232,-0.1162847,0.002042011,0.004157109,-56.50001
36,-844.8594,1051.721,-16723.61,-37.59715,49.57242,-612.9357,0.6079765,-0.3151375,0.6225629,0.3787722,-0.114983,0.002680529,0.002624162,-56.50001
36.2,-852.3749,1061.631,-16845.92,-37.55741,49.52221,-610.1758,0.6040727,-0.3220658,0.618402,0.3859387,-0.1148214,0.002511445,0.001729693,-56.50001
36.4,-859.8821,1071.53,-16967.68,-37.51472,49.4613,-607.442,0.6001491,-0.3289475,0.6141177,0.393032,-0.1145028,0.001572653,0.001685703,-56.50001
36.6,-867.3803,1081.415,-17088.9,-37.46541,49.39104,-604.7067,0.5962005,-0.3357251,0.609686,0.4001457,-0.1150569,0.0001676807,0.002462171,-56.50001
36.8,-874.8679,1091.286,-17209.57,-37.40903,49.31717,-601.975,0.5922057,-0.3423526,0.6051108,0.4073426,-0.1150081,-0.001279664,0.003857664,-56.50001
37,-882.3437,1101.142,-17329.69,-37.3488,49.24624,-599.262,0.5881673,-0.3487583,0.6004497,0.4145927,-0.1141375,-0.002446168,0.00547275,-56.50001
37.2,-889.8074,1110.985,-17449.27,-37.28881,49.18371,-596.5816,0.5840779,-0.3549277,0.5957519,0.4218519,-0.1131757,-0.00308771,0.006909212,-56.50001
37.4,-897.2595,1120.816,-17568.32,-37.23278,49.13247,-593.9391,0.5799007,-0.3609349,0.5910235,0.4291064,-0.1130971,-0.003083413,0.007828305,-56.50001
37.6,-904.7009,1130.638,-17686.85,-37.18212,49.09127,-591.317,0.5756142,-0.3668626,0.5862677,0.4363146,-0.1126789,-0.002482854,0.008041416,-56.50001
37.8,-912.1326,1140.453,-17804.85,-37.13645,49.0562,-588.693,0.5712138,-0.3727846,0.5814804,0.4434264,-0.1129934,-0.001492626,0.007570589,-56.50001
38,-919.556,1150.261,-17922.33,-37.10033,49.02298,-586.0602,0.5667203,-0.3787548,0.5766447,0.4503929,-0.1122534,-0.0005509451,0.006146943,-56.50001
38.2,-926.9736,1160.062,-18039.27,-37.07727,48.98648,-583.4048,0.5622551,-0.3847549,0.5717571,0.4570851,-0.1109072,-6.668342e-05,0.003565467,-56.50001
38.4,-934.3875,1169.855,-18155.69,-37.06189,48.94459,-580.7418,0.5578723,-0.3908357,0.5667404,0.463499,-0.1106103,-6.16239e-05,0.000447957,-56.50001
38.6,-941.7985,1179.64,-18271.57,-37.04879,48.89732,-578.0946,0.5535681,-0.3970516,0.5615069,0.4697046,-0.111392,-0.0004825741,-0.002624656,-56.50001
38.8,-949.2068,1189.414,-18386.93,-37.03284,48.84597,-575.4841,0.5493178,-0.4034102,0.5560066,0.4757802,-0.1126681,-0.00122962,-0.005136176,-56.50001
39,-956.6112,1199.178,-18501.77,-37.00949,48.79239,-572.9225,0.5451007,-0.4098471,0.5502571,0.4817755,-0.1131809,-0.002178005,-0.006642187,-56.50001
39.2,-964.0098,1208.931,-18616.1,-36.97488,48.73783,-570.4019,0.5409157,-0.4162238,0.544355,0.4876943,-0.112884,-0.00317698,-0.006834491,-56.50001
39.4,-971.4002,1218.673,-18729.93,-36.92649,48.68206,-567.8853,0.5366895,-0.4224755,0.5383511,0.4936162,-0.112673,-0.004054798,-0.005736986,-56.50001
39.6,-978.7797,1228.404,-18843.25,-36.86657,48.62641,-565.3561,0.5323941,-0.4285041,0.5323475,0.4995467,-0.1114274,-0.004693277,-0.003725365,-56.50001
39.8,-986.1464,1238.124,-18956.07,-36.80048,48.57356,-562.8231,0.527995,-0.434271,0.5264075,0.5054949,-0.1104589,-0.005034093,-0.001255505,-56.50001
40,-993.4999,1247.833,-19068.38,-36.73428,48.52585,-560.3015,0.5234406,-0.4398099,0.5205344,0.511489,-0.1102064,-0.005055397,0.001243439,-56.50001
40.2,-1000.841,1257.534,-19180.19,-36.67357,48.48459,-557.8052,0.5186902,-0.4451857,0.5147025,0.5175437,-0.1106429,-0.004767716,0.003384854,-56.50001
40.4,-1008.17,1267.228,-19291.51,-36.62305,48.45019,-555.3429,0.5137343,-0.4504657,0.5088807,0.5236393,-0.1111683,-0.004184841,0.004812682,-56.50001
40.6,-1015.491,1276.915,-19402.33,-36.5853,48.42143,-552.9104,0.5086294,-0.455679,0.5030762,0.5296859,-0.1106978,-0.003345502,0.005248161,-56.47266
40.8,-1022.805,1286.596,-19512.67,-36.55917,48.3944,-550.4824,0.5034273,-0.4608821,0.497259,0.5356138,-0.1108622,-0.00238425,0.00464145,-56.36233
41,-1030.115,1296.272,-19622.53,-36.54169,48.36587,-548.044,0.4981834,-0.4661188,0.491395,0.5413665,-0.1100689,-0.001445,0.003213206,-56.25248
41.2,-1037.422,1305.943,-19731.89,-36.52999,48.33438,-545.5999,0.4929817,-0.4713737,0.4854969,0.5468717,-0.1087265,-0.0006483158,0.001273563,-56.14312
41.4,-1044.727,1315.606,-19840.77,-36.52126,48.29955,-543.1602,0.4878634,-0.4766461,0.4795499,0.5521138,-0.1075268,-7.887749e-05,-0.000875839,-56.03423
41.6,-1052.03,1325.262,-19949.15,-36.51273,48.26161,-540.7353,0.4828309,-0.4819437,0.4735183,0.5571221,-0.1068963,0.0002024209,-0.00296188,-55.92585
41.8,-1059.332,1334.911,-20057.06,-36.49953,48.22362,-538.3445,0.4778552,-0.4872669,0.4673687,0.5619537,-0.1068106,0.000258385,-0.004461444,-55.81794
42,-1066.63,1344.552,-20164.5,-36.4771,48.18845,-536.0004,0.4728782,-0.4925793,0.4611159,0.5666779,-0.1068459,0.0001403367,-0.004842267,-55.7105
42.2,-1073.922,1354.186,-20271.46,-36.44207,48.15276,-533.6563,0.4678525,-0.4978053,0.4548205,0.5713512,-0.1064026,-0.0001751449,-0.004039074,-55.60354
42.4,-1081.206,1363.813,-20377.96,-36.39535,48.11508,-531.2896,0.4627563,-0.5028589,0.4485609,0.5760058,-0.1054398,-0.0006654605,-0.002348885,-55.49705
42.6,-1088.479,1373.432,-20483.98,-36.3409,48.07649,-528.9088,0.4575748,-0.5076845,0.4423885,0.580667,-0.1042307,-0.001289591,-0.0001279061,-55.39103
42.8,-1095.742,1383.043,-20589.52,-36.283,48.03824,-526.5255,0.4523009,-0.5122538,0.4363309,0.5853506,-0.102924,-0.001991971,0.002313425,-55.28548
43,-1102.993,1392.647,-20694.59,-36.22571,48.00154,-524.1511,0.4469336,-0.5165618,0.4303955,0.5900627,-0.1016644,-0.002707289,0.004716126,-55.18041
43.2,-1110.232,1402.244,-20799.18,-36.17275,47.96742,-521.7963,0.4414755,-0.5206243,0.4245722,0.5948009,-0.1005908,-0.003362252,0.00685388,-55.07581
43.4,-1117.462,1411.834,-20903.31,-36.1273,47.93659,-519.4693,0.435932,-0.5244762,0.4188345,0.5995546,-0.09982758,-0.003877534,0.008514155,-54.97169
43.6,-1124.684,1421.419,-21006.97,-36.09192,47.90929,-517.1757,0.4303114,-0.5281702,0.4131401,0.6043042,-0.09948613,-0.004175624,0.009486003,-54.86803
43.8,-1131.9,1430.998,-21110.18,-36.06762,47.88485,-514.9115,0.4246289,-0.531772,0.4074358,0.6090196,-0.09943941,-0.00419243,0.009606768,-54.76482
44,-1139.112,1440.573,-21212.94,-36.05136,47.85965,-512.6389,0.4189273,-0.5353333,0.4016905,0.6136471,-0.09903906,-0.003933702,0.008896108,-54.66207
44.2,-1146.321,1450.142,-21315.23,-36.04076,47.83273,-510.3497,0.4132675,-0.5388793,0.3959051,0.6181247,-0.0981923,-0.003453346,0.007571661,-54.55976
44.4,-1153.528,1459.706,-21417.07,-36.03427,47.80444,-508.0494,0.4076938,-0.5424278,0.3900836,0.6224088,-0.09705622,-0.002798575,0.005846743,-54.45792
44.6,-1160.735,1469.264,-21518.45,-36.03181,47.77533,-505.7372,0.4022391,-0.5459945,0.384233,0.6264652,-0.09564132,-0.001915728,0.003793619,-54.35654
44.8,-1167.941,1478.816,-21619.37,-36.03187,47.74593,-503.4203,0.3969268,-0.549594,0.3783637,0.6302669,-0.09406708,-0.0008655497,0.00159046,-54.25564
45,-1175.147,1488.362,-21719.82,-36.0327,47.71674,-501.1077,0.3917646,-0.5532343,0.3724835,0.6338046,-0.09247864,0.0002638907,-0.0005987156,-54.15517
45.2,-1182.354,1497.903,-21819.81,-36.03273,47.68821,-498.808,0.3867466,-0.556918,0.3665959,0.6370847,-0.09100454,0.001386051,-0.002640509,-54.05518
45.4,-1189.56,1507.438,-21919.35,-36.03053,47.66077,-496.5284,0.3818554,-0.5606415,0.3607004,0.6401272,-0.08974937,0.002410452,-0.004410849,-53.95565
45.6,-1196.766,1516.967,-22018.43,-36.02478,47.63482,-494.2745,0.3770631,-0.5643941,0.354794,0.642965,-0.08879077,0.003238724,-0.005781767,-53.85657
45.8,-1203.97,1526.492,-22117.06,-36.01429,47.61066,-492.05,0.3723326,-0.5681559,0.3488729,0.6456431,-0.08818639,0.003766379,-0.006620987,-53.75794
46,-1211.171,1536.012,-22215.25,-35.9981,47.58836,-489.8544,0.3676167,-0.5718989,0.3429322,0.6482185,-0.08802351,0.003895511,-0.006809657,-53.65975
46.2,-1218.369,1545.527,-22313,-35.97394,47.56565,-487.6582,0.3628672,-0.5755846,0.3369733,0.6507524,-0.08799531,0.003599956,-0.006321443,-53.562
46.4,-1225.56,1555.038,-22410.31,-35.94197,47.54146,-485.4471,0.3580643,-0.5791634,0.3310242,0.653286,-0.08774211,0.002953577,-0.005316293,-53.4647
46.6,-1232.745,1564.543,-22507.18,-35.90418,47.51622,-483.2249,0.3532015,-0.5825951,0.3251121,0.6558459,-0.08733435,0.002047473,-0.003977934,-53.36782
46.8,-1239.922,1574.044,-22603.6,-35.86269,47.49048,-480.9969,0.3482764,-0.5858536,0.3192537,0.6584498,-0.0868431,0.0009671035,-0.002459666,-53.2714
47,-1247.09,1583.54,-22699.58,-35.81941,47.4645,-478.7678,0.3432878,-0.588926,0.3134545,0.6611096,-0.08637475,-0.0002346043,-0.0008884798,-53.17542
47.2,-1254.25,1593.03,-22795.11,-35.77623,47.43873,-476.5428,0.3382346,-0.5918091,0.3077094,0.663833,-0.08599387,-0.001496524,0.0006389904,-53.07989
47.4,-1261.401,1602.515,-22890.19,-35.73491,47.41372,-474.3268,0.3331169,-0.5945081,0.3020076,0.6666219,-0.08572327,-0.002750717,0.002046277,-52.98481
47.6,-1268.544,1611.996,-22984.84,-35.69707,47.39016,-472.124,0.3279368,-0.5970348,0.2963369,0.669471,-0.08552507,-0.003913001,0.003274162,-52.89016
47.8,-1275.68,1621.471,-23079.04,-35.66411,47.36853,-469.9377,0.3227008,-0.5994064,0.2906872,0.6723669,-0.08536787,-0.004900302,0.004260452,-52.79595
48,-1282.81,1630.943,-23172.81,-35.63713,47.34905,-467.7703,0.3174186,-0.6016468,0.2850481,0.6752882,-0.08523472,-0.005630899,0.004937738,-52.70219
48.2,-1289.935,1640.411,-23266.15,-35.61668,47.33185,-465.6223,0.3121037,-0.6037864,0.2794089,0.6782064,-0.08509509,-0.00602966,0.005262886,-52.60885
48.4,-1297.057,1649.876,-23359.06,-35.60116,47.31673,-463.4877,0.3067675,-0.6058567,0.2737625,0.6810914,-0.08499309,-0.006098145,0.005332405,-52.51594
48.6,-1304.176,1659.338,-23451.55,-35.5891,47.30236,-461.3523,0.3014128,-0.6078886,0.2680997,0.6839184,-0.08501955,-0.005854757,0.005177802,-52.42345
48.8,-1311.293,1668.797,-23543.61,-35.57964,47.28808,-459.2114,0.2960355,-0.6099124,0.262405,0.6866684,-0.08521419,-0.005356334,0.004842119,-52.3314
49,-1318.408,1678.253,-23635.23,-35.57223,47.27377,-457.0664,0.290634,-0.6119503,0.2566676,0.689326,-0.08549564,-0.004667279,0.004376819,-52.23977
49.2,-1325.522,1687.706,-23726.43,-35.5663,47.2594,-454.9195,0.2852078,-0.6140178,0.2508808,0.6918797,-0.08583207,-0.003849472,0.003829948,-52.14857
49.4,-1332.634,1697.157,-23817.2,-35.56133,47.24498,-452.7728,0.2797567,-0.6161236,0.2450404,0.6943221,-0.08619741,-0.002958885,0.003243217,-52.05779
49.6,-1339.746,1706.604,-23907.54,-35.55679,47.23054,-450.6287,0.2742809,-0.6182711,0.239145,0.6966494,-0.08656624,-0.002045439,0.0026515,-51.96746
49.8,-1346.857,1716.049,-23997.45,-35.55221,47.21615,-448.4893,0.2687812,-0.6204593,0.2331955,0.6988611,-0.08691336,-0.001154404,0.002083527,-51.87755
50,-1353.967,1725.491,-24086.94,-35.54717,47.20186,-446.3564,0.2632589,-0.6226822,0.2271948,0.7009594,-0.08721436,-0.0003283794,0.001562969,-51.78806
50.2,-1361.076,1734.93,-24176,-35.54129,47.18774,-444.2315,0.2577166,-0.6249303,0.2211481,0.7029493,-0.08744597,0.0003908805,0.001109414,-51.69901
50.4,-1368.183,1744.366,-24264.63,-35.53424,47.17381,-442.116,0.2521575,-0.6271902,0.2150622,0.7048385,-0.08758562,0.000961953,0.000738834,-51.61037
50.6,-1375.29,1753.799,-24352.84,-35.52575,47.16013,-440.0106,0.2465863,-0.629445,0.2089457,0.706637,-0.08760829,0.001345012,0.0004632791,-51.52216
50.8,-1382.394,1763.23,-24440.63,-35.51559,47.14666,-437.9152,0.2410091,-0.6316743,0.2028091,0.7083576,-0.08750096,0.001504845,0.0002902763,-51.43436
51,-1389.496,1772.658,-24528.01,-35.50337,47.13314,-435.8264,0.2354266,-0.6338584,0.1966562,0.710017,-0.08744258,0.001419389,0.0002232114,-51.34699
51.2,-1396.595,1782.083,-24614.97,-35.48857,47.11905,-433.7366,0.2298356,-0.6359783,0.1904876,0.7116331,-0.08739965,0.001106424,0.0002558458,-51.26003
51.4,-1403.691,1791.506,-24701.5,-35.47137,47.10439,-431.644,0.2242272,-0.6380199,0.1842971,0.7132232,-0.08751037,0.0006071705,0.0003678984,-51.1735
51.6,-1410.783,1800.925,-24787.62,-35.45221,47.08936,-429.5495,0.2185912,-0.6399728,0.1780766,0.7148017,-0.08773443,-3.511e-05,0.000535716,-51.08738
51.8,-1417.872,1810.341,-24873.32,-35.43158,47.07415,-427.4539,0.2129204,-0.6418291,0.1718199,0.7163785,-0.08803865,-0.0007796728,0.0007373461,-51.00167
52,-1424.956,1819.755,-24958.61,-35.40999,47.05896,-425.3585,0.20721,-0.6435832,0.1655231,0.7179601,-0.08839521,-0.00159013,0.0009537546,-50.91639
52.2,-1432.036,1829.165,-25043.47,-35.38791,47.04396,-423.2642,0.2014576,-0.6452316,0.1591833,0.7195497,-0.08878196,-0.002435982,0.001171206,-50.83153
52.4,-1439.111,1838.572,-25127.91,-35.36575,47.0293,-421.172,0.195662,-0.6467722,0.1527992,0.721148,-0.08917923,-0.003290301,0.001378842,-50.74709
52.6,-1446.182,1847.977,-25211.94,-35.34396,47.01514,-419.083,0.189824,-0.6482049,0.1463708,0.7227537,-0.08956682,-0.004127845,0.001566162,-50.66306
52.8,-1453.249,1857.378,-25295.54,-35.32294,47.00158,-416.9982,0.1839459,-0.6495307,0.1398992,0.7243631,-0.08992759,-0.004925039,0.001725144,-50.57946
53,-1460.311,1866.777,-25378.74,-35.30305,46.98872,-414.9182,0.1780311,-0.6507526,0.1333866,0.725971,-0.09024756,-0.005659078,0.001849671,-50.49627
53.2,-1467.37,1876.174,-25461.51,-35.28453,46.97659,-412.8438,0.1720843,-0.6518747,0.1268361,0.7275706,-0.09051496,-0.006311078,0.001933522,-50.41349
53.4,-1474.425,1885.568,-25543.87,-35.26766,46.96523,-410.7753,0.1661109,-0.6529026,0.1202516,0.7291536,-0.09072237,-0.006859699,0.00197413,-50.33112
53.6,-1481.477,1894.96,-25625.82,-35.25263,46.95471,-408.7133,0.1601168,-0.6538435,0.1136375,0.7307104,-0.0908662,-0.007283743,0.001971726,-50.24918
53.8,-1488.526,1904.35,-25707.36,-35.23957,46.94501,-406.6574,0.1541077,-0.6547064,0.1069985,0.7322307,-0.09094548,-0.007564672,0.001928766,-50.16764
54,-1495.573,1913.738,-25788.49,-35.22853,46.93614,-404.6078,0.1480896,-0.6555011,0.1003402,0.7337027,-0.09095104,-0.007687855,0.001849708,-50.08651
54.2,-1502.618,1923.125,-25869.2,-35.21918,46.92779,-402.5609,0.1420686,-0.6562387,0.09366897,0.7351146,-0.09089586,-0.007647214,0.001741939,-50.0058
54.4,-1509.661,1932.509,-25949.51,-35.21119,46.92003,-400.511,0.1360472,-0.6569313,0.08699127,0.7364542,-0.09077479,-0.007410764,0.0016626,-49.92548
54.6,-1516.702,1941.893,-26029.41,-35.20443,46.91307,-398.4576,0.1300265,-0.657592,0.08032017,0.737709,-0.09055496,-0.00699454,0.001643457,-49.84559
54.8,-1523.743,1951.275,-26108.89,-35.19867,46.90681,-396.4014,0.1240079,-0.6582307,0.07366911,0.7388688,-0.090243,-0.006446746,0.001683044,-49.7661
55,-1530.782,1960.655,-26187.97,-35.19371,46.90116,-394.3435,0.1179932,-0.6588547,0.06704999,0.7399272,-0.08984926,-0.005808444,0.00177742,-49.68703
55.2,-1537.82,1970.035,-26266.63,-35.18936,46.89603,-392.2848,0.1119838,-0.6594689,0.06047294,0.7408801,-0.08938715,-0.005113375,0.001920989,-49.60837
55.4,-1544.858,1979.414,-26344.88,-35.18546,46.89132,-390.2261,0.1059812,-0.6600766,0.05394623,0.7417254,-0.08887218,-0.004388079,0.002107353,-49.53011
55.6,-1551.894,1988.792,-26422.72,-35.18187,46.88696,-388.1681,0.09998627,-0.6606795,0.04747616,0.7424631,-0.08832099,-0.003653046,0.002329788,-49.45228
55.8,-1558.93,1998.169,-26500.15,-35.1785,46.88287,-386.1117,0.09399958,-0.6612784,0.04106717,0.7430939,-0.08775047,-0.002923968,0.002581508,-49.37485
56,-1565.966,2007.545,-26577.17,-35.17522,46.87898,-384.0575,0.088021,-0.6618733,0.0347218,0.7436198,-0.0871771,-0.002213368,0.002855723,-49.29783
56.2,-1573.001,2016.92,-26653.77,-35.17196,46.87521,-382.0061,0.0820499,-0.6624637,0.0284409,0.7440435,-0.08661638,-0.001531695,0.003145602,-49.22123
56.4,-1580.035,2026.295,-26729.97,-35.16862,46.8715,-379.9579,0.07608514,-0.6630483,0.02222363,0.7443683,-0.08608239,-0.0008883392,0.003444128,-49.14503
56.6,-1587.068,2035.669,-26805.76,-35.16513,46.86778,-377.9135,0.0701252,-0.6636253,0.01606768,0.7445977,-0.08558752,-0.0002928413,0.003743702,-49.06925
56.8,-1594.101,2045.042,-26881.13,-35.16138,46.86399,-375.8731,0.06416835,-0.6641921,0.00996929,0.7447361,-0.08514214,0.0002452239,0.004036305,-48.99387
57,-1601.133,2054.414,-26956.11,-35.1573,46.86007,-373.837,0.05821276,-0.6647452,0.003923449,0.7447883,-0.0847545,0.0007156217,0.004313205,-48.91889
57.2,-1608.164,2063.786,-27030.67,-35.15278,46.85596,-371.8053,0.05225675,-0.6652805,-0.002076011,0.7447596,-0.08443065,0.001107027,0.004564682,-48.84434
57.4,-1615.194,2073.157,-27104.83,-35.14775,46.85163,-369.7783,0.0462989,-0.6657925,-0.008036285,0.7446558,-0.08417436,0.001407696,0.004780285,-48.77018
57.6,-1622.223,2082.527,-27178.58,-35.14211,46.847,-367.7557,0.04033839,-0.6662749,-0.01396547,0.7444834,-0.08398692,0.001606048,0.004947298,-48.69642
57.8,-1629.25,2091.896,-27251.93,-35.13582,46.84202,-365.7377,0.03437521,-0.6667204,-0.01987262,0.7442495,-0.08386977,0.001691439,0.005051517,-48.62307
58,-1636.277,2101.263,-27324.88,-35.12877,46.83665,-363.7238,0.02840965,-0.6671204,-0.02576806,0.7439619,-0.08383232,0.001654184,0.005081665,-48.55013
58.2,-1643.302,2110.63,-27397.42,-35.12059,46.83064,-361.7104,0.02244375,-0.6674659,-0.03166112,0.7436283,-0.08381538,0.001494528,0.005034628,-48.47758
58.4,-1650.325,2119.996,-27469.56,-35.11126,46.82397,-359.6962,0.01648408,-0.6677482,-0.0375553,0.7432564,-0.0837629,0.001234271,0.004917881,-48.40543
58.6,-1657.346,2129.36,-27541.3,-35.10094,46.81676,-357.6816,0.01053757,-0.6679605,-0.04345227,0.7428524,-0.08368338,0.0008959597,0.004739891,-48.3337
58.8,-1664.365,2138.722,-27612.63,-35.0898,46.8091,-355.6667,0.00460994,-0.6680974,-0.04935359,0.7424209,-0.08358447,0.0004995316,0.00450916,-48.26237
59,-1671.382,2148.083,-27683.56,-35.07797,46.80111,-353.6519,-0.001294188,-0.6681551,-0.05526074,0.7419658,-0.083473,6.227617e-05,0.004234007,-48.19144
59.2,-1678.396,2157.443,-27754.09,-35.06561,46.79286,-351.6373,-0.007171212,-0.6681311,-0.06117508,0.7414897,-0.0833564,-0.0004010764,0.003921639,-48.1209
59.4,-1685.408,2166.801,-27824.22,-35.05299,46.78411,-349.623,-0.01301946,-0.6680241,-0.06710073,0.7409938,-0.08331127,-0.0008613961,0.003552396,-48.05079
59.6,-1692.418,2176.156,-27893.94,-35.0403,46.77477,-347.6093,-0.01884111,-0.6678345,-0.07304886,0.7404768,-0.08338358,-0.001299775,0.003124288,-47.98105
59.8,-1699.424,2185.51,-27963.26,-35.02764,46.765,-345.596,-0.02463962,-0.6675634,-0.07903071,0.7399366,-0.08356405,-0.001709512,0.002651228,-47.91173
60,-1706.429,2194.862,-28032.18,-35.01509,46.75489,-343.5836,-0.03041836,-0.6672121,-0.08505562,0.7393702,-0.08383356,-0.002085844,0.002144646,-47.84283
60.2,-1713.431,2204.212,-28100.7,-35.00275,46.74456,-341.572,-0.03617988,-0.666782,-0.09113058,0.7387747,-0.08416817,-0.002425257,0.001613916,-47.7743
60.4,-1720.43,2213.56,-28168.81,-34.99068,46.73412,-339.5615,-0.04192566,-0.6662747,-0.09726024,0.7381468,-0.08454205,-0.002725086,0.001066702,-47.70618
60.6,-1727.427,2222.906,-28236.52,-34.97895,46.72364,-337.5522,-0.04765584,-0.6656922,-0.1034469,0.7374833,-0.08492942,-0.002983466,0.0005091814,-47.63848
60.8,-1734.422,2232.25,-28303.83,-34.96763,46.71318,-335.5443,-0.05336924,-0.6650364,-0.1096905,0.736781,-0.0853058,-0.003198989,-5.350803e-05,-47.57117
61,-1741.414,2241.591,-28370.74,-34.95676,46.7028,-333.5378,-0.05906341,-0.6643099,-0.1159892,0.736037,-0.08564912,-0.003370588,-0.0006169676,-47.50426
61.2,-1748.404,2250.931,-28437.25,-34.94639,46.69256,-331.5328,-0.06473476,-0.6635152,-0.1223394,0.7352484,-0.08594058,-0.003497599,-0.001177554,-47.43775
61.4,-1755.392,2260.268,-28503.35,-34.93655,46.6825,-329.5294,-0.07037878,-0.6626551,-0.1287358,0.7344128,-0.08616541,-0.003579657,-0.001731803,-47.37165
61.6,-1762.379,2269.604,-28569.06,-34.92726,46.67264,-327.5276,-0.07599036,-0.661733,-0.1351725,0.733528,-0.08631351,-0.003616725,-0.002276258,-47.30594
61.8,-1769.363,2278.937,-28634.36,-34.91854,46.66304,-325.5276,-0.08156411,-0.6607524,-0.1416424,0.732592,-0.08637989,-0.003609143,-0.002807528,-47.24064
62,-1776.346,2288.269,-28699.27,-34.9104,46.65371,-323.5293,-0.08709467,-0.6597168,-0.1481384,0.7316031,-0.08636501,-0.003557701,-0.003322123,-47.17573
62.2,-1783.328,2297.599,-28763.78,-34.90284,46.64471,-321.5328,-0.0925772,-0.6586303,-0.1546534,0.73056,-0.08627495,-0.00346434,-0.003816353,-47.11123
62.4,-1790.307,2306.927,-28827.88,-34.89583,46.63606,-319.538,-0.09800773,-0.6574965,-0.1611807,0.7294612,-0.08612133,-0.003332111,-0.004286192,-47.04711
62.6,-1797.286,2316.253,-28891.59,-34.88935,46.62781,-317.5451,-0.1033835,-0.6563191,-0.1677144,0.7283056,-0.08592104,-0.003164418,-0.004727182,-46.9834
62.8,-1804.263,2325.578,-28954.9,-34.88337,46.62,-315.5539,-0.1087036,-0.6551015,-0.1742498,0.7270918,-0.08569589,-0.002964986,-0.005134501,-46.9201
63,-1811.239,2334.901,-29017.81,-34.87788,46.61266,-313.5644,-0.1139688,-0.6538468,-0.1807836,0.7258187,-0.08547203,-0.002737892,-0.005502973,-46.85718
63.2,-1818.214,2344.223,-29080.33,-34.8729,46.60587,-311.577,-0.1191823,-0.6525576,-0.1873142,0.7244843,-0.08527878,-0.002487205,-0.005827654,-46.79467
63.4,-1825.189,2353.544,-29142.44,-34.86844,46.59966,-309.5919,-0.1243496,-0.6512359,-0.1938419,0.7230866,-0.08514575,-0.002217263,-0.006103639,-46.73255
63.6,-1832.162,2362.863,-29204.16,-34.86446,46.59407,-307.6089,-0.1294784,-0.6498831,-0.2003684,0.721623,-0.08509541,-0.001933224,-0.006325591,-46.67084
63.8,-1839.134,2372.181,-29265.49,-34.86093,46.5891,-305.6277,-0.1345776,-0.6485,-0.206896,0.7200907,-0.08512631,-0.001640578,-0.006488593,-46.60952
64,-1846.106,2381.499,-29326.41,-34.85781,46.58477,-303.6483,-0.1396548,-0.6470875,-0.2134249,0.7184874,-0.08518904,-0.001345235,-0.006588446,-46.54859
64.2,-1853.078,2390.815,-29386.95,-34.85507,46.58108,-301.6703,-0.1447133,-0.6456468,-0.2199496,0.7168128,-0.08519435,-0.001053593,-0.006622243,-46.48806
64.4,-1860.048,2400.131,-29447.08,-34.85265,46.57801,-299.6935,-0.1497522,-0.6441801,-0.2264593,0.7150682,-0.0851092,-0.0007720643,-0.006590738,-46.42792
64.6,-1867.019,2409.447,-29506.82,-34.8505,46.5755,-297.7179,-0.154772,-0.6426889,-0.2329457,0.7132551,-0.08501516,-0.0005064337,-0.006500566,-46.36817
64.8,-1873.989,2418.761,-29566.17,-34.84856,46.57352,-295.7433,-0.159779,-0.641173,-0.2394072,0.7113734,-0.08499321,-0.0002614111,-0.006360264,-46.30883
65,-1880.958,2428.076,-29625.12,-34.8468,46.57203,-293.7697,-0.1647815,-0.6396306,-0.245846,0.709422,-0.08504815,-4.156561e-05,-0.006176803,-46.24988
65.2,-1887.927,2437.39,-29683.68,-34.84516,46.57099,-291.7971,-0.1697861,-0.63806,-0.2522628,0.7074006,-0.0851374,0.0001498099,-0.005958132,-46.19132
65.4,-1894.896,2446.704,-29741.84,-34.84362,46.57038,-289.8257,-0.174796,-0.6364597,-0.2586556,0.7053103,-0.08521798,0.0003107724,-0.005712763,-46.13315
65.6,-1901.865,2456.019,-29799.61,-34.84213,46.57015,-287.8553,-0.1798115,-0.6348288,-0.2650203,0.7031532,-0.08526355,0.0004400117,-0.005448084,-46.07538
65.8,-1908.833,2465.333,-29856.98,-34.84067,46.57028,-285.8861,-0.1848315,-0.6331663,-0.2713521,0.7009321,-0.08526216,0.0005366898,-0.005170411,-46.01801
66,-1915.801,2474.646,-29913.96,-34.83922,46.57074,-283.9181,-0.1898539,-0.6314713,-0.2776459,0.6986503,-0.08521202,0.0006011595,-0.004885194,-45.96104
66.2,-1922.769,2483.961,-29970.55,-34.83778,46.57147,-281.9514,-0.1948766,-0.6297432,-0.2838973,0.696311,-0.08511877,0.0006362055,-0.004596983,-45.90446
66.4,-1929.736,2493.275,-30026.74,-34.83635,46.57246,-279.9858,-0.1998975,-0.6279811,-0.2901024,0.6939173,-0.08498918,0.0006438944,-0.004309117,-45.84826
66.6,-1936.703,2502.59,-30082.54,-34.83493,46.57367,-278.0215,-0.204915,-0.6261845,-0.2962584,0.6914722,-0.08483155,0.0006263641,-0.004024323,-45.79246
66.8,-1943.67,2511.905,-30137.95,-34.83352,46.57506,-276.0583,-0.2099275,-0.6243524,-0.3023632,0.6889782,-0.08465507,0.0005858258,-0.003744631,-45.73705
67,-1950.637,2521.22,-30192.97,-34.8321,46.5766,-274.0962,-0.2149342,-0.6224842,-0.3084154,0.6864377,-0.08446915,0.0005245015,-0.003471598,-45.68203
67.2,-1957.603,2530.535,-30247.59,-34.83067,46.57825,-272.1348,-0.2199346,-0.6205789,-0.3144145,0.6838524,-0.08428296,0.0004446611,-0.003206629,-45.6274
67.4,-1964.569,2539.851,-30301.82,-34.8292,46.57996,-270.1741,-0.2249286,-0.6186357,-0.3203605,0.681224,-0.08410503,0.0003484585,-0.00295077,-45.57317
67.6,-1971.535,2549.167,-30355.66,-34.82769,46.58171,-268.2138,-0.2299165,-0.6166534,-0.3262545,0.6785536,-0.08394306,0.0002379763,-0.002704886,-45.51934
67.8,-1978.5,2558.484,-30409.11,-34.82615,46.58348,-266.2541,-0.234899,-0.6146311,-0.3320976,0.6758419,-0.08380368,0.0001157,-0.00247007,-45.46589
68,-1985.465,2567.801,-30462.16,-34.82458,46.58521,-264.2947,-0.2398769,-0.6125676,-0.3378918,0.6730893,-0.08369058,-1.4706e-05,-0.002247553,-45.41283
68.2,-1992.43,2577.118,-30514.83,-34.82301,46.58678,-262.3357,-0.2448507,-0.610462,-0.3436392,0.6702958,-0.08359982,-0.0001453015,-0.002039512,-45.36017
68.4,-1999.394,2586.435,-30567.1,-34.82141,46.58816,-260.3769,-0.2498203,-0.6083139,-0.3493418,0.6674612,-0.08353088,-0.0002741612,-0.001847492,-45.3079
68.6,-2006.358,2595.753,-30618.98,-34.8198,46.58934,-258.4184,-0.2547857,-0.6061226,-0.3550017,0.6645851,-0.08348336,-0.0003998334,-0.001673147,-45.25602
68.8,-2013.322,2605.071,-30670.46,-34.81814,46.5903,-256.4601,-0.2597464,-0.6038877,-0.3606213,0.6616674,-0.08345647,-0.0005206969,-0.001518318,-45.20453
69,-2020.286,2614.389,-30721.56,-34.81643,46.59101,-254.5022,-0.2647018,-0.6016085,-0.3662029,0.6587076,-0.08344898,-0.000634938,-0.001384998,-45.15343
69.2,-2027.249,2623.708,-30772.27,-34.81466,46.59148,-252.5445,-0.2696508,-0.5992846,-0.3717489,0.6557052,-0.08345903,-0.0007405319,-0.001275296,-45.10273
69.4,-2034.211,2633.026,-30822.58,-34.8128,46.59166,-250.587,-0.2745922,-0.5969155,-0.3772615,0.6526598,-0.08348376,-0.0008352313,-0.001191378,-45.05242
69.6,-2041.174,2642.344,-30872.5,-34.81086,46.59157,-248.6298,-0.2795241,-0.5945008,-0.3827433,0.6495711,-0.08351798,-0.0009165608,-0.00113539,-45.00249
69.8,-2048.136,2651.662,-30922.03,-34.80881,46.59118,-246.6729,-0.2844442,-0.5920405,-0.3881961,0.6464391,-0.08355046,-0.0009818196,-0.00110936,-44.95296
70,-2055.097,2660.981,-30971.17,-34.80666,46.59048,-244.7162,-0.2893484,-0.5895349,-0.3936209,0.6432641,-0.0835559,-0.001028088,-0.001115036,-44.90383
70.2,-2062.059,2670.299,-31019.92,-34.80441,46.58947,-242.7598,-0.2942318,-0.5869855,-0.3990178,0.6400473,-0.08353627,-0.001052283,-0.001152382,-44.85508
70.4,-2069.019,2679.616,-31068.27,-34.8021,46.58818,-240.8039,-0.2990915,-0.5843923,-0.4043891,0.6367882,-0.08354451,-0.001051723,-0.001217688,-44.80672
70.6,-2075.979,2688.934,-31116.24,-34.79976,46.58662,-238.8484,-0.3039248,-0.5817562,-0.4097371,0.6334864,-0.08352609,-0.001025212,-0.001305928,-44.75876
70.8,-2082.939,2698.251,-31163.81,-34.79741,46.58481,-236.8935,-0.308727,-0.5790789,-0.4150611,0.6301425,-0.08347707,-0.0009740154,-0.001412174,-44.71119
71,-2089.898,2707.568,-31211,-34.79506,46.58279,-234.939,-0.3134946,-0.5763624,-0.420361,0.6267568,-0.08341087,-0.0009005672,-0.001531985,-44.66401
71.2,-2096.857,2716.884,-31257.79,-34.79271,46.58058,-232.9851,-0.3182249,-0.5736079,-0.4256371,0.6233298,-0.08333616,-0.0008074553,-0.001661444,-44.61721
71.4,-2103.815,2726.2,-31304.19,-34.79036,46.57821,-231.0316,-0.3229162,-0.5708167,-0.4308896,0.6198609,-0.08325832,-0.0006972961,-0.001797155,-44.57081
71.6,-2110.773,2735.515,-31350.2,-34.78803,46.5757,-229.0785,-0.3275669,-0.5679898,-0.436119,0.6163503,-0.08318099,-0.0005726563,-0.001936213,-44.5248
71.8,-2117.73,2744.83,-31395.82,-34.78571,46.57309,-227.1259,-0.3321764,-0.565128,-0.4413259,0.6127974,-0.08310684,-0.0004360038,-0.002076163,-44.4417
72,-2124.688,2754.145,-31441.05,-34.78341,46.57038,-225.1737,-0.336744,-0.5622321,-0.4465104,0.6092019,-0.08303794,-0.0002896927,-0.002214935,-44.31505
72.2,-2131.644,2763.458,-31485.89,-34.78113,46.56762,-223.2218,-0.3412697,-0.5593026,-0.4516729,0.6055636,-0.0829759,-0.0001358928,-0.002350858,-44.18951
72.4,-2138.6,2772.772,-31530.34,-34.77887,46.56482,-221.2704,-0.3457534,-0.55634,-0.4568136,0.6018819,-0.08292202,2.34092e-05,-0.002482589,-44.06505
72.6,-2145.555,2782.084,-31574.4,-34.77663,46.56199,-219.3194,-0.3501954,-0.5533446,-0.4619326,0.5981565,-0.08287732,0.0001864077,-0.00260907,-43.94169
72.8,-2152.51,2791.396,-31618.07,-34.7744,46.55915,-217.3687,-0.3545961,-0.5503166,-0.4670301,0.5943871,-0.0828426,0.0003514759,-0.00272948,-43.81942
73,-2159.465,2800.708,-31661.35,-34.7722,46.55632,-215.4184,-0.3589562,-0.5472563,-0.4721061,0.5905733,-0.08281851,0.0005171586,-0.002843199,-43.69823
73.2,-2166.419,2810.019,-31704.23,-34.77001,46.55352,-213.4684,-0.3632763,-0.5441636,-0.4771605,0.5867147,-0.0828055,0.0006821626,-0.002949774,-43.57815
73.4,-2173.373,2819.329,-31746.73,-34.76785,46.55077,-211.5186,-0.3675572,-0.5410386,-0.4821933,0.5828109,-0.08280393,0.0008453454,-0.003048898,-43.45914
73.6,-2180.327,2828.639,-31788.84,-34.7657,46.54806,-209.5693,-0.3717997,-0.5378811,-0.4872043,0.5788617,-0.08281402,0.001005703,-0.003140374,-43.34124
73.8,-2187.28,2837.949,-31830.56,-34.76357,46.54542,-207.6202,-0.3760047,-0.5346909,-0.4921934,0.5748667,-0.08283592,0.001163224,-0.003224933,-43.22443
74,-2194.232,2847.258,-31871.89,-34.76144,46.54285,-205.6713,-0.3801729,-0.5314679,-0.4971606,0.5708255,-0.08286972,0.001319907,-0.003305154,-43.10871
74.2,-2201.184,2856.566,-31912.83,-34.75933,46.54035,-203.7226,-0.3843049,-0.5282119,-0.502106,0.5667377,-0.08291538,0.001475165,-0.00338109,-42.99407
74.4,-2208.136,2865.874,-31953.38,-34.75721,46.53795,-201.774,-0.3884012,-0.5249225,-0.5070294,0.5626029,-0.08297284,0.001628227,-0.003452632,-42.88055
74.6,-2215.087,2875.181,-31993.54,-34.75512,46.53565,-199.8257,-0.3924623,-0.5215995,-0.511931,0.5584209,-0.08304193,0.001778342,-0.003519712,-42.76809
74.8,-2222.038,2884.488,-32033.31,-34.75303,46.53343,-197.8775,-0.3964891,-0.5182425,-0.5168107,0.5541912,-0.08312228,0.001926802,-0.003582291,-42.65673
75,-2228.988,2893.794,-32072.69,-34.75098,46.53121,-195.9295,-0.4004817,-0.5148514,-0.5216683,0.5499133,-0.08321307,0.002078453,-0.003640287,-42.54647
75.2,-2235.938,2903.1,-32111.68,-34.74895,46.529,-193.9817,-0.4044404,-0.5114263,-0.526504,0.5455866,-0.08331438,0.002233523,-0.003693601,-42.43729
75.4,-2242.888,2912.406,-32150.28,-34.74696,46.52677,-192.0341,-0.4083654,-0.5079671,-0.5313178,0.5412103,-0.08342637,0.002392013,-0.003742149,-42.32921
75.6,-2249.837,2921.711,-32188.49,-34.74499,46.52455,-190.0866,-0.4122568,-0.5044739,-0.5361097,0.5367838,-0.08354846,0.002553731,-0.00378586,-42.22222
75.8,-2256.786,2931.016,-32226.32,-34.74305,46.52232,-188.1393,-0.4161147,-0.5009466,-0.5408798,0.5323064,-0.08368004,0.002718485,-0.003824678,-42.11631
76,-2263.734,2940.32,-32263.75,-34.74114,46.52009,-186.1922,-0.4199394,-0.4973854,-0.5456278,0.5277774,-0.08382042,0.002886083,-0.003858561,-42.0115
76.2,-2270.682,2949.624,-32300.79,-34.73925,46.51786,-184.2452,-0.4237307,-0.4937903,-0.5503536,0.5231962,-0.08396893,0.003056339,-0.003887479,-41.90778
76.4,-2277.63,2958.927,-32337.45,-34.73738,46.51564,-182.2984,-0.4274888,-0.4901613,-0.5550571,0.5185623,-0.08412471,0.003229021,-0.003911411,-41.80514
76.6,-2284.577,2968.23,-32373.71,-34.73554,46.51341,-180.3517,-0.4312135,-0.4864985,-0.5597379,0.5138751,-0.08428667,0.003403789,-0.003930344,-41.7036
76.8,-2291.524,2977.532,-32409.59,-34.73371,46.5112,-178.4052,-0.4349048,-0.4828021,-0.5643955,0.5091342,-0.0844541,0.003580456,-0.003944275,-41.60316
77,-2298.471,2986.834,-32445.08,-34.7319,46.50898,-176.4588,-0.4385626,-0.479072,-0.5690297,0.5043392,-0.08462632,0.003758854,-0.003953205,-41.50379
77.2,-2305.417,2996.136,-32480.17,-34.7301,46.50678,-174.5126,-0.4421867,-0.4753086,-0.5736399,0.4994897,-0.08480264,0.003938816,-0.003957143,-41.40551
77.4,-2312.363,3005.437,-32514.88,-34.72832,46.50458,-172.5665,-0.4457768,-0.4715119,-0.5782256,0.4945854,-0.08498238,0.004120179,-0.003956096,-41.30834
77.6,-2319.308,3014.738,-32549.2,-34.72655,46.50239,-170.6206,-0.4493328,-0.4676821,-0.5827863,0.489626,-0.0851649,0.004302783,-0.00395008,-41.21224
77.8,-2326.253,3024.038,-32583.13,-34.72479,46.50021,-168.6748,-0.4528544,-0.4638194,-0.5873213,0.4846113,-0.08534951,0.004486471,-0.00393911,-41.11724
78,-2333.198,3033.338,-32616.67,-34.72304,46.49804,-166.7291,-0.4563413,-0.4599241,-0.5918301,0.479541,-0.08553556,0.004671089,-0.003923205,-41.02332
78.2,-2340.143,3042.637,-32649.82,-34.7213,46.49588,-164.7835,-0.4597931,-0.4559964,-0.5963119,0.4744151,-0.08572242,0.004856487,-0.003902385,-40.9305
78.4,-2347.087,3051.936,-32682.58,-34.71956,46.49372,-162.8381,-0.4632095,-0.4520367,-0.6007659,0.4692335,-0.08590946,0.005042515,-0.003876673,-40.83877
78.6,-2354.031,3061.235,-32714.96,-34.71783,46.49158,-160.8928,-0.4665901,-0.4480452,-0.6051916,0.4639961,-0.08609606,0.005229029,-0.003846091,-40.74813
78.8,-2360.974,3070.533,-32746.94,-34.71611,46.48946,-158.9476,-0.4699345,-0.4440222,-0.609588,0.4587029,-0.08628163,0.005415887,-0.003810663,-40.65856
79,-2367.917,3079.831,-32778.54,-34.71439,46.48734,-157.0026,-0.4732423,-0.4399682,-0.6139542,0.4533541,-0.08646557,0.005602947,-0.003770416,-40.5701
79.2,-2374.86,3089.128,-32809.74,-34.71267,46.48524,-155.0576,-0.4765129,-0.4358836,-0.6182896,0.4479496,-0.08664733,0.005790074,-0.003725373,-40.48272
79.4,-2381.802,3098.425,-32840.56,-34.71095,46.48315,-153.1128,-0.479746,-0.4317687,-0.6225933,0.4424897,-0.08682714,0.005977128,-0.003675478,-40.39643
79.6,-2388.744,3107.721,-32870.99,-34.70925,46.48107,-151.1681,-0.4829412,-0.427624,-0.6268643,0.4369745,-0.08700744,0.00616399,-0.003620384,-40.31124
79.8,-2395.686,3117.017,-32901.03,-34.70755,46.479,-149.2234,-0.486098,-0.4234497,-0.631102,0.4314039,-0.08718824,0.006350587,-0.003559946,-40.22713
80,-2402.627,3126.313,-32930.68,-34.70586,46.47695,-147.2789,-0.4892163,-0.4192463,-0.6353056,0.4257779,-0.08736933,0.006536848,-0.003494109,-40.14411
80.2,-2409.568,3135.608,-32959.94,-34.70416,46.47491,-145.3345,-0.4922956,-0.415014,-0.6394743,0.4200964,-0.08755047,0.006722705,-0.003424278,-40.06217
80.4,-2416.509,3144.903,-32988.81,-34.70244,46.47289,-143.3903,-0.4953355,-0.4107531,-0.6436074,0.4143598,-0.08773143,0.006908114,-0.003351106,-39.98133
80.6,-2423.449,3154.197,-33017.29,-34.7007,46.47089,-141.4461,-0.4983357,-0.4064639,-0.6477042,0.4085681,-0.08791196,0.007093026,-0.003274491,-39.90157
80.8,-2430.389,3163.491,-33045.39,-34.69894,46.4689,-139.502,-0.5012956,-0.4021467,-0.6517639,0.4027214,-0.0880918,0.007277389,-0.003194333,-39.82291
81,-2437.329,3172.785,-33073.09,-34.69715,46.46694,-137.558,-0.5042148,-0.3978018,-0.6557858,0.3968201,-0.08827066,0.007461147,-0.003110534,-39.74534
81.2,-2444.268,3182.078,-33100.41,-34.69536,46.46499,-135.6141,-0.5070928,-0.3934295,-0.6597691,0.3908642,-0.08844826,0.007644238,-0.003022997,-39.66884
81.4,-2451.207,3191.371,-33127.34,-34.69354,46.46306,-133.6703,-0.5099293,-0.3890303,-0.6637129,0.3848542,-0.08862425,0.007826596,-0.00293163,-39.59345
81.6,-2458.145,3200.663,-33153.88,-34.69172,46.46115,-131.7267,-0.5127236,-0.3846045,-0.6676165,0.3787901,-0.08879828,0.008008149,-0.002836344,-39.51914
81.8,-2465.083,3209.955,-33180.03,-34.68987,46.45926,-129.7831,-0.5154754,-0.3801526,-0.6714792,0.3726725,-0.08896998,0.008188822,-0.002737052,-39.44591
82,-2472.021,3219.247,-33205.79,-34.68801,46.45738,-127.8396,-0.5181842,-0.3756751,-0.6752999,0.3665015,-0.08913895,0.008368532,-0.002633672,-39.37379
82.2,-2478.958,3228.538,-33231.17,-34.68614,46.45552,-125.8961,-0.5208494,-0.3711724,-0.679078,0.3602777,-0.08930475,0.008547195,-0.002526126,-39.30274
82.4,-2485.896,3237.829,-33256.15,-34.68426,46.45368,-123.9528,-0.5234706,-0.3666452,-0.6828125,0.3540014,-0.08946692,0.00872472,-0.002414341,-39.23278
82.6,-2492.832,3247.12,-33280.75,-34.68237,46.45186,-122.0096,-0.5260473,-0.362094,-0.6865025,0.347673,-0.08962499,0.008901011,-0.002298247,-39.1639
82.8,-2499.769,3256.41,-33304.95,-34.68047,46.45005,-120.0664,-0.5285791,-0.3575194,-0.6901471,0.3412932,-0.08977845,0.009075969,-0.002177779,-39.09612
83,-2506.704,3265.7,-33328.77,-34.67855,46.44826,-118.1233,-0.5310653,-0.3529221,-0.6937455,0.3348624,-0.08992679,0.009249488,-0.00205288,-39.02944
83.2,-2513.64,3274.989,-33352.2,-34.67664,46.44648,-116.1803,-0.5335055,-0.3483029,-0.6972967,0.3283813,-0.09006948,0.009421461,-0.001923495,-38.96383
83.4,-2520.575,3284.278,-33375.25,-34.67471,46.44472,-114.2374,-0.5358992,-0.3436624,-0.7007999,0.3218505,-0.090206,0.009591775,-0.001789576,-38.89931
83.6,-2527.51,3293.567,-33397.9,-34.67278,46.44297,-112.2946,-0.5382459,-0.3390015,-0.704254,0.3152708,-0.09033579,0.009760313,-0.001651083,-38.83588
83.8,-2534.444,3302.855,-33420.16,-34.67084,46.44124,-110.3518,-0.5405449,-0.334321,-0.7076582,0.3086429,-0.09045836,0.009926954,-0.001507978,-38.77354
84,-2541.378,3312.144,-33442.04,-34.66889,46.43953,-108.4091,-0.542796,-0.3296218,-0.7110116,0.3019677,-0.09057317,0.01009157,-0.001360234,-38.71229
84.2,-2548.312,3321.431,-33463.53,-34.66695,46.43782,-106.4665,-0.5449986,-0.3249048,-0.7143131,0.2952459,-0.09067976,0.01025405,-0.001207828,-38.65212
84.4,-2555.245,3330.719,-33484.62,-34.66499,46.43614,-104.5239,-0.5471521,-0.320171,-0.717562,0.2884786,-0.09077767,0.01041424,-0.001050744,-38.59304
84.6,-2562.178,3340.006,-33505.34,-34.66304,46.43447,-102.5815,-0.5492561,-0.3154213,-0.7207572,0.2816666,-0.09086652,0.01057202,-0.0008889737,-38.53506
84.8,-2569.11,3349.292,-33525.66,-34.66108,46.43281,-100.6391,-0.5513101,-0.3106569,-0.723898,0.2748111,-0.09094597,0.01072726,-0.0007225153,-38.47816
85,-2576.042,3358.579,-33545.59,-34.65913,46.43117,-98.6967,-0.5533137,-0.3058788,-0.7269832,0.267913,-0.09101573,0.01087981,-0.000551374,-38.42234
85.2,-2582.974,3367.865,-33565.14,-34.65717,46.42953,-96.75442,-0.5552665,-0.301088,-0.7300123,0.2609735,-0.09107566,0.01102953,-0.0003755757,-38.36762
85.4,-2589.905,3377.151,-33584.29,-34.6552,46.42793,-94.8122,-0.557168,-0.2962857,-0.7329841,0.2539937,-0.09112567,0.01117629,-0.0001962416,-38.31397
85.6,-2596.836,3386.436,-33603.06,-34.65321,46.42636,-92.87004,-0.5590178,-0.2914729,-0.7358981,0.2469748,-0.0911658,0.01131998,-1.395004e-05,-38.26142
85.8,-2603.766,3395.721,-33621.44,-34.6512,46.42482,-90.92795,-0.5608156,-0.2866505,-0.7387534,0.239918,-0.09119623,0.01146047,0.0001715346,-38.20997
86,-2610.696,3405.006,-33639.43,-34.64919,46.4233,-88.98591,-0.562561,-0.2818196,-0.7415494,0.2328246,-0.09121727,0.01159765,0.0003605337,-38.15958
86.2,-2617.626,3414.291,-33657.04,-34.64718,46.42181,-87.04392,-0.5642536,-0.2769813,-0.7442853,0.2256957,-0.09122939,0.01173139,0.0005534641,-38.1103
86.4,-2624.555,3423.575,-33674.25,-34.64517,46.42033,-85.102,-0.5658934,-0.2721366,-0.7469605,0.2185325,-0.09123327,0.01186154,0.0007508486,-38.06209
86.6,-2631.484,3432.859,-33691.08,-34.64317,46.41885,-83.16013,-0.56748,-0.2672866,-0.7495742,0.2113359,-0.09122975,0.01198795,0.0009533262,-38.01497
86.8,-2638.413,3442.142,-33707.52,-34.6412,46.41737,-81.2183,-0.5690134,-0.2624324,-0.7521259,0.204107,-0.09121991,0.01211045,0.001161663,-37.96895
87,-2645.341,3451.426,-33723.57,-34.63925,46.41587,-79.27653,-0.5704935,-0.257575,-0.7546149,0.1968466,-0.09120505,0.01222887,0.001376761,-37.92402
87.2,-2652.268,3460.708,-33739.23,-34.63734,46.41435,-77.33481,-0.5719204,-0.2527156,-0.7570407,0.1895552,-0.09118674,0.01234301,0.001599126,-37.88016
87.4,-2659.196,3469.991,-33754.5,-34.63545,46.41282,-75.39314,-0.5732942,-0.2478551,-0.7594028,0.1822336,-0.09116679,0.01245266,0.001827707,-37.83741
87.6,-2666.122,3479.274,-33769.38,-34.63357,46.41129,-73.45151,-0.5746149,-0.2429942,-0.7617006,0.1748821,-0.09114729,0.01255766,0.002061004,-37.79572
87.8,-2673.049,3488.556,-33783.88,-34.63169,46.40978,-71.50993,-0.5758829,-0.2381335,-0.7639337,0.1675012,-0.09113065,0.01265787,0.00229731,-37.75513
88,-2679.975,3497.838,-33797.99,-34.6298,46.40833,-69.56839,-0.5770983,-0.2332731,-0.7661018,0.1600912,-0.09111957,0.01275317,0.002534925,-37.71563
88.2,-2686.901,3507.119,-33811.71,-34.6279,46.40689,-67.62689,-0.5782613,-0.2284132,-0.7682047,0.1526522,-0.09111704,0.01284345,0.002775524,-37.67722
88.4,-2693.826,3516.4,-33825.04,-34.62602,46.40547,-65.68543,-0.5793723,-0.2235538,-0.7702422,0.145184,-0.09112638,0.01292856,0.003019918,-37.6399
88.6,-2700.751,3525.681,-33837.98,-34.62414,46.40406,-63.74402,-0.5804319,-0.2186945,-0.7722138,0.1376861,-0.09115127,0.01300834,0.003268043,-37.60366
88.8,-2707.676,3534.962,-33850.54,-34.62254,46.40287,-61.80264,-0.5814404,-0.2138351,-0.7741192,0.1301578,-0.09118808,0.01306358,0.00351695,-37.5685
89,-2714.6,3544.243,-33862.7,-34.62254,46.40287,-59.86131,-0.5824041,-0.2089749,-0.7759532,0.1226034,-0.09118812,0.01299855,0.00374927,-37.53443
89.2,-2721.525,3553.523,-33874.48,-34.62254,46.40287,-57.91998,-0.5833263,-0.2041141,-0.7777125,0.1150265,-0.09118816,0.01292939,0.003980393,-37.50146
89.4,-2728.449,3562.804,-33885.87,-34.62254,46.40287,-55.97866,-0.5842072,-0.1992531,-0.7793968,0.1074278,-0.0911882,0.01285611,0.004210244,-37.46956
89.6,-2735.374,3572.084,-33896.87,-34.62254,46.40287,-54.03735,-0.5850467,-0.1943922,-0.781006,0.09980813,-0.09118824,0.01277875,0.004438752,-37.43876
89.8,-2742.298,3581.365,-33907.48,-34.62254,46.40287,-52.09604,-0.585845,-0.1895318,-0.7825397,0.09216817,-0.09118829,0.01269732,0.004665843,-37.40905
90,-2749.223,3590.646,-33917.71,-34.62254,46.40287,-50.15474,-0.5866022,-0.1846722,-0.7839977,0.08450869,-0.09118833,0.01261185,0.004891445,-37.38041
90.2,-2756.147,3599.926,-33927.55,-34.62254,46.40287,-48.21344,-0.5873182,-0.1798138,-0.7853798,0.07683045,-0.09118837,0.01252237,0.005115486,-37.35287
90.4,-2763.072,3609.207,-33937,-34.62254,46.40287,-46.27215,-0.5879932,-0.1749569,-0.7866858,0.06913422,-0.09118842,0.01242891,0.005337895,-37.32641
90.6,-2769.996,3618.487,-33946.05,-34.62254,46.40287,-44.33087,-0.5886273,-0.170102,-0.7879154,0.06142075,-0.09118846,0.01233149,0.005558601,-37.30105
90.8,-2776.921,3627.768,-33954.73,-34.62254,46.40287,-42.38959,-0.5892205,-0.1652493,-0.7890685,0.0536908,-0.0911885,0.01223015,0.005777533,-37.27675
91,-2783.845,3637.048,-33963.01,-34.62254,46.40287,-40.44832,-0.5897731,-0.1603992,-0.7901449,0.04594516,-0.09118854,0.01212492,0.005994623,-37.25356
91.2,-2790.77,3646.329,-33970.91,-34.62254,46.40287,-38.50705,-0.5902849,-0.155552,-0.7911443,0.03818457,-0.09118859,0.01201583,0.0062098,-37.23147
91.4,-2797.695,3655.609,-33978.41,-34.62254,46.40287,-36.56578,-0.5907562,-0.1507082,-0.7920666,0.03040982,-0.09118863,0.01190292,0.006422997,-37.21044
91.6,-2804.619,3664.89,-33985.54,-34.62254,46.40287,-34.62453,-0.591187,-0.145868,-0.7929116,0.02262167,-0.09118868,0.01178623,0.006634145,-37.19051
91.8,-2811.543,3674.171,-33992.27,-34.62254,46.40287,-32.68327,-0.5915774,-0.1410317,-0.7936791,0.01482091,-0.09118872,0.01166579,0.006843177,-37.17167
92,-2818.468,3683.451,-33998.61,-34.62254,46.40287,-30.74202,-0.5919276,-0.1361999,-0.794369,0.007008314,-0.09118877,0.01154163,0.007050027,-37.15391
92.2,-2825.393,3692.732,-34004.56,-34.62254,46.40287,-28.80077,-0.5922377,-0.1313727,-0.7949812,-0.0008153477,-0.09118882,0.01141381,0.007254628,-37.13723
92.4,-2832.317,3702.012,-34010.13,-34.62254,46.40287,-26.85953,-0.5925077,-0.1265505,-0.7955155,-0.00864929,-0.09118886,0.01128235,0.007456917,-37.12165
92.6,-2839.241,3711.293,-34015.3,-34.62254,46.40287,-24.91829,-0.5927377,-0.1217337,-0.7959716,-0.01649273,-0.09118891,0.0111473,0.007656827,-37.10715
92.8,-2846.166,3720.573,-34020.09,-34.62254,46.40287,-22.97705,-0.592928,-0.1169225,-0.7963497,-0.02434488,-0.09118895,0.01100871,0.007854297,-37.09374
93,-2853.091,3729.854,-34024.5,-34.62254,46.40287,-21.03582,-0.5930786,-0.1121174,-0.7966495,-0.03220497,-0.091189,0.01086662,0.008049261,-37.08141
93.2,-2860.015,3739.135,-34028.51,-34.62254,46.40287,-19.09459,-0.5931896,-0.1073187,-0.7968708,-0.04007219,-0.09118905,0.01072107,0.00824166,-37.07018
93.4,-2866.939,3748.415,-34032.13,-34.62254,46.40287,-17.15335,-0.5932612,-0.1025266,-0.7970136,-0.04794577,-0.09118909,0.01057212,0.008431431,-37.06002
93.6,-2873.864,3757.696,-34035.37,-34.62254,46.40287,-15.21213,-0.5932934,-0.09774163,-0.7970778,-0.05582491,-0.09118914,0.0104198,0.008618513,-37.05097
93.8,-2880.789,3766.976,-34038.22,-34.62254,46.40287,-13.2709,-0.5932865,-0.09296396,-0.7970634,-0.06370883,-0.09118919,0.01026416,0.008802849,-37.04299
94,-2887.713,3776.257,-34040.68,-34.62254,46.40287,-11.32968,-0.5932406,-0.08819397,-0.7969701,-0.07159672,-0.09118924,0.01010526,0.008984378,-37.03609
94.2,-2894.638,3785.538,-34042.75,-34.62254,46.40287,-9.388453,-0.5931557,-0.08343199,-0.7967981,-0.0794878,-0.09118928,0.009943153,0.009163043,-37.03029
94.4,-2901.562,3794.818,-34044.43,-34.62254,46.40287,-7.447232,-0.593032,-0.07867834,-0.7965471,-0.08738128,-0.09118933,0.009777878,0.009338787,-37.02558
94.6,-2908.487,3804.099,-34045.73,-34.62254,46.40287,-5.506011,-0.5928697,-0.07393333,-0.7962171,-0.09527636,-0.09118938,0.009609494,0.009511554,-37.02196
94.8,-2915.411,3813.379,-34046.64,-34.62254,46.40287,-3.564791,-0.592669,-0.0691973,-0.7958083,-0.1031722,-0.09118942,0.009438056,0.009681288,-37.01942
95,-2922.336,3822.66,-34047.16,-34.62254,46.40287,-1.623571,-0.5924298,-0.06447055,-0.7953203,-0.1110681,-0.09118947,0.009263614,0.009847937,-37.01797
95.17,-2928.221,3830.548,-34047.29,-34.62254,46.40287,0.0264658,-0.5921965,-0.06046036,-0.7948433,-0.117779,-0.09118951,0.009113021,0.009987123,-37.01758
95.2,-2929.26,3831.94,-34047.29,-34.62254,46.40287,0.3176487,-0.5921525,-0.05975341,-0.7947532,-0.1189632,-0.09118952,0.009086228,0.01001145,-37.0176
95.4,-2936.185,3841.221,-34047.03,-34.62254,46.40287,2.258868,-0.5918372,-0.05504618,-0.7941071,-0.1268567,-0.09118956,0.008905952,0.01017177,-37.01832
95.6,-2943.109,3850.501,-34046.38,-34.62254,46.40287,4.200089,-0.591484,-0.05034918,-0.7933818,-0.1347479,-0.09118961,0.008722844,0.01032884,-37.02013
95.8,-2950.034,3859.782,-34045.35,-34.62254,46.40287,6.141309,-0.5910931,-0.04566271,-0.7925774,-0.1426358,-0.09118965,0.008536962,0.01048263,-37.02303
96,-2956.958,3869.063,-34043.93,-34.62254,46.40287,8.08253,-0.5906646,-0.04098709,-0.7916939,-0.1505198,-0.0911897,0.008348366,0.01063307,-37.02701
96.17,-2962.844,3876.951,-34042.41,-34.62254,46.40287,9.732569,-0.5902709,-0.03702156,-0.7908807,-0.1572174,-0.09118974,0.008185971,0.01075828,-37.03124
96.2,-2963.883,3878.343,-34042.11,-34.62254,46.40287,10.02375,-0.5901769,-0.03663866,-0.7908167,-0.1579803,-0.06637345,0.008477821,0.01118864,-37.03208
96.4,-2970.807,3887.624,-34039.92,-34.62254,46.40287,11.96498,-0.5895647,-0.0334761,-0.7902042,-0.163921,-0.06640293,0.008321031,0.01129454,-37.03823
96.6,-2977.732,3896.904,-34037.33,-34.62254,46.40287,13.9062,-0.5889362,-0.03032112,-0.7895452,-0.1698621,-0.06643242,0.008162861,0.0113983,-37.04548
96.8,-2984.656,3906.185,-34034.36,-34.62254,46.40287,15.84743,-0.5882914,-0.02717382,-0.7888396,-0.1758032,-0.06646191,0.008003339,0.0114999,-37.05381
97,-2991.581,3915.466,-34030.99,-34.62254,46.40287,17.78866,-0.5876305,-0.02403427,-0.7880875,-0.1817441,-0.06649143,0.007842494,0.01159933,-37.06322
97.15,-2996.774,3922.426,-34028.21,-34.62199,46.40245,19.24425,-0.5871241,-0.02168475,-0.7874928,-0.1861993,-0.06651357,0.007721009,0.01167246,-37.07101
97.2,-2998.505,3924.746,-34027.24,-34.61774,46.39923,19.72697,-0.5869533,-0.02090256,-0.7872887,-0.1876842,-0.06652095,0.007680355,0.01169656,-37.07374
97.4,-3005.427,3934.024,-34023.1,-34.59869,46.38481,21.65588,-0.5862601,-0.01777878,-0.7864432,-0.1936233,-0.06655049,0.007516952,0.01179159,-37.08532
97.6,-3012.344,3943.3,-34018.57,-34.57626,46.36783,23.58124,-0.585551,-0.014663,-0.785551,-0.199561,-0.06658003,0.007352313,0.01188438,-37.09798
97.8,-3019.257,3952.571,-34013.67,-34.55035,46.34821,25.50257,-0.584826,-0.01155531,-0.7846121,-0.205497,-0.06660959,0.007186471,0.01197493,-37.11173
98,-3026.164,3961.839,-34008.38,-34.52084,46.32586,27.41934,-0.5840851,-0.0084558,-0.7836263,-0.2114307,-0.06663916,0.007019452,0.01206322,-37.12655
98.2,-3033.065,3971.102,-34002.7,-34.48764,46.3007,29.33103,-0.5833285,-0.005364539,-0.7825937,-0.2173619,-0.06666874,0.006851289,0.01214923,-37.14243
98.4,-3039.959,3980.359,-33996.64,-34.45066,46.27268,31.23709,-0.5825561,-0.002281612,-0.7815143,-0.2232902,-0.06669834,0.006682012,0.01223294,-37.1594
98.6,-3046.845,3989.61,-33990.21,-34.40982,46.24172,33.13699,-0.5817682,0.0007929004,-0.780388,-0.2292153,-0.06672794,0.006511652,0.01231435,-37.17742
98.8,-3053.723,3998.855,-33983.39,-34.36508,46.20779,35.03018,-0.5809647,0.00385892,-0.7792149,-0.2351367,-0.06675755,0.00634024,0.01239343,-37.19651
99,-3060.591,4008.093,-33976.2,-34.31639,46.17086,36.91614,-0.5801458,0.006916367,-0.7779949,-0.241054,-0.06678718,0.006167806,0.01247017,-37.21665
99.2,-3067.449,4017.323,-33968.62,-34.26371,46.13089,38.79433,-0.5793115,0.009965164,-0.7767279,-0.2469669,-0.06681682,0.005994383,0.01254456,-37.23786
99.4,-3074.296,4026.545,-33960.68,-34.20705,46.08788,40.66423,-0.5784618,0.01300523,-0.775414,-0.2528751,-0.06684648,0.005820002,0.01261658,-37.26011
99.6,-3081.132,4035.759,-33952.36,-34.14637,46.04181,42.52534,-0.577597,0.0160365,-0.7740533,-0.258778,-0.06687614,0.005644695,0.01268622,-37.28339
99.8,-3087.954,4044.962,-33943.67,-34.0817,45.99268,44.37713,-0.576717,0.01905888,-0.7726456,-0.2646755,-0.06690581,0.005468494,0.01275347,-37.30773
100,-3094.764,4054.155,-33934.61,-34.01304,45.94051,46.21912,-0.5758218,0.02207231,-0.771191,-0.270567,-0.0669355,0.005291431,0.01281831,-37.33311
100.2,-3101.559,4063.338,-33925.18,-33.9404,45.88529,48.05081,-0.5749117,0.0250767,-0.7696894,-0.2764522,-0.0669652,0.005113539,0.01288073,-37.35949
100.4,-3108.34,4072.509,-33915.39,-33.86382,45.82704,49.87173,-0.5739866,0.028072,-0.768141,-0.2823308,-0.06699491,0.004934851,0.01294072,-37.38691
100.6,-3115.104,4081.669,-33905.23,-33.78332,45.76579,51.68142,-0.5730467,0.03105811,-0.7665457,-0.2882023,-0.06702463,0.004755399,0.01299827,-37.41535
100.8,-3121.853,4090.815,-33894.71,-33.69894,45.70156,53.4794,-0.5720921,0.03403497,-0.7649035,-0.2940663,-0.06705437,0.004575216,0.01305337,-37.4448
101,-3128.584,4099.949,-33883.84,-33.61071,45.63437,55.26525,-0.5711227,0.03700251,-0.7632143,-0.2999226,-0.06708412,0.004394336,0.01310601,-37.47524
101.2,-3135.297,4109.069,-33872.61,-33.51869,45.56424,57.03852,-0.5701387,0.03996065,-0.7614784,-0.3057706,-0.06711388,0.004212791,0.01315618,-37.50669
101.4,-3141.991,4118.174,-33861.03,-33.42292,45.49123,58.79879,-0.5691402,0.04290933,-0.7596956,-0.3116101,-0.06714364,0.004030616,0.01320386,-37.53913
101.6,-3148.666,4127.265,-33849.09,-33.32345,45.41535,60.54564,-0.5681272,0.04584847,-0.757866,-0.3174406,-0.06717343,0.003847844,0.01324906,-37.57255
101.8,-3155.32,4136.34,-33836.81,-33.22033,45.33665,62.27868,-0.5670999,0.04877801,-0.7559896,-0.3232618,-0.06720322,0.003664508,0.01329175,-37.60694
102,-3161.954,4145.4,-33824.18,-33.11363,45.25516,63.99751,-0.5660582,0.05169787,-0.7540665,-0.3290733,-0.06723303,0.003480643,0.01333194,-37.64229
102.2,-3168.565,4154.442,-33811.21,-33.0034,45.17093,65.70176,-0.5650024,0.05460799,-0.7520966,-0.3348746,-0.06726284,0.003296282,0.01336962,-37.67861
102.4,-3175.155,4163.468,-33797.9,-32.8897,45.08399,67.39104,-0.5639324,0.0575083,-0.75008,-0.3406655,-0.06729268,0.00311146,0.01340477,-37.71587
102.6,-3181.721,4172.476,-33784.26,-32.77259,44.99439,69.06502,-0.5628483,0.06039874,-0.7480168,-0.3464456,-0.06732251,0.002926212,0.01343739,-37.75408
102.8,-3188.264,4181.465,-33770.28,-32.65215,44.90218,70.72334,-0.5617504,0.06327923,-0.7459071,-0.3522144,-0.06735237,0.00274057,0.01346748,-37.79322
103,-3194.782,4190.437,-33755.97,-32.52844,44.8074,72.36565,-0.5606384,0.06614971,-0.7437507,-0.3579715,-0.06738224,0.002554571,0.01349503,-37.83329
103.2,-3201.275,4199.388,-33741.33,-32.40152,44.71011,73.99166,-0.5595127,0.06901012,-0.7415479,-0.3637167,-0.06741212,0.002368248,0.01352003,-37.87427
103.4,-3207.742,4208.32,-33726.37,-32.27147,44.61033,75.60104,-0.5583733,0.0718604,-0.7392986,-0.3694495,-0.06744201,0.002181636,0.01354249,-37.91616
103.6,-3214.183,4217.232,-33711.09,-32.13836,44.50814,77.19347,-0.5572203,0.07470048,-0.7370028,-0.3751695,-0.06747191,0.00199477,0.01356238,-37.95894
103.8,-3220.597,4226.124,-33695.5,-32.00226,44.40356,78.7687,-0.5560536,0.07753029,-0.7346608,-0.3808765,-0.06750182,0.001807686,0.01357972,-38.00262
104,-3226.984,4234.994,-33679.59,-31.86324,44.29667,80.32642,-0.5548736,0.08034979,-0.7322725,-0.3865698,-0.06753175,0.001620417,0.0135945,-38.04716
104.2,-3233.343,4243.842,-33663.37,-31.72138,44.1875,81.86639,-0.5536801,0.0831589,-0.729838,-0.3922493,-0.06756169,0.001432999,0.01360671,-38.09257
104.4,-3239.672,4252.668,-33646.84,-31.57676,44.07612,83.38833,-0.5524733,0.08595756,-0.7273573,-0.3979144,-0.06759164,0.001245466,0.01361636,-38.13885
104.6,-3245.973,4261.472,-33630.01,-31.42944,43.96257,84.89201,-0.5512533,0.08874572,-0.7248306,-0.4035649,-0.0676216,0.001057855,0.01362343,-38.18596
104.8,-3252.244,4270.253,-33612.89,-31.27951,43.8469,86.37719,-0.5500202,0.09152331,-0.7222579,-0.4092003,-0.06765157,0.0008701998,0.01362794,-38.23392
105,-3258.485,4279.011,-33595.46,-31.12704,43.72918,87.84366,-0.5487739,0.09429029,-0.7196392,-0.4148203,-0.06768156,0.0006825359,0.01362987,-38.28271
105.2,-3264.695,4287.745,-33577.75,-30.97211,43.60944,89.2912,-0.5475148,0.09704658,-0.7169747,-0.4204246,-0.06771155,0.0004948987,0.01362923,-38.3323
105.4,-3270.873,4296.455,-33559.75,-30.8148,43.48776,90.71962,-0.5462428,0.09979214,-0.7142644,-0.4260125,-0.06774157,0.0003073233,0.01362602,-38.38271
105.6,-3277.02,4305.14,-33541.46,-30.65519,43.36417,92.12873,-0.5449579,0.1025269,-0.7115085,-0.431584,-0.06777159,0.0001198451,0.01362023,-38.43391
105.8,-3283.135,4313.8,-33522.9,-30.49335,43.23875,93.51835,-0.5436604,0.1052508,-0.708707,-0.4371385,-0.06780162,-6.750064e-05,0.01361188,-38.48589
106,-3289.218,4322.435,-33504.06,-30.32937,43.11154,94.88832,-0.5423503,0.1079638,-0.70586,-0.4426756,-0.06783167,-0.0002546786,0.01360095,-38.53864
106.2,-3295.267,4331.044,-33484.95,-30.16332,42.9826,96.23849,-0.5410275,0.1106659,-0.7029676,-0.4481951,-0.06786173,-0.0004416535,0.01358746,-38.59215
106.4,-3301.283,4339.628,-33465.56,-29.99529,42.85199,97.56872,-0.5396924,0.1133569,-0.7000299,-0.4536964,-0.0678918,-0.0006283899,0.01357139,-38.64643
106.6,-3307.265,4348.185,-33445.92,-29.82535,42.71975,98.87887,-0.5383449,0.1160369,-0.697047,-0.4591793,-0.06792188,-0.0008148526,0.01355277,-38.70144
106.8,-3313.213,4356.716,-33426.01,-29.65359,42.58595,100.1688,-0.5369852,0.1187058,-0.694019,-0.4646434,-0.06795198,-0.001001006,0.01353159,-38.75716
107,-3319.126,4365.22,-33405.85,-29.48008,42.45064,101.4385,-0.5356132,0.1213635,-0.6909461,-0.4700882,-0.06798209,-0.001186816,0.01350785,-38.81362
107.2,-3325.005,4373.696,-33385.44,-29.3049,42.31388,102.6877,-0.5342291,0.12401,-0.6878283,-0.4755135,-0.06801221,-0.001372246,0.01348156,-38.87078
107.4,-3330.848,4382.145,-33364.78,-29.12813,42.17572,103.9165,-0.532833,0.1266452,-0.6846657,-0.4809187,-0.06804234,-0.001557261,0.01345273,-38.92863
107.6,-3336.656,4390.566,-33343.88,-28.94985,42.03622,105.1246,-0.531425,0.1292691,-0.6814586,-0.4863036,-0.06807248,-0.001741826,0.01342135,-38.98716
107.8,-3342.428,4398.959,-33322.73,-28.77015,41.89544,106.3122,-0.5300051,0.1318816,-0.6782069,-0.4916678,-0.06810264,-0.001925907,0.01338744,-39.04636
108,-3348.164,4407.324,-33301.35,-28.58909,41.75343,107.4791,-0.5285735,0.1344827,-0.6749108,-0.4970109,-0.06813281,-0.002109467,0.013351,-39.10622
108.2,-3353.863,4415.661,-33279.74,-28.40676,41.61024,108.6252,-0.5271302,0.1370724,-0.6715705,-0.5023326,-0.06816299,-0.002292473,0.01331204,-39.16672
108.4,-3359.526,4423.968,-33257.9,-28.22323,41.46593,109.7506,-0.5256754,0.1396506,-0.668186,-0.5076323,-0.06819319,-0.002474889,0.01327056,-39.22788
108.6,-3365.153,4432.247,-33235.84,-28.03859,41.32056,110.8551,-0.524209,0.1422172,-0.6647575,-0.5129099,-0.06822339,-0.00265668,0.01322658,-39.28965
108.8,-3370.742,4440.497,-33213.56,-27.8529,41.17418,111.9389,-0.5227313,0.1447722,-0.6612852,-0.5181649,-0.06825361,-0.002837811,0.01318009,-39.35203
109,-3376.294,4448.717,-33191.07,-27.66625,41.02684,113.0018,-0.5212423,0.1473156,-0.6577692,-0.5233969,-0.06828384,-0.003018249,0.01313112,-39.41501
109.2,-3381.808,4456.907,-33168.36,-27.47872,40.8786,114.044,-0.519742,0.1498473,-0.6542096,-0.5286056,-0.06831408,-0.003197958,0.01307967,-39.47858
109.4,-3387.285,4465.068,-33145.45,-27.29036,40.72951,115.0653,-0.5182306,0.1523672,-0.6506066,-0.5337906,-0.06834434,-0.003376905,0.01302574,-39.54275
109.6,-3392.724,4473.199,-33122.34,-27.10127,40.57963,116.0659,-0.5167081,0.1548754,-0.6469603,-0.5389515,-0.06837461,-0.003555053,0.01296935,-39.60746
109.8,-3398.125,4481.3,-33099.02,-26.91152,40.429,117.0457,-0.5151747,0.1573718,-0.6432709,-0.5440879,-0.06840489,-0.003732371,0.01291052,-39.67274
110,-3403.489,4489.371,-33075.52,-26.72117,40.27768,118.0048,-0.5136304,0.1598564,-0.6395385,-0.5491996,-0.06843518,-0.003908823,0.01284924,-39.73855
110.2,-3408.814,4497.411,-33051.82,-26.53031,40.12573,118.9433,-0.5120754,0.162329,-0.6357633,-0.5542862,-0.06846549,-0.004084375,0.01278553,-39.80489
110.4,-3414.101,4505.421,-33027.95,-26.33899,39.97319,119.8611,-0.5105097,0.1647898,-0.6319454,-0.5593472,-0.0684958,-0.004258994,0.01271941,-39.87176
110.6,-3419.35,4513.4,-33003.88,-26.1473,39.82011,120.7585,-0.5089333,0.1672385,-0.6280851,-0.5643822,-0.06852613,-0.004432646,0.01265089,-39.93914
110.8,-3424.56,4521.349,-32979.64,-25.9553,39.66654,121.6354,-0.5073465,0.1696753,-0.6241825,-0.569391,-0.06855648,-0.004605297,0.01257997,-40.00701
111,-3429.732,4529.267,-32955.23,-25.76306,39.51254,122.4919,-0.5057492,0.1721,-0.6202376,-0.5743732,-0.06858683,-0.004776916,0.01250668,-40.07535
111.2,-3434.865,4537.154,-32930.64,-25.57066,39.35815,123.3282,-0.5041416,0.1745127,-0.6162509,-0.5793284,-0.0686172,-0.004947466,0.01243103,-40.14419
111.4,-3439.96,4545.01,-32905.9,-25.37814,39.20342,124.1442,-0.5025238,0.1769132,-0.6122224,-0.5842562,-0.06864759,-0.005116917,0.01235303,-40.21349
111.6,-3445.016,4552.835,-32880.99,-25.18559,39.0484,124.9402,-0.5008958,0.1793016,-0.6081522,-0.5891564,-0.06867798,-0.005285235,0.01227269,-40.28322
111.8,-3450.034,4560.629,-32855.92,-24.99307,38.89314,125.7163,-0.4992577,0.1816778,-0.6040407,-0.5940284,-0.06870838,-0.005452388,0.01219004,-40.35341
112,-3455.014,4568.393,-32830.7,-24.80064,38.73767,126.4725,-0.4976097,0.1840418,-0.5998878,-0.5988721,-0.0687388,-0.005618343,0.01210508,-40.42403
112.2,-3459.954,4576.125,-32805.34,-24.60822,38.5821,127.209,-0.4959518,0.1863935,-0.595694,-0.603687,-0.06876923,-0.005783068,0.01201784,-40.49506
112.4,-3464.857,4583.825,-32779.82,-24.41521,38.42662,127.926,-0.4942841,0.188733,-0.5914593,-0.6084727,-0.06879967,-0.005946531,0.01192833,-40.5665
112.6,-3469.72,4591.495,-32754.17,-24.22156,38.27132,128.6237,-0.4926067,0.1910601,-0.5871839,-0.6132289,-0.06883013,-0.0061087,0.01183657,-40.63833
112.8,-3474.545,4599.134,-32728.38,-24.02732,38.11623,129.3022,-0.4909196,0.1933749,-0.5828681,-0.6179553,-0.0688606,-0.006269543,0.01174257,-40.71055
113,-3479.331,4606.742,-32702.45,-23.83253,37.96141,129.9616,-0.4892231,0.1956774,-0.578512,-0.6226516,-0.06889108,-0.006429031,0.01164636,-40.78315
113.2,-3484.078,4614.318,-32676.39,-23.63724,37.8069,130.6022,-0.4875171,0.1979674,-0.5741159,-0.6273172,-0.06892157,-0.006587129,0.01154795,-40.8561
113.4,-3488.786,4621.864,-32650.21,-23.44149,37.65273,131.224,-0.4858018,0.2002451,-0.5696799,-0.631952,-0.06895208,-0.006743809,0.01144736,-40.92942
113.6,-3493.455,4629.379,-32623.9,-23.24532,37.49896,131.8273,-0.4840772,0.2025102,-0.5652043,-0.6365556,-0.0689826,-0.00689904,0.01134462,-41.00307
113.8,-3498.084,4636.864,-32597.48,-23.04877,37.34563,132.4122,-0.4823435,0.2047629,-0.5606893,-0.6411275,-0.06901313,-0.007052791,0.01123973,-41.07706
114,-3502.675,4644.318,-32570.94,-22.85189,37.19277,132.9788,-0.4806007,0.2070031,-0.5561351,-0.6456676,-0.06904368,-0.007205032,0.01113273,-41.15137
114.2,-3507.225,4651.741,-32544.29,-22.65471,37.04042,133.5274,-0.4788488,0.2092307,-0.5515418,-0.6501753,-0.06907424,-0.007355733,0.01102362,-41.22599
114.4,-3511.736,4659.134,-32517.53,-22.45727,36.88864,134.0582,-0.4770881,0.2114458,-0.5469099,-0.6546504,-0.06910481,-0.007504865,0.01091244,-41.30092
114.6,-3516.208,4666.497,-32490.67,-22.25961,36.73744,134.5713,-0.4753186,0.2136483,-0.5422394,-0.6590926,-0.06913539,-0.007652398,0.01079921,-41.37614
114.8,-3520.64,4673.829,-32463.7,-22.06177,36.58688,135.0669,-0.4735404,0.2158382,-0.5375306,-0.6635015,-0.06916599,-0.007798303,0.01068394,-41.45164
115,-3525.033,4681.131,-32436.64,-21.86379,36.43698,135.5452,-0.4717535,0.2180154,-0.5327837,-0.6678768,-0.0691966,-0.007942553,0.01056667,-41.52741
115.2,-3529.386,4688.404,-32409.48,-21.6657,36.28778,136.0064,-0.4699581,0.22018,-0.5279991,-0.672218,-0.06922722,-0.008085117,0.0104474,-41.60345
115.4,-3533.699,4695.646,-32382.24,-21.46754,36.13931,136.4507,-0.4681543,0.222332,-0.5231768,-0.6765251,-0.06925786,-0.008225968,0.01032617,-41.67974
115.6,-3537.973,4702.859,-32354.91,-21.26935,35.99162,136.8784,-0.466342,0.2244712,-0.5183172,-0.6807974,-0.0692885,-0.008365078,0.010203,-41.75626
115.8,-3542.207,4710.043,-32327.49,-21.07116,35.84473,137.2896,-0.4645216,0.2265977,-0.5134205,-0.6850348,-0.06931917,-0.00850242,0.01007792,-41.83303
116,-3546.401,4717.197,-32299.99,-20.873,35.69866,137.6845,-0.4626929,0.2287115,-0.5084869,-0.6892369,-0.06934984,-0.008637968,0.009950937,-41.91003
116.2,-3550.556,4724.323,-32272.42,-20.67492,35.55346,138.0634,-0.4608561,0.2308125,-0.5035167,-0.6934033,-0.06938053,-0.008771691,0.009822091,-41.98723
116.4,-3554.671,4731.419,-32244.77,-20.47694,35.40915,138.4265,-0.4590113,0.2329008,-0.4985102,-0.6975338,-0.06941123,-0.008903568,0.009691403,-42.06466
116.6,-3558.747,4738.486,-32217.05,-20.27909,35.26579,138.7739,-0.4571587,0.2349763,-0.4934675,-0.7016281,-0.06944194,-0.009033568,0.0095589,-42.14226
116.8,-3562.783,4745.525,-32189.26,-20.0814,35.12344,139.1059,-0.4552981,0.237039,-0.488389,-0.7056857,-0.06947266,-0.009161668,0.009424606,-42.22008
117,-3566.779,4752.536,-32161.4,-19.88392,34.9821,139.4227,-0.4534298,0.2390888,-0.483275,-0.7097064,-0.0695034,-0.009287842,0.009288549,-42.29807
117.2,-3570.736,4759.518,-32133.49,-19.68667,34.84173,139.7246,-0.4515539,0.2411258,-0.4781256,-0.7136899,-0.06953416,-0.009412064,0.009150756,-42.37623
117.4,-3574.654,4766.473,-32105.52,-19.48969,34.70235,140.0118,-0.4496705,0.24315,-0.4729412,-0.7176359,-0.06956492,-0.009534311,0.009011253,-42.45455
117.6,-3578.532,4773.399,-32077.49,-19.293,34.56399,140.2844,-0.4477795,0.2451613,-0.467722,-0.7215439,-0.0695957,-0.009654556,0.008870068,-42.53304
117.8,-3582.371,4780.298,-32049.4,-19.09664,34.42667,140.5428,-0.4458812,0.2471597,-0.4624683,-0.7254138,-0.0696265,-0.009772778,0.008727229,-42.61167
118,-3586.171,4787.17,-32021.27,-18.90063,34.29041,140.7871,-0.4439755,0.2491452,-0.4571804,-0.7292452,-0.0696573,-0.009888951,0.008582764,-42.69045
118.2,-3589.931,4794.015,-31993.09,-18.705,34.15523,141.0176,-0.4420626,0.2511179,-0.4518585,-0.7330378,-0.06968812,-0.01000305,0.008436702,-42.76935
118.4,-3593.653,4800.832,-31964.86,-18.50977,34.02115,141.2345,-0.4401427,0.2530776,-0.446503,-0.7367912,-0.06971895,-0.01011506,0.008289073,-42.84838
118.6,-3597.335,4807.623,-31936.6,-18.31496,33.8882,141.438,-0.4382156,0.2550244,-0.4411141,-0.7405052,-0.06974979,-0.01022495,0.008139904,-42.92753
118.8,-3600.979,4814.388,-31908.29,-18.12062,33.75637,141.6284,-0.4362817,0.2569582,-0.4356921,-0.7441795,-0.06978065,-0.0103327,0.007989226,-43.0068
119,-3604.584,4821.125,-31879.95,-17.92675,33.62571,141.8059,-0.4343408,0.2588791,-0.4302373,-0.7478138,-0.06981152,-0.01043829,0.007837069,-43.08616
119.2,-3608.15,4827.838,-31851.57,-17.73338,33.49622,141.9707,-0.4323932,0.2607871,-0.42475,-0.7514078,-0.06984241,-0.0105417,0.007683463,-43.16561
119.4,-3611.677,4834.524,-31823.16,-17.54053,33.36792,142.123,-0.4304389,0.2626821,-0.4192305,-0.7549611,-0.0698733,-0.01064291,0.007528439,-43.24515
119.6,-3615.166,4841.185,-31794.72,-17.34823,33.24081,142.2632,-0.4284779,0.2645641,-0.4136791,-0.7584736,-0.06990422,-0.0107419,0.007372028,-43.32479
119.8,-3618.616,4847.821,-31766.25,-17.15649,33.11493,142.3913,-0.4265105,0.2664331,-0.408096,-0.7619448,-0.06993514,-0.01083864,0.007214261,-43.40449
120,-3622.029,4854.431,-31737.76,-16.96535,32.99027,142.5076,-0.4245366,0.2682892,-0.4024817,-0.7653744,-0.06996608,-0.01093312,0.007055169,-43.48426
120.2,-3625.403,4861.017,-31709.25,-16.77481,32.86686,142.6124,-0.4225564,0.2701322,-0.3968363,-0.7687624,-0.06999703,-0.01102532,0.006894785,-43.56409
120.4,-3628.739,4867.578,-31680.72,-16.5849,32.7447,142.7058,-0.4205699,0.2719623,-0.3911603,-0.7721082,-0.070028,-0.01111521,0.00673314,-43.64399
120.6,-3632.037,4874.115,-31652.17,-16.39563,32.6238,142.7882,-0.4185773,0.2737794,-0.3854539,-0.7754116,-0.07005898,-0.01120279,0.006570267,-43.72393
120.8,-3635.297,4880.627,-31623.61,-16.20702,32.50418,142.8597,-0.4165785,0.2755835,-0.3797174,-0.7786725,-0.07008997,-0.01128804,0.006406199,-43.8039
121,-3638.52,4887.117,-31595.03,-16.0191,32.38584,142.9205,-0.4145738,0.2773745,-0.3739512,-0.7818903,-0.07012098,-0.01137093,0.006240969,-43.88393
121.2,-3641.705,4893.582,-31566.44,-15.83187,32.2688,142.9709,-0.4125631,0.2791526,-0.3681555,-0.785065,-0.07015199,-0.01145144,0.006074609,-43.96398
121.4,-3644.852,4900.024,-31537.84,-15.64536,32.15305,143.011,-0.4105466,0.2809177,-0.3623308,-0.7881961,-0.07018302,-0.01152958,0.005907153,-44.04406
121.6,-3647.963,4906.443,-31509.23,-15.45958,32.03861,143.0412,-0.4085243,0.2826697,-0.3564773,-0.7912836,-0.07021407,-0.01160531,0.005738636,-44.12415
121.8,-3651.036,4912.84,-31480.62,-15.27454,31.92548,143.0616,-0.4064963,0.2844087,-0.3505953,-0.794327,-0.07024513,-0.01167862,0.005569091,-44.20426
122,-3654.073,4919.213,-31452.01,-15.09026,31.81367,143.0724,-0.4044628,0.2861347,-0.3446852,-0.7973261,-0.07027621,-0.0117495,0.005398551,-44.28437
122.2,-3657.072,4925.565,-31423.39,-14.90676,31.70319,143.0738,-0.4024238,0.2878478,-0.3387473,-0.8002806,-0.07030729,-0.01181793,0.005227054,-44.36449
122.4,-3660.035,4931.895,-31394.78,-14.72403,31.59404,143.0661,-0.4003793,0.2895478,-0.3327819,-0.8031904,-0.0703384,-0.0118839,0.005054631,-44.44462
122.6,-3662.962,4938.203,-31366.17,-14.54211,31.48622,143.0495,-0.3983295,0.2912348,-0.3267895,-0.8060549,-0.07036951,-0.01194739,0.004881318,-44.50883
122.8,-3665.852,4944.49,-31337.56,-14.36103,31.37975,143.0245,-0.3962744,0.2929087,-0.3207702,-0.8088742,-0.07040064,-0.0120084,0.004707152,-44.53744
123,-3668.706,4950.755,-31308.96,-14.18081,31.27464,142.9914,-0.3942142,0.2945697,-0.3147245,-0.8116479,-0.07043178,-0.0120669,0.004532165,-44.56605
123.2,-3671.525,4957,-31280.37,-14.00146,31.1709,142.9504,-0.3921489,0.2962177,-0.3086528,-0.8143757,-0.07046293,-0.01212289,0.004356396,-44.59464
123.4,-3674.307,4963.224,-31251.78,-13.82299,31.06852,142.9016,-0.3900786,0.2978527,-0.3025553,-0.8170574,-0.07049411,-0.01217636,0.004179879,-44.62322
123.6,-3677.054,4969.427,-31223.21,-13.64541,30.96751,142.8454,-0.3880033,0.2994747,-0.2964324,-0.8196927,-0.0705253,-0.01222729,0.004002649,-44.6518
123.8,-3679.765,4975.61,-31194.64,-13.46873,30.86785,142.7818,-0.3859232,0.3010837,-0.2902845,-0.8222815,-0.07055649,-0.01227568,0.003824744,-44.68036
124,-3682.441,4981.774,-31166.09,-13.29295,30.76956,142.7111,-0.3838384,0.3026797,-0.2841119,-0.8248234,-0.0705877,-0.01232151,0.003646199,-44.70891
124.2,-3685.083,4987.918,-31137.56,-13.11808,30.67262,142.6334,-0.3817488,0.3042627,-0.277915,-0.8273181,-0.07061893,-0.01236477,0.003467051,-44.73745
124.4,-3687.689,4994.043,-31109.04,-12.94414,30.57705,142.549,-0.3796546,0.3058328,-0.2716941,-0.8297656,-0.07065017,-0.01240546,0.003287336,-44.76597
124.6,-3690.26,5000.149,-31080.54,-12.77111,30.48283,142.4579,-0.377556,0.3073899,-0.2654496,-0.8321655,-0.07068142,-0.01244357,0.003107092,-44.79445
124.8,-3692.797,5006.237,-31052.06,-12.59902,30.38996,142.3604,-0.3754528,0.308934,-0.2591819,-0.8345177,-0.07071269,-0.01247908,0.002926354,-44.82294
125,-3695.3,5012.305,-31023.6,-12.42786,30.29844,142.2567,-0.3733453,0.3104652,-0.2528913,-0.8368217,-0.07074397,-0.012512,0.002745161,-44.8514
125.2,-3697.768,5018.356,-30995.15,-12.25764,30.20826,142.1469,-0.3712336,0.3119835,-0.2465782,-0.8390775,-0.07077527,-0.01254231,0.002563549,-44.87984
125.4,-3700.203,5024.389,-30966.74,-12.08837,30.11942,142.0312,-0.3691176,0.3134889,-0.2402429,-0.8412849,-0.07080658,-0.01257001,0.002381556,-44.90827
125.6,-3702.604,5030.404,-30938.34,-11.92005,30.03192,141.9097,-0.3669974,0.3149813,-0.2338859,-0.8434436,-0.0708379,-0.01259509,0.002199218,-44.93665
125.8,-3704.971,5036.402,-30909.97,-11.75268,29.94575,141.7827,-0.3648732,0.3164608,-0.2275076,-0.8455533,-0.07086924,-0.01261755,0.002016574,-44.96503
126,-3707.305,5042.382,-30881.63,-11.58627,29.86091,141.6502,-0.3627451,0.3179274,-0.2211082,-0.8476139,-0.0709006,-0.01263738,0.00183366,-44.99337
126.2,-3709.606,5048.346,-30853.31,-11.42081,29.77739,141.5125,-0.360613,0.3193812,-0.2146882,-0.8496252,-0.07093196,-0.01265457,0.001650516,-45.02169
126.4,-3711.873,5054.293,-30825.03,-11.25632,29.69518,141.3697,-0.3584771,0.320822,-0.208248,-0.8515869,-0.07096335,-0.01266914,0.001467178,-45.04998
126.6,-3714.108,5060.224,-30796.77,-11.09279,29.61428,141.2219,-0.3563375,0.32225,-0.2017879,-0.8534988,-0.07099473,-0.01268106,0.001283684,-45.07824
126.8,-3716.311,5066.139,-30768.54,-10.93023,29.53468,141.0693,-0.3541942,0.3236652,-0.1953083,-0.8553607,-0.07102615,-0.01269034,0.001100072,-45.10647
127,-3718.48,5072.038,-30740.34,-10.76864,29.45638,140.912,-0.3520473,0.3250675,-0.1888096,-0.8571725,-0.07105757,-0.01269698,0.0009163807,-45.13466
127.2,-3720.618,5077.922,-30712.17,-10.60801,29.37936,140.7503,-0.3498969,0.326457,-0.1822923,-0.8589339,-0.07108901,-0.01270097,0.0007326473,-45.16283
127.4,-3722.724,5083.79,-30684.04,-10.44836,29.30362,140.5841,-0.347743,0.3278337,-0.1757566,-0.8606448,-0.07112046,-0.01270232,0.0005489102,-45.19095
127.6,-3724.797,5089.644,-30655.94,-10.28967,29.22916,140.4138,-0.3455858,0.3291976,-0.1692031,-0.8623049,-0.07115193,-0.01270101,0.0003652076,-45.21906
127.8,-3726.84,5095.482,-30627.87,-10.13196,29.15596,140.2393,-0.3434252,0.3305488,-0.162632,-0.863914,-0.07118341,-0.01269707,0.0001815774,-45.24712
128,-3728.85,5101.306,-30599.84,-9.975211,29.08401,140.0609,-0.3412615,0.3318871,-0.1560439,-0.865472,-0.07121491,-0.01269047,-1.942188e-06,-45.27515
128.2,-3730.83,5107.116,-30571.85,-9.819437,29.01332,139.8786,-0.3390946,0.3332128,-0.149439,-0.8669787,-0.07124642,-0.01268123,-0.0001853129,-45.30315
128.4,-3732.778,5112.911,-30543.89,-9.664632,28.94386,139.6926,-0.3369246,0.3345256,-0.1428178,-0.8684339,-0.07127795,-0.01266935,-0.0003684966,-45.33111
128.6,-3734.696,5118.693,-30515.97,-9.510797,28.87564,139.5031,-0.3347517,0.3358259,-0.1361807,-0.8698374,-0.07130948,-0.01265483,-0.0005514552,-45.35903
128.8,-3736.583,5124.461,-30488.09,-9.357927,28.80863,139.3101,-0.3325757,0.3371134,-0.1295281,-0.8711891,-0.07134104,-0.01263767,-0.0007341504,-45.38691
129,-3738.439,5130.217,-30460.25,-9.206025,28.74284,139.1138,-0.330397,0.3383882,-0.1228604,-0.8724887,-0.07137261,-0.01261787,-0.0009165441,-45.41476
129.2,-3740.265,5135.958,-30432.45,-9.055088,28.67825,138.9142,-0.3282154,0.3396503,-0.1161781,-0.8737362,-0.07140419,-0.01259545,-0.001098598,-45.44256
129.4,-3742.061,5141.688,-30404.68,-8.905192,28.61452,138.7116,-0.3260311,0.3408999,-0.1094815,-0.8749313,-0.07143579,-0.0125704,-0.001280275,-45.47031
129.6,-3743.827,5147.405,-30376.96,-8.756508,28.5509,138.506,-0.3238442,0.3421368,-0.102771,-0.8760739,-0.0714674,-0.01254272,-0.001461535,-45.49804
129.8,-3745.564,5153.108,-30349.28,-8.609035,28.48738,138.2976,-0.3216547,0.3433611,-0.09604706,-0.8771638,-0.07149903,-0.01251244,-0.001642342,-45.52572
130,-3747.271,5158.799,-30321.64,-8.462768,28.42396,138.0864,-0.3194627,0.3445729,-0.08931012,-0.8782009,-0.07153067,-0.01247954,-0.001822658,-45.55335
130.2,-3748.949,5164.478,-30294.05,-8.3177,28.36065,137.8725,-0.3172683,0.3457721,-0.08256058,-0.879185,-0.07156233,-0.01244404,-0.002002444,-45.58095
130.4,-3750.598,5170.144,-30266.49,-8.173828,28.29743,137.6561,-0.3150715,0.3469587,-0.07579886,-0.880116,-0.071594,-0.01240594,-0.002181662,-45.60851
130.6,-3752.219,5175.797,-30238.98,-8.031143,28.23432,137.4373,-0.3128724,0.3481328,-0.06902537,-0.8809937,-0.07162569,-0.01236526,-0.002360276,-45.63601
130.8,-3753.811,5181.438,-30211.52,-7.889641,28.17132,137.2162,-0.310671,0.3492945,-0.06224056,-0.881818,-0.07165739,-0.012322,-0.002538247,-45.66347
131,-3755.375,5187.065,-30184.1,-7.749314,28.10843,136.9928,-0.3084675,0.3504437,-0.05544483,-0.8825887,-0.07168911,-0.01227617,-0.002715538,-45.69091
131.2,-3756.91,5192.681,-30156.72,-7.610156,28.04565,136.7672,-0.3062619,0.3515804,-0.04863861,-0.8833058,-0.07172084,-0.01222778,-0.002892111,-45.71828
131.4,-3758.419,5198.284,-30129.39,-7.47216,27.98299,136.5396,-0.3040543,0.3527047,-0.04182234,-0.883969,-0.07175259,-0.01217683,-0.003067929,-45.74561
131.6,-3759.899,5203.874,-30102.11,-7.335319,27.92045,136.31,-0.3018447,0.3538166,-0.03499645,-0.8845783,-0.07178435,-0.01212335,-0.003242956,-45.77289
131.8,-3761.353,5209.452,-30074.87,-7.199625,27.85802,136.0785,-0.2996332,0.3549162,-0.02816135,-0.8851336,-0.07181612,-0.01206734,-0.003417153,-45.80013
132,-3762.779,5215.017,-30047.68,-7.065071,27.79571,135.8453,-0.2974199,0.3560033,-0.0213175,-0.8856346,-0.07184792,-0.01200881,-0.003590485,-45.82732
132.2,-3764.179,5220.57,-30020.53,-6.931651,27.73353,135.6103,-0.2952048,0.3570782,-0.01446532,-0.8860813,-0.07187972,-0.01194778,-0.003762914,-45.85447
132.4,-3765.552,5226.111,-29993.43,-6.799356,27.67147,135.3737,-0.292988,0.3581407,-0.007605253,-0.8864736,-0.07191154,-0.01188425,-0.003934403,-45.88157
132.6,-3766.899,5231.639,-29966.38,-6.668179,27.60954,135.1356,-0.2907695,0.359191,-0.000737729,-0.8868113,-0.07194338,-0.01181825,-0.004104917,-45.90862
132.8,-3768.219,5237.155,-29939.38,-6.538112,27.54773,134.896,-0.2885495,0.360229,0.006136809,-0.8870944,-0.07197523,-0.01174978,-0.004274419,-45.93563
133,-3769.514,5242.658,-29912.42,-6.409149,27.48605,134.655,-0.286328,0.3612548,0.01301792,-0.8873228,-0.0720071,-0.01167886,-0.004442873,-45.96258
133.2,-3770.783,5248.149,-29885.52,-6.28128,27.42451,134.4126,-0.284105,0.3622684,0.01990517,-0.8874964,-0.07203899,-0.0116055,-0.004610243,-45.98948
133.4,-3772.027,5253.628,-29858.66,-6.154498,27.36309,134.169,-0.2818806,0.3632698,0.02679811,-0.8876149,-0.07207088,-0.01152973,-0.004776494,-46.01635
133.6,-3773.245,5259.094,-29831.85,-6.028795,27.30181,133.9243,-0.2796549,0.3642591,0.03369629,-0.8876784,-0.07210279,-0.01145155,-0.004941589,-46.04316
133.8,-3774.438,5264.548,-29805.09,-5.904163,27.24066,133.6784,-0.277428,0.3652363,0.04059928,-0.8876868,-0.07213473,-0.01137098,-0.005105494,-46.06991
134,-3775.607,5269.991,-29778.38,-5.780594,27.17965,133.4315,-0.2751998,0.3662013,0.04750662,-0.88764,-0.07216667,-0.01128804,-0.005268174,-46.09662
134.2,-3776.75,5275.42,-29751.71,-5.65808,27.11878,133.1836,-0.2729705,0.3671543,0.05441787,-0.8875379,-0.07219862,-0.01120275,-0.005429593,-46.12328
134.4,-3777.87,5280.838,-29725.1,-5.536616,27.05806,132.9348,-0.2707401,0.3680953,0.06133258,-0.8873804,-0.0722306,-0.01111512,-0.005589718,-46.14989
134.6,-3778.965,5286.244,-29698.54,-5.416232,26.99756,132.6851,-0.2685086,0.3690242,0.06825029,-0.8871675,-0.07226259,-0.01102518,-0.005748513,-46.17646
134.8,-3780.037,5291.637,-29672.03,-5.296931,26.93729,132.4346,-0.2662762,0.3699412,0.07517057,-0.886899,-0.07229459,-0.01093294,-0.005905945,-46.20296
135,-3781.084,5297.019,-29645.57,-5.178705,26.87723,132.1834,-0.2640429,0.3708462,0.08209295,-0.8865749,-0.07232662,-0.01083842,-0.006061981,-46.22944
135.2,-3782.108,5302.388,-29619.16,-5.061543,26.81739,131.9315,-0.2618088,0.3717394,0.08901698,-0.8861952,-0.07235865,-0.01074164,-0.006216585,-46.25585
135.4,-3783.109,5307.746,-29592.79,-4.945438,26.75777,131.679,-0.2595738,0.3726206,0.09594221,-0.8857598,-0.0723907,-0.01064263,-0.006369726,-46.2822
135.6,-3784.086,5313.091,-29566.48,-4.830379,26.69838,131.4258,-0.2573381,0.3734899,0.1028682,-0.8852686,-0.07242277,-0.0105414,-0.006521369,-46.30851
135.8,-3785.041,5318.425,-29540.22,-4.716357,26.6392,131.1722,-0.2551018,0.3743474,0.1097945,-0.8847216,-0.07245485,-0.01043798,-0.006671483,-46.33477
136,-3785.973,5323.747,-29514.02,-4.603364,26.58024,130.9181,-0.2528648,0.3751932,0.1167206,-0.8841187,-0.07248695,-0.01033238,-0.006820035,-46.36098
136.2,-3786.882,5329.057,-29487.86,-4.491389,26.52149,130.6635,-0.2506272,0.3760271,0.123646,-0.8834598,-0.07251906,-0.01022463,-0.006966993,-46.38714
136.4,-3787.77,5334.355,-29461.75,-4.380424,26.46297,130.4086,-0.2483891,0.3768493,0.1305704,-0.882745,-0.07255119,-0.01011476,-0.007112324,-46.41324
136.6,-3788.635,5339.642,-29435.69,-4.270458,26.40466,130.1533,-0.2461506,0.3776598,0.1374933,-0.8819742,-0.07258333,-0.01000279,-0.007255998,-46.43931
136.8,-3789.478,5344.917,-29409.69,-4.161484,26.34657,129.8978,-0.2439117,0.3784586,0.1444141,-0.8811474,-0.0726155,-0.009888734,-0.007397984,-46.46531
137,-3790.299,5350.181,-29383.73,-4.053491,26.2887,129.642,-0.2416724,0.3792458,0.1513324,-0.8802645,-0.07264767,-0.009772626,-0.00753825,-46.49126
137.2,-3791.099,5355.433,-29357.83,-3.94647,26.23104,129.386,-0.2394328,0.3800214,0.1582479,-0.8793255,-0.07267986,-0.009654487,-0.007676767,-46.51717
137.4,-3791.878,5360.673,-29331.98,-3.840411,26.1736,129.1299,-0.2371929,0.3807854,0.1651599,-0.8783303,-0.07271207,-0.009534347,-0.007813503,-46.54302
137.6,-3792.635,5365.902,-29306.18,-3.735307,26.11637,128.8736,-0.2349529,0.3815378,0.1720681,-0.8772791,-0.0727443,-0.009412227,-0.007948429,-46.56882
137.8,-3793.372,5371.12,-29280.43,-3.631146,26.05936,128.6172,-0.2327127,0.3822787,0.178972,-0.8761717,-0.07277653,-0.009288156,-0.008081516,-46.59456
138,-3794.088,5376.326,-29254.73,-3.52792,26.00257,128.3608,-0.2304724,0.3830082,0.1858711,-0.8750081,-0.07280879,-0.009162161,-0.008212735,-46.62026
138.2,-3794.783,5381.521,-29229.09,-3.42562,25.94598,128.1044,-0.2282321,0.3837261,0.1927649,-0.8737884,-0.07284106,-0.009034267,-0.008342057,-46.64591
138.4,-3795.458,5386.705,-29203.49,-3.324237,25.88961,127.848,-0.2259917,0.3844327,0.1996531,-0.8725124,-0.07287335,-0.008904504,-0.008469454,-46.67151
138.6,-3796.113,5391.876,-29177.95,-3.22376,25.83345,127.5917,-0.2237515,0.3851278,0.206535,-0.8711803,-0.07290564,-0.008772898,-0.008594898,-46.69706
138.8,-3796.748,5397.038,-29152.46,-3.124182,25.77751,127.3354,-0.2215113,0.3858117,0.2134103,-0.869792,-0.07293797,-0.008639481,-0.008718361,-46.72254
139,-3797.363,5402.188,-29127.01,-3.025493,25.72177,127.0793,-0.2192713,0.3864841,0.2202785,-0.8683476,-0.07297029,-0.008504278,-0.008839817,-46.74799
139.2,-3797.958,5407.327,-29101.62,-2.927683,25.66624,126.8233,-0.2170315,0.3871453,0.2271391,-0.866847,-0.07300264,-0.008367321,-0.008959238,-46.77338
139.4,-3798.534,5412.454,-29076.28,-2.830745,25.61093,126.5676,-0.214792,0.3877953,0.2339917,-0.8652902,-0.07303501,-0.008228639,-0.0090766,-46.79871
139.6,-3799.091,5417.571,-29051,-2.734667,25.55582,126.312,-0.2125527,0.388434,0.2408357,-0.8636773,-0.07306739,-0.008088262,-0.009191874,-46.82401
139.8,-3799.628,5422.677,-29025.76,-2.639443,25.50092,126.0566,-0.2103138,0.3890615,0.2476708,-0.8620084,-0.07309979,-0.007946221,-0.009305038,-46.84923
140,-3800.146,5427.771,-29000.57,-2.545062,25.44623,125.8016,-0.2080752,0.3896779,0.2544964,-0.8602833,-0.0731322,-0.007802547,-0.009416064,-46.87443
140.2,-3800.646,5432.855,-28975.44,-2.451516,25.39174,125.5468,-0.2058371,0.3902832,0.261312,-0.8585023,-0.07316463,-0.007657271,-0.009524929,-46.89956
140.4,-3801.127,5437.928,-28950.36,-2.358796,25.33747,125.2923,-0.2035995,0.3908774,0.2681173,-0.8566651,-0.07319707,-0.007510426,-0.00963161,-46.92464
140.6,-3801.59,5442.99,-28925.32,-2.266893,25.28339,125.0382,-0.2013624,0.3914605,0.2749117,-0.8547721,-0.07322954,-0.007362042,-0.009736081,-46.94968
140.8,-3802.034,5448.042,-28900.34,-2.175798,25.22952,124.7844,-0.1991259,0.3920327,0.2816948,-0.8528231,-0.07326201,-0.007212153,-0.00983832,-46.97466
141,-3802.46,5453.082,-28875.41,-2.085503,25.17585,124.531,-0.1968899,0.3925938,0.2884661,-0.8508183,-0.07329451,-0.007060792,-0.009938305,-46.99959
141.2,-3802.868,5458.112,-28850.53,-1.995999,25.12239,124.278,-0.1946547,0.393144,0.2952251,-0.8487576,-0.07332702,-0.006907992,-0.01003601,-47.02447
141.4,-3803.258,5463.131,-28825.7,-1.907277,25.06912,124.0255,-0.1924201,0.3936833,0.3019714,-0.8466412,-0.07335954,-0.006753786,-0.01013142,-47.04931
141.6,-3803.631,5468.139,-28800.92,-1.819329,25.01606,123.7734,-0.1901862,0.3942117,0.3087044,-0.844469,-0.07339209,-0.006598208,-0.01022451,-47.07409
141.8,-3803.986,5473.137,-28776.19,-1.732145,24.96319,123.5217,-0.1879532,0.3947293,0.3154238,-0.8422412,-0.07342464,-0.006441294,-0.01031526,-47.09881
142,-3804.324,5478.125,-28751.51,-1.645719,24.91053,123.2705,-0.1857209,0.395236,0.322129,-0.8399578,-0.07345722,-0.006283076,-0.01040365,-47.1235
142.2,-3804.645,5483.102,-28726.88,-1.560041,24.85806,123.0199,-0.1834895,0.395732,0.3288196,-0.8376189,-0.07348981,-0.006123591,-0.01048966,-47.14812
142.4,-3804.948,5488.068,-28702.3,-1.475102,24.80579,122.7697,-0.181259,0.3962173,0.3354951,-0.8352246,-0.07352241,-0.005962873,-0.01057327,-47.17271
142.6,-3805.235,5493.024,-28677.77,-1.390896,24.75372,122.5201,-0.1790295,0.3966918,0.342155,-0.8327749,-0.07355503,-0.005800958,-0.01065446,-47.19723
142.8,-3805.504,5497.969,-28653.29,-1.307413,24.70184,122.271,-0.1768009,0.3971557,0.3487989,-0.8302699,-0.07358767,-0.005637882,-0.01073322,-47.2217
143,-3805.758,5502.905,-28628.86,-1.224645,24.65015,122.0225,-0.1745733,0.397609,0.3554263,-0.8277097,-0.07362033,-0.005473681,-0.01080952,-47.24613
143.2,-3805.994,5507.83,-28604.48,-1.142584,24.59866,121.7746,-0.1723468,0.3980516,0.3620367,-0.8250945,-0.073653,-0.005308391,-0.01088335,-47.27051
143.4,-3806.215,5512.744,-28580.15,-1.061222,24.54736,121.5272,-0.1701214,0.3984837,0.3686297,-0.8224242,-0.07368568,-0.005142049,-0.01095469,-47.29485
143.6,-3806.419,5517.648,-28555.87,-0.9805511,24.49625,121.2805,-0.1678971,0.3989053,0.3752047,-0.819699,-0.07371838,-0.004974693,-0.01102353,-47.31913
143.8,-3806.607,5522.542,-28531.64,-0.9005635,24.44533,121.0343,-0.165674,0.3993164,0.3817614,-0.8169191,-0.0737511,-0.004806358,-0.01108985,-47.34336
144,-3806.779,5527.427,-28507.46,-0.8212513,24.3946,120.7888,-0.163452,0.399717,0.3882992,-0.8140844,-0.07378384,-0.004637084,-0.01115363,-47.36754
144.2,-3806.936,5532.3,-28483.32,-0.7426065,24.34406,120.544,-0.1612313,0.4001073,0.3948177,-0.8111951,-0.07381659,-0.004466907,-0.01121487,-47.39167
144.4,-3807.076,5537.164,-28459.24,-0.6646215,24.29371,120.2998,-0.1590119,0.4004871,0.4013165,-0.8082514,-0.07384936,-0.004295865,-0.01127354,-47.41576
144.6,-3807.201,5542.018,-28435.21,-0.5872887,24.24354,120.0562,-0.1567938,0.4008566,0.407795,-0.8052534,-0.07388214,-0.004123997,-0.01132964,-47.43979
144.8,-3807.311,5546.862,-28411.22,-0.5106003,24.19356,119.8133,-0.154577,0.4012157,0.4142527,-0.8022011,-0.07391494,-0.003951341,-0.01138314,-47.46378
145,-3807.406,5551.695,-28387.28,-0.4345489,24.14376,119.5711,-0.1523616,0.4015646,0.4206893,-0.7990947,-0.07394776,-0.003777936,-0.01143405,-47.48772
145.2,-3807.485,5556.519,-28363.39,-0.3591271,24.09415,119.3296,-0.1501476,0.4019033,0.4271043,-0.7959343,-0.07398058,-0.00360382,-0.01148234,-47.51162
145.4,-3807.549,5561.333,-28339.55,-0.2843273,24.04472,119.0888,-0.147935,0.4022317,0.4334971,-0.7927201,-0.07401343,-0.003429033,-0.01152802,-47.53545
145.6,-3807.599,5566.137,-28315.75,-0.2101423,23.99547,118.8487,-0.1457238,0.40255,0.4398673,-0.7894522,-0.0740463,-0.003253614,-0.01157105,-47.55924
145.8,-3807.634,5570.931,-28292.01,-0.1365649,23.9464,118.6093,-0.1435142,0.4028581,0.4462145,-0.7861307,-0.07407918,-0.003077601,-0.01161145,-47.583
146,-3807.654,5575.716,-28268.31,-0.0635877,23.89751,118.3706,-0.1413061,0.4031562,0.4525383,-0.7827559,-0.07411208,-0.002901036,-0.01164919,-47.6067
146.2,-3807.659,5580.49,-28244.66,0.008796279,23.84879,118.1326,-0.1390996,0.4034442,0.458838,-0.7793278,-0.07414499,-0.002723957,-0.01168427,-47.63035
146.4,-3807.65,5585.255,-28221.06,0.08059414,23.80026,117.8954,-0.1368947,0.4037221,0.4651133,-0.7758466,-0.07417792,-0.002546404,-0.01171668,-47.65394
146.6,-3807.627,5590.01,-28197.5,0.1518129,23.7519,117.6589,-0.1346914,0.40399,0.4713638,-0.7723124,-0.07421087,-0.002368418,-0.01174641,-47.6775
146.8,-3807.589,5594.756,-28173.99,0.2224594,23.70372,117.4231,-0.1324897,0.404248,0.4775888,-0.7687255,-0.07424383,-0.002190039,-0.01177346,-47.70101
147,-3807.538,5599.492,-28150.53,0.2925407,23.65571,117.1881,-0.1302897,0.4044961,0.4837881,-0.765086,-0.0742768,-0.002011307,-0.01179781,-47.72446
147.2,-3807.472,5604.218,-28127.12,0.3620634,23.60787,116.9539,-0.1280915,0.4047343,0.4899612,-0.761394,-0.0743098,-0.001832261,-0.01181947,-47.74789
147.4,-3807.393,5608.935,-28103.75,0.4310343,23.56021,116.7204,-0.1258949,0.4049625,0.4961075,-0.7576498,-0.07434281,-0.001652944,-0.01183843,-47.77125
147.6,-3807.3,5613.642,-28080.43,0.49946,23.51272,116.4877,-0.1237001,0.4051811,0.5022266,-0.7538534,-0.07437584,-0.001473395,-0.01185469,-47.79458
147.8,-3807.193,5618.34,-28057.16,0.5673472,23.46539,116.2557,-0.1215071,0.4053897,0.5083181,-0.7500052,-0.07440888,-0.001293655,-0.01186823,-47.81785
148,-3807.073,5623.028,-28033.93,0.6347024,23.41824,116.0245,-0.1193159,0.4055887,0.5143816,-0.7461053,-0.07444194,-0.001113766,-0.01187906,-47.84107
148.2,-3806.939,5627.708,-28010.75,0.701532,23.37126,115.7941,-0.1171266,0.4057779,0.5204164,-0.7421539,-0.07447502,-0.0009337667,-0.01188718,-47.86425
148.4,-3806.792,5632.377,-27987.61,0.7678424,23.32444,115.5644,-0.1149391,0.4059574,0.5264224,-0.7381511,-0.07450811,-0.0007536996,-0.01189257,-47.8874
148.6,-3806.632,5637.037,-27964.52,0.83364,23.27779,115.3356,-0.1127535,0.4061273,0.5323989,-0.7340972,-0.07454122,-0.0005736054,-0.01189525,-47.91048
148.8,-3806.459,5641.688,-27941.48,0.898931,23.2313,115.1075,-0.1105699,0.4062876,0.5383455,-0.7299924,-0.07457434,-0.0003935251,-0.01189521,-47.93352
149,-3806.273,5646.33,-27918.48,0.9637216,23.18498,114.8802,-0.1083881,0.4064383,0.5442618,-0.7258368,-0.07460748,-0.0002134997,-0.01189245,-47.95652
149.2,-3806.073,5650.962,-27895.52,1.028018,23.13882,114.6536,-0.1062083,0.4065794,0.5501472,-0.7216308,-0.07464064,-3.357033e-05,-0.01188697,-47.97948
149.4,-3805.862,5655.585,-27872.62,1.091826,23.09282,114.4279,-0.1040306,0.406711,0.5560015,-0.7173745,-0.07467382,0.0001462219,-0.01187877,-48.00239
149.6,-3805.637,5660.199,-27849.75,1.155152,23.04699,114.203,-0.1018548,0.4068331,0.5618241,-0.7130681,-0.074707,0.0003258358,-0.01186785,-48.02524
149.8,-3805.4,5664.804,-27826.93,1.218001,23.00131,113.9788,-0.09968105,0.4069458,0.5676146,-0.7087119,-0.07474021,0.0005052303,-0.01185422,-48.04807
150,-3805.15,5669.4,-27804.16,1.28038,22.9558,113.7554,-0.09750935,0.4070491,0.5733725,-0.704306,-0.07477343,0.0006843642,-0.01183788,-48.07084
150.2,-3804.887,5673.986,-27781.43,1.342295,22.91044,113.5329,-0.09533974,0.4071429,0.5790975,-0.6998507,-0.07480667,0.0008631964,-0.01181883,-48.09357
150.4,-3804.613,5678.564,-27758.75,1.403751,22.86524,113.3111,-0.09317222,0.4072275,0.584789,-0.6953464,-0.07483993,0.001041686,-0.01179707,-48.11625
150.6,-3804.326,5683.132,-27736.11,1.464742,22.82017,113.0901,-0.09100682,0.4073026,0.5904467,-0.690793,-0.07487319,0.001219792,-0.01177262,-48.13889
150.8,-3804.027,5687.692,-27713.51,1.524891,22.77441,112.8699,-0.08884355,0.4073686,0.5960701,-0.6861911,-0.07490648,0.001397473,-0.01174547,-48.16149
151,-3803.716,5692.242,-27690.96,1.584023,22.72757,112.6505,-0.08668244,0.4074252,0.6016587,-0.6815407,-0.07493978,0.001574688,-0.01171564,-48.18404
151.2,-3803.394,5696.783,-27668.45,1.642151,22.67967,112.4319,-0.08452351,0.4074726,0.6072122,-0.6768421,-0.0749731,0.001751397,-0.01168312,-48.20655
151.4,-3803.059,5701.314,-27645.99,1.699293,22.63073,112.2141,-0.08236676,0.4075109,0.61273,-0.6720956,-0.07500644,0.001927559,-0.01164793,-48.22901
151.6,-3802.714,5705.835,-27623.57,1.755464,22.58076,111.9971,-0.08021224,0.40754,0.6182119,-0.6673015,-0.07503979,0.002103133,-0.01161008,-48.25144
151.8,-3802.357,5710.346,-27601.19,1.810678,22.5298,111.781,-0.07805995,0.4075599,0.6236573,-0.6624599,-0.07507315,0.002278078,-0.01156956,-48.27381
152,-3801.99,5714.847,-27578.85,1.864951,22.47786,111.5656,-0.07590991,0.4075707,0.6290659,-0.6575713,-0.07510654,0.002452354,-0.0115264,-48.29615
152.2,-3801.611,5719.337,-27556.56,1.918297,22.42495,111.351,-0.07376213,0.4075725,0.6344371,-0.6526357,-0.07513994,0.00262592,-0.0114806,-48.31844
152.4,-3801.222,5723.817,-27534.31,1.970731,22.37111,111.1373,-0.07161665,0.4075653,0.6397706,-0.6476536,-0.07517336,0.002798737,-0.01143218,-48.34069
152.6,-3800.823,5728.286,-27512.11,2.022268,22.31634,110.9243,-0.06947346,0.407549,0.645066,-0.6426252,-0.07520679,0.002970764,-0.01138113,-48.36289
152.8,-3800.414,5732.744,-27489.94,2.072921,22.26067,110.7121,-0.0673326,0.4075238,0.6503228,-0.6375508,-0.07524023,0.003141962,-0.01132749,-48.38506
153,-3799.994,5737.19,-27467.82,2.122705,22.20412,110.5007,-0.06519406,0.4074896,0.6555407,-0.6324306,-0.0752737,0.003312289,-0.01127124,-48.40717
153.2,-3799.564,5741.625,-27445.74,2.171633,22.1467,110.2902,-0.06305787,0.4074464,0.6607192,-0.6272649,-0.07530718,0.003481708,-0.01121242,-48.42925
153.4,-3799.125,5746.048,-27423.71,2.219719,22.08843,110.0804,-0.06092405,0.4073944,0.6658579,-0.6220542,-0.07534067,0.003650178,-0.01115104,-48.4513
153.6,-3798.677,5750.46,-27401.71,2.266977,22.02934,109.8714,-0.05879261,0.4073336,0.6709563,-0.6167985,-0.07537419,0.00381766,-0.0110871,-48.47329
153.8,-3798.219,5754.86,-27379.76,2.31342,21.96942,109.6632,-0.05666357,0.4072639,0.6760142,-0.6114983,-0.07540771,0.003984115,-0.01102062,-48.49525
154,-3797.751,5759.248,-27357.85,2.35906,21.90872,109.4558,-0.05453693,0.4071854,0.681031,-0.6061538,-0.07544126,0.004149503,-0.01095162,-48.51716
154.2,-3797.275,5763.624,-27335.97,2.403911,21.84723,109.2491,-0.05241272,0.4070981,0.6860064,-0.6007655,-0.07547481,0.004313787,-0.01088011,-48.53902
154.4,-3796.79,5767.987,-27314.14,2.447986,21.78499,109.0433,-0.05029094,0.4070021,0.6909401,-0.5953335,-0.07550839,0.004476928,-0.01080612,-48.56086
154.6,-3796.296,5772.337,-27292.36,2.491297,21.72199,108.8382,-0.04817161,0.4068974,0.6958314,-0.5898581,-0.07554199,0.004638887,-0.01072965,-48.58265
154.8,-3795.793,5776.676,-27270.61,2.533856,21.65827,108.6339,-0.04605475,0.406784,0.7006802,-0.5843398,-0.07557559,0.004799628,-0.01065072,-48.60439
155,-3795.282,5781.001,-27248.9,2.575658,21.59384,108.4304,-0.04394036,0.4066619,0.705486,-0.5787788,-0.07560921,0.004959111,-0.01056936,-48.62609
155.2,-3794.763,5785.313,-27227.24,2.6166,21.52871,108.2277,-0.04182845,0.4065312,0.7102484,-0.5731754,-0.07564285,0.005117299,-0.01048559,-48.64776
155.4,-3794.236,5789.612,-27205.61,2.656674,21.4629,108.0257,-0.03971905,0.4063919,0.7149669,-0.56753,-0.07567651,0.005274155,-0.01039941,-48.66939
155.6,-3793.7,5793.898,-27184.03,2.695932,21.39641,107.8245,-0.03761216,0.406244,0.7196413,-0.561843,-0.07571018,0.005429643,-0.01031085,-48.69097
155.8,-3793.157,5798.171,-27162.48,2.734405,21.32925,107.6241,-0.03550779,0.4060875,0.7242711,-0.5561146,-0.07574387,0.005583725,-0.01021994,-48.71252
156,-3792.607,5802.43,-27140.98,2.772107,21.26143,107.4244,-0.03340595,0.4059225,0.728856,-0.5503452,-0.07577758,0.005736365,-0.0101267,-48.73401
156.2,-3792.049,5806.675,-27119.51,2.80905,21.19296,107.2255,-0.03130666,0.405749,0.7333956,-0.5445352,-0.07581129,0.005887527,-0.01003113,-48.75548
156.4,-3791.483,5810.907,-27098.09,2.845246,21.12386,107.0273,-0.02920992,0.405567,0.7378894,-0.5386848,-0.07584503,0.006037176,-0.009933277,-48.77691
156.6,-3790.911,5815.125,-27076.7,2.88071,21.05415,106.8299,-0.02711575,0.4053766,0.7423372,-0.5327945,-0.07587878,0.006185276,-0.009833153,-48.7983
156.8,-3790.331,5819.329,-27055.36,2.915452,20.98384,106.6333,-0.02502415,0.4051777,0.7467386,-0.5268646,-0.07591254,0.006331792,-0.009730783,-48.81965
157,-3789.744,5823.519,-27034.05,2.949486,20.91294,106.4373,-0.02293514,0.4049705,0.7510931,-0.5208955,-0.07594632,0.006476688,-0.009626192,-48.84095
157.2,-3789.151,5827.694,-27012.78,2.982822,20.84147,106.2422,-0.02084872,0.4047548,0.7554004,-0.5148875,-0.07598012,0.006619931,-0.009519404,-48.86222
157.4,-3788.552,5831.855,-26991.55,3.015474,20.76943,106.0478,-0.0187649,0.4045308,0.7596602,-0.5088409,-0.07601394,0.006761487,-0.009410443,-48.88344
157.6,-3787.945,5836.001,-26970.36,3.047452,20.69686,105.8541,-0.0166837,0.4042985,0.7638721,-0.5027563,-0.07604776,0.006901322,-0.009299336,-48.90464
157.8,-3787.333,5840.134,-26949.21,3.078768,20.62374,105.6611,-0.01460511,0.4040578,0.7680357,-0.4966339,-0.07608161,0.007039403,-0.00918611,-48.92579
158,-3786.714,5844.251,-26928.1,3.109434,20.55011,105.4689,-0.01252916,0.4038089,0.7721507,-0.490474,-0.07611547,0.007175696,-0.009070789,-48.94691
158.2,-3786.089,5848.354,-26907.02,3.13946,20.47597,105.2774,-0.01045584,0.4035516,0.7762167,-0.4842772,-0.07614934,0.00731017,-0.008953403,-48.96798
158.4,-3785.458,5852.441,-26885.99,3.168858,20.40133,105.0866,-0.00838516,0.4032862,0.7802334,-0.4780437,-0.07618324,0.007442791,-0.008833978,-48.98902
158.6,-3784.821,5856.514,-26864.99,3.197638,20.32621,104.8966,-0.006317137,0.4030125,0.7842004,-0.471774,-0.07621714,0.00757353,-0.008712543,-49.01002
158.8,-3784.179,5860.572,-26844.03,3.225811,20.25062,104.7072,-0.004251773,0.4027306,0.7881174,-0.4654685,-0.07625107,0.007702353,-0.008589127,-49.03097
159,-3783.531,5864.614,-26823.11,3.253387,20.17457,104.5186,-0.002189077,0.4024405,0.7919841,-0.4591275,-0.076285,0.00782923,-0.00846376,-49.0519
159.2,-3782.877,5868.642,-26802.22,3.280377,20.09807,104.3307,-0.0001290541,0.4021423,0.7958,-0.4527515,-0.07631896,0.007954132,-0.00833647,-49.07278
159.4,-3782.219,5872.653,-26781.37,3.306791,20.02114,104.1435,0.001928288,0.4018359,0.799565,-0.4463408,-0.07635293,0.008077026,-0.008207288,-49.09363
159.6,-3781.555,5876.65,-26760.56,3.332639,19.94378,103.957,0.003982943,0.4015214,0.8032785,-0.4398958,-0.07638691,0.008197886,-0.008076245,-49.11443
159.8,-3780.886,5880.631,-26739.79,3.357931,19.866,103.7712,0.006034904,0.4011988,0.8069404,-0.433417,-0.07642092,0.008316681,-0.007943371,-49.13521
160,-3780.212,5884.596,-26719.05,3.382677,19.78782,103.5861,0.008084166,0.4008681,0.8105502,-0.4269048,-0.07645493,0.008433382,-0.007808701,-49.15595
160.2,-3779.533,5888.546,-26698.36,3.406886,19.70926,103.4017,0.01013072,0.4005294,0.8141077,-0.4203596,-0.07648896,0.008547961,-0.007672264,-49.17664
160.4,-3778.849,5892.48,-26677.69,3.430567,19.6303,103.218,0.01217457,0.4001826,0.8176126,-0.4137817,-0.07652301,0.008660392,-0.007534093,-49.1973
160.6,-3778.161,5896.398,-26657.07,3.45373,19.55098,103.0349,0.01421569,0.3998278,0.8210645,-0.4071717,-0.07655707,0.008770646,-0.007394223,-49.21793
160.8,-3777.468,5900.3,-26636.48,3.476384,19.4713,102.8526,0.0162541,0.399465,0.8244631,-0.4005299,-0.07659115,0.008878697,-0.007252685,-49.23852
161,-3776.77,5904.187,-26615.93,3.498538,19.39126,102.6709,0.01828977,0.3990941,0.8278081,-0.3938567,-0.07662524,0.008984518,-0.007109514,-49.25907
161.2,-3776.068,5908.057,-26595.41,3.5202,19.31088,102.4899,0.02032271,0.3987153,0.8310992,-0.3871527,-0.07665935,0.009088085,-0.006964745,-49.27959
161.4,-3775.362,5911.911,-26574.93,3.541381,19.23018,102.3096,0.02235292,0.3983286,0.8343361,-0.3804182,-0.07669348,0.009189372,-0.006818413,-49.30007
161.6,-3774.652,5915.749,-26554.49,3.562087,19.14915,102.1299,0.02438038,0.3979339,0.8375185,-0.3736536,-0.07672761,0.009288355,-0.006670552,-49.32052
161.8,-3773.937,5919.571,-26534.08,3.582328,19.0678,101.9509,0.02640509,0.3975312,0.8406461,-0.3668594,-0.07676177,0.009385008,-0.006521198,-49.34092
162,-3773.219,5923.376,-26513.71,3.602112,18.98615,101.7726,0.02842705,0.3971207,0.8437186,-0.3600361,-0.07679594,0.00947931,-0.006370387,-49.36129
162.2,-3772.496,5927.165,-26493.37,3.621447,18.90421,101.5949,0.03044625,0.3967022,0.8467357,-0.3531841,-0.07683013,0.009571237,-0.006218156,-49.38163
162.4,-3771.77,5930.938,-26473.07,3.640341,18.82198,101.4179,0.03246269,0.3962759,0.8496972,-0.3463038,-0.07686432,0.009660766,-0.006064541,-49.40194
162.6,-3771.04,5934.694,-26452.8,3.658802,18.73947,101.2415,0.03447637,0.3958417,0.8526027,-0.3393957,-0.07689854,0.009747874,-0.005909579,-49.4222
162.8,-3770.307,5938.434,-26432.57,3.676837,18.6567,101.0658,0.03648727,0.3953996,0.8554519,-0.3324602,-0.07693277,0.009832542,-0.005753308,-49.44243
163,-3769.57,5942.157,-26412.38,3.694456,18.57366,100.8907,0.0384954,0.3949497,0.8582447,-0.3254978,-0.07696702,0.009914749,-0.005595766,-49.46262
163.2,-3768.829,5945.863,-26392.21,3.711664,18.49037,100.7163,0.04050075,0.394492,0.8609807,-0.3185089,-0.07700128,0.009994475,-0.005436991,-49.48278
163.4,-3768.085,5949.553,-26372.09,3.72847,18.40684,100.5425,0.04250332,0.3940265,0.8636597,-0.3114941,-0.07703555,0.0100717,-0.005277021,-49.50291
163.6,-3767.338,5953.226,-26352,3.744881,18.32307,100.3693,0.0445031,0.3935531,0.8662813,-0.3044538,-0.07706984,0.0101464,-0.005115896,-49.523
163.8,-3766.587,5956.882,-26331.94,3.760903,18.23907,100.1967,0.0465001,0.3930719,0.8688454,-0.2973883,-0.07710415,0.01021857,-0.004953654,-49.54305
164,-3765.833,5960.521,-26311.92,3.776545,18.15485,100.0248,0.04849429,0.392583,0.8713517,-0.2902983,-0.07713848,0.01028818,-0.004790335,-49.56309
164.2,-3765.076,5964.144,-26291.93,3.791813,18.07042,99.85353,0.0504857,0.3920863,0.8737999,-0.2831842,-0.07717281,0.01035521,-0.004625979,-49.58307
164.4,-3764.317,5967.75,-26271.98,3.806713,17.98578,99.68285,0.0524743,0.3915819,0.8761898,-0.2760465,-0.07720716,0.01041966,-0.004460626,-49.60302
164.6,-3763.554,5971.338,-26252.06,3.821254,17.90095,99.51279,0.05446009,0.3910696,0.878521,-0.2688855,-0.07724153,0.0104815,-0.004294317,-49.62295
164.8,-3762.788,5974.91,-26232.17,3.83544,17.81592,99.34335,0.05644308,0.3905497,0.8807935,-0.2617019,-0.07727591,0.01054071,-0.004127091,-49.64283
165,-3762.02,5978.464,-26212.32,3.84928,17.73071,99.17451,0.05842325,0.390022,0.883007,-0.2544961,-0.07731031,0.01059729,-0.00395899,-49.66268
165.2,-3761.248,5982.002,-26192.5,3.862778,17.64532,99.00628,0.06040062,0.3894866,0.8851611,-0.2472686,-0.07734472,0.01065122,-0.003790055,-49.6825
165.4,-3760.475,5985.522,-26172.72,3.875942,17.55975,98.83865,0.06237516,0.3889434,0.8872558,-0.2400199,-0.07737914,0.01070249,-0.003620327,-49.70228
165.6,-3759.698,5989.026,-26152.97,3.888778,17.47403,98.67162,0.06434688,0.3883926,0.8892907,-0.2327504,-0.07741358,0.01075108,-0.003449849,-49.72204
165.8,-3758.919,5992.512,-26133.25,3.901292,17.38814,98.50518,0.06631577,0.387834,0.8912656,-0.2254607,-0.07744804,0.01079699,-0.003278661,-49.74175
166,-3758.137,5995.981,-26113.56,3.91349,17.30211,98.33934,0.06828184,0.3872678,0.8931804,-0.2181512,-0.07748251,0.01084019,-0.003106806,-49.76143
166.2,-3757.354,5999.433,-26093.91,3.925377,17.21593,98.17409,0.07024506,0.3866939,0.8950348,-0.2108225,-0.077517,0.01088068,-0.002934327,-49.78109
166.4,-3756.567,6002.868,-26074.29,3.93696,17.12961,98.00941,0.07220546,0.3861123,0.8968287,-0.203475,-0.0775515,0.01091845,-0.002761265,-49.80071
166.6,-3755.779,6006.285,-26054.71,3.948244,17.04315,97.84533,0.07416302,0.385523,0.8985617,-0.1961093,-0.07758602,0.01095349,-0.002587664,-49.82029
166.8,-3754.988,6009.685,-26035.16,3.959235,16.95657,97.68183,0.07611773,0.3849261,0.9002336,-0.1887258,-0.07762054,0.01098579,-0.002413566,-49.83985
167,-3754.195,6013.067,-26015.64,3.969939,16.86987,97.5189,0.0780696,0.3843215,0.9018444,-0.1813251,-0.07765509,0.01101534,-0.002239014,-49.85937
167.2,-3753.4,6016.433,-25996.15,3.980361,16.78305,97.35654,0.08001861,0.3837092,0.9033938,-0.1739077,-0.07768966,0.01104214,-0.002064052,-49.87885
167.4,-3752.603,6019.781,-25976.7,3.990505,16.69612,97.19476,0.08196477,0.3830893,0.9048817,-0.1664741,-0.07772423,0.01106618,-0.001888723,-49.89831
167.6,-3751.804,6023.111,-25957.27,4.000379,16.60909,97.03354,0.08390807,0.3824617,0.9063077,-0.1590247,-0.07775882,0.01108745,-0.001713069,-49.91773
167.8,-3751.003,6026.424,-25937.88,4.009985,16.52196,96.87289,0.08584851,0.3818265,0.9076718,-0.1515602,-0.07779342,0.01110594,-0.001537135,-49.93712
168,-3750.2,6029.72,-25918.52,4.019331,16.43473,96.71279,0.08778609,0.3811836,0.9089738,-0.144081,-0.07782804,0.01112165,-0.001360965,-49.95647
168.2,-3749.395,6032.998,-25899.2,4.02842,16.34741,96.55325,0.08972079,0.3805331,0.9102135,-0.1365876,-0.07786268,0.01113459,-0.001184602,-49.97581
168.4,-3748.589,6036.259,-25879.9,4.037258,16.26001,96.39428,0.09165262,0.3798749,0.9113907,-0.1290807,-0.07789733,0.01114474,-0.00100809,-49.99509
168.6,-3747.78,6039.502,-25860.64,4.045849,16.17253,96.23585,0.09358156,0.3792092,0.9125053,-0.1215606,-0.07793199,0.0111521,-0.0008314722,-50.01436
168.8,-3746.97,6042.728,-25841.41,4.054053,16.08521,96.07796,0.09550764,0.3785357,0.9135571,-0.114028,-0.07796667,0.01115666,-0.0006547939,-50.03359
169,-3746.159,6045.937,-25822.21,4.061405,15.99884,95.92057,0.09743082,0.3778547,0.914546,-0.1064833,-0.07800136,0.01115844,-0.0004780985,-50.05279
169.2,-3745.346,6049.127,-25803.04,4.067886,15.91346,95.76368,0.09935111,0.377166,0.9154718,-0.09892703,-0.07803607,0.01115742,-0.0003014303,-50.07197
169.4,-3744.532,6052.302,-25783.9,4.073514,15.82905,95.60729,0.1012685,0.3764696,0.9163344,-0.09135982,-0.07807079,0.01115362,-0.0001248333,-50.0911
169.6,-3743.717,6055.459,-25764.8,4.078307,15.74559,95.45141,0.103183,0.3757657,0.9171336,-0.08378214,-0.07810553,0.01114701,5.16482e-05,-50.11021
169.8,-3742.9,6058.6,-25745.72,4.082281,15.66307,95.29603,0.1050946,0.3750541,0.9178693,-0.07619455,-0.07814028,0.01113762,0.0002279701,-50.12928
170,-3742.084,6061.725,-25726.68,4.085453,15.58146,95.14114,0.1070033,0.3743348,0.9185413,-0.06859758,-0.07817505,0.01112544,0.0004040882,-50.14832
170.2,-3741.266,6064.833,-25707.66,4.087839,15.50077,94.98677,0.108909,0.3736079,0.9191496,-0.06099176,-0.07820982,0.01111048,0.0005799583,-50.16733
170.4,-3740.448,6067.925,-25688.68,4.089457,15.42096,94.83289,0.1108119,0.3728734,0.9196939,-0.05337763,-0.07824463,0.01109273,0.0007555363,-50.18632
170.6,-3739.631,6071.001,-25669.73,4.09032,15.34202,94.67952,0.1127118,0.3721313,0.9201744,-0.04575573,-0.07827944,0.01107221,0.0009307779,-50.20527
170.8,-3738.812,6074.062,-25650.81,4.090446,15.26395,94.52664,0.1146087,0.3713814,0.9205906,-0.03812662,-0.07831426,0.01104891,0.001105639,-50.22419
171,-3737.994,6077.107,-25631.92,4.08985,15.18672,94.37427,0.1165028,0.370624,0.9209426,-0.03049083,-0.0783491,0.01102285,0.001280076,-50.24308
171.2,-3737.177,6080.137,-25613.06,4.088547,15.11031,94.22239,0.1183939,0.3698589,0.9212303,-0.0228489,-0.07838395,0.01099403,0.001454045,-50.26194
171.4,-3736.359,6083.151,-25594.23,4.086551,15.03472,94.07101,0.120282,0.3690861,0.9214535,-0.0152014,-0.07841882,0.01096245,0.001627501,-50.28077
171.6,-3735.542,6086.15,-25575.43,4.083877,14.95994,93.92014,0.1221672,0.3683056,0.9216123,-0.007548858,-0.0784537,0.01092813,0.001800401,-50.29957
171.8,-3734.726,6089.135,-25556.66,4.08054,14.88593,93.76975,0.1240494,0.3675175,0.9217063,0.0001081648,-0.0784886,0.01089107,0.001972702,-50.31833
172,-3733.91,6092.105,-25537.92,4.076553,14.8127,93.61986,0.1259287,0.3667217,0.9217358,0.007769119,-0.07852351,0.01085128,0.002144359,-50.33707
172.2,-3733.095,6095.06,-25519.21,4.07193,14.74023,93.47047,0.1278049,0.3659183,0.9217004,0.01543345,-0.07855844,0.01080877,0.002315329,-50.35578
172.4,-3732.281,6098.001,-25500.54,4.066685,14.66851,93.32156,0.1296782,0.3651072,0.9216,0.02310061,-0.07859338,0.01076356,0.002485569,-50.37446
172.6,-3731.468,6100.928,-25481.89,4.060832,14.59751,93.17315,0.1315485,0.3642883,0.9214349,0.03077004,-0.07862833,0.01071565,0.002655036,-50.39312
172.8,-3730.657,6103.84,-25463.27,4.054382,14.52724,93.02523,0.1334158,0.3634618,0.9212046,0.03844117,-0.0786633,0.01066505,0.002823686,-50.41173
173,-3729.847,6106.739,-25444.68,4.047349,14.45767,92.8778,0.1352801,0.3626276,0.9209093,0.04611346,-0.07869829,0.01061179,0.002991477,-50.43032
173.2,-3729.038,6109.623,-25426.12,4.039746,14.3888,92.73085,0.1371413,0.3617857,0.920549,0.05378635,-0.07873329,0.01055586,0.003158366,-50.44889
173.4,-3728.231,6112.494,-25407.58,4.031585,14.32061,92.58439,0.1389996,0.360936,0.9201234,0.06145927,-0.0787683,0.0104973,0.00332431,-50.46741
173.6,-3727.425,6115.352,-25389.08,4.022879,14.25309,92.43841,0.1408548,0.3600786,0.9196326,0.06913166,-0.07880333,0.0104361,0.003489267,-50.48592
173.8,-3726.622,6118.195,-25370.61,4.013638,14.18623,92.29292,0.1427069,0.3592135,0.9190766,0.07680296,-0.07883837,0.01037229,0.003653196,-50.50439
174,-3725.82,6121.026,-25352.17,4.003875,14.12002,92.1479,0.144556,0.3583407,0.9184552,0.08447261,-0.07887343,0.01030587,0.003816054,-50.52283
174.2,-3725.02,6123.843,-25333.75,3.993601,14.05445,92.00336,0.1464021,0.3574601,0.9177685,0.09214004,-0.0789085,0.01023688,0.003977799,-50.54125
174.4,-3724.222,6126.648,-25315.36,3.982828,13.9895,91.8593,0.1482451,0.3565717,0.9170164,0.09980469,-0.07894359,0.01016533,0.00413839,-50.55964
174.6,-3723.427,6129.439,-25297.01,3.971566,13.92516,91.71571,0.1500849,0.3556755,0.9161989,0.107466,-0.07897869,0.01009123,0.004297786,-50.57799
174.8,-3722.634,6132.218,-25278.68,3.959827,13.86142,91.57259,0.1519217,0.3547716,0.915316,0.1151234,-0.0790138,0.0100146,0.004455946,-50.59632
175,-3721.843,6134.984,-25260.38,3.947621,13.79828,91.42995,0.1537554,0.3538599,0.9143678,0.1227763,-0.07904893,0.009935463,0.00461283,-50.61463
175.2,-3721.055,6137.737,-25242.11,3.934959,13.73572,91.28777,0.155586,0.3529404,0.913354,0.1304242,-0.07908407,0.00985384,0.004768397,-50.63289
175.4,-3720.269,6140.478,-25223.86,3.92185,13.67373,91.14606,0.1574134,0.352013,0.9122749,0.1380664,-0.07911923,0.009769751,0.004922607,-50.65114
175.6,-3719.486,6143.207,-25205.65,3.908306,13.6123,91.00481,0.1592377,0.3510779,0.9111304,0.1457025,-0.0791544,0.009683216,0.005075421,-50.66935
175.8,-3718.706,6145.923,-25187.46,3.894336,13.55143,90.86403,0.1610588,0.3501348,0.9099203,0.1533318,-0.07918959,0.009594258,0.005226798,-50.68754
176,-3717.928,6148.627,-25169.3,3.879956,13.49109,90.7237,0.1628768,0.349184,0.9086449,0.1609537,-0.07922479,0.0095029,0.005376701,-50.70569
176.2,-3717.154,6151.32,-25151.17,3.865279,13.43122,90.58384,0.1646916,0.3482253,0.9073041,0.1685678,-0.07926001,0.009409165,0.005525089,-50.72382
176.4,-3716.382,6154,-25133.07,3.850347,13.37177,90.44444,0.1665032,0.3472587,0.9058979,0.1761734,-0.07929523,0.009313077,0.005671926,-50.74193
176.6,-3715.614,6156.668,-25114.99,3.835166,13.31275,90.30548,0.1683116,0.3462842,0.9044264,0.18377,-0.07933048,0.00921466,0.005817173,-50.76
176.8,-3714.848,6159.325,-25096.95,3.819743,13.25414,90.16698,0.1701168,0.3453018,0.9028895,0.1913569,-0.07936574,0.00911394,0.005960792,-50.77805
177,-3714.086,6161.97,-25078.93,3.804083,13.19594,90.02894,0.1719187,0.3443114,0.9012874,0.1989337,-0.07940101,0.009010944,0.006102745,-50.79607
177.2,-3713.327,6164.604,-25060.93,3.788192,13.13814,89.89134,0.1737174,0.3433132,0.89962,0.2064997,-0.07943629,0.008905696,0.006242998,-50.81406
177.4,-3712.571,6167.226,-25042.97,3.772051,13.08077,89.75419,0.1755128,0.342307,0.8978875,0.2140544,-0.0794716,0.008798225,0.006381512,-50.83204
177.6,-3711.818,6169.836,-25025.03,3.755648,13.02384,89.61748,0.177305,0.3412929,0.8960897,0.2215972,-0.07950692,0.008688558,0.006518251,-50.84997
177.8,-3711.068,6172.435,-25007.12,3.738989,12.96735,89.48121,0.1790938,0.3402707,0.894227,0.2291275,-0.07954225,0.008576723,0.006653181,-50.86788
178,-3710.322,6175.023,-24989.24,3.72208,12.91129,89.34538,0.1808794,0.3392406,0.8922991,0.2366448,-0.07957759,0.008462749,0.006786266,-50.88576
178.2,-3709.58,6177.6,-24971.38,3.704927,12.85565,89.20998,0.1826615,0.3382025,0.8903064,0.2441484,-0.07961295,0.008346667,0.006917472,-50.90362
178.4,-3708.84,6180.165,-24953.56,3.687536,12.80042,89.07503,0.1844404,0.3371563,0.8882487,0.2516378,-0.07964832,0.008228504,0.007046762,-50.92144
178.6,-3708.104,6182.72,-24935.75,3.669913,12.74561,88.9405,0.1862159,0.3361021,0.8861262,0.2591125,-0.07968371,0.008108294,0.007174106,-50.93925
178.8,-3707.372,6185.263,-24917.98,3.652064,12.69119,88.8064,0.187988,0.3350399,0.883939,0.2665718,-0.07971912,0.007986066,0.007299468,-50.95702
179,-3706.644,6187.796,-24900.23,3.633995,12.63717,88.67273,0.1897567,0.3339696,0.8816872,0.2740152,-0.07975453,0.007861852,0.007422817,-50.97477
179.2,-3705.919,6190.318,-24882.51,3.61571,12.58353,88.53949,0.191522,0.3328912,0.8793709,0.2814422,-0.07978997,0.007735685,0.007544119,-50.99248
179.4,-3705.198,6192.83,-24864.82,3.597215,12.53028,88.40667,0.1932838,0.3318046,0.87699,0.2888521,-0.07982541,0.007607596,0.007663344,-51.01018
179.6,-3704.48,6195.331,-24847.15,3.578517,12.4774,88.27427,0.1950422,0.33071,0.8745449,0.2962443,-0.07986087,0.007477621,0.007780458,-51.02785
179.8,-3703.766,6197.821,-24829.51,3.559619,12.42489,88.14229,0.1967971,0.3296072,0.8720355,0.3036183,-0.07989635,0.007345793,0.007895433,-51.04549
180,-3703.056,6200.3,-24811.89,3.540527,12.37273,88.01073,0.1985485,0.3284963,0.869462,0.3109736,-0.07993183,0.007212145,0.008008237,-51.06312
180.2,-3702.35,6202.77,-24794.3,3.521246,12.32094,87.87959,0.2002963,0.3273772,0.8668244,0.3183095,-0.07996733,0.007076714,0.008118842,-51.08069
180.4,-3701.648,6205.229,-24776.74,3.501781,12.26949,87.74885,0.2020406,0.3262498,0.864123,0.3256255,-0.08000285,0.006939534,0.008227216,-51.09826
180.6,-3700.949,6207.678,-24759.2,3.482136,12.21839,87.61853,0.2037814,0.3251143,0.8613579,0.3329211,-0.08003839,0.006800641,0.008333333,-51.11581
180.8,-3700.255,6210.116,-24741.69,3.462317,12.16762,87.48862,0.2055185,0.3239706,0.8585291,0.3401955,-0.08007394,0.006660072,0.008437164,-51.13331
181,-3699.564,6212.544,-24724.21,3.442328,12.11718,87.35911,0.2072521,0.3228185,0.8556368,0.3474483,-0.0801095,0.006517863,0.008538681,-51.15079
181.2,-3698.878,6214.963,-24706.75,3.422173,12.06707,87.23001,0.208982,0.3216583,0.8526813,0.354679,-0.08014507,0.006374053,0.008637858,-51.16825
181.4,-3698.196,6217.372,-24689.31,3.401858,12.01729,87.10131,0.2107082,0.3204897,0.8496625,0.3618869,-0.08018066,0.006228677,0.008734669,-51.18569
181.6,-3697.517,6219.77,-24671.91,3.381386,11.96781,86.97301,0.2124307,0.3193128,0.8465806,0.3690715,-0.08021627,0.006081777,0.008829086,-51.20309
181.8,-3696.843,6222.159,-24654.53,3.360761,11.91865,86.84512,0.2141495,0.3181276,0.8434359,0.3762321,-0.08025189,0.005933388,0.008921087,-51.22048
182,-3696.173,6224.538,-24637.17,3.339988,11.86979,86.71761,0.2158646,0.316934,0.8402286,0.3833683,-0.08028752,0.005783552,0.009010645,-51.23783
182.2,-3695.507,6226.907,-24619.84,3.319071,11.82123,86.59051,0.2175759,0.3157321,0.8369586,0.3904795,-0.08032317,0.005632306,0.009097737,-51.25516
182.4,-3694.845,6229.266,-24602.53,3.298013,11.77296,86.46379,0.2192834,0.3145218,0.8336263,0.3975651,-0.08035883,0.005479692,0.00918234,-51.27247
182.6,-3694.188,6231.616,-24585.25,3.27682,11.72499,86.33747,0.2209871,0.313303,0.8302318,0.4046246,-0.08039451,0.00532575,0.009264433,-51.28974
182.8,-3693.534,6233.956,-24568,3.255494,11.6773,86.21154,0.2226869,0.3120759,0.8267753,0.4116573,-0.08043019,0.005170519,0.009343991,-51.307
183,-3692.885,6236.287,-24550.77,3.234039,11.62989,86.08599,0.2243829,0.3108402,0.823257,0.4186628,-0.08046591,0.005014043,0.009420995,-51.32422
183.2,-3692.241,6238.608,-24533.56,3.21246,11.58275,85.96083,0.2260749,0.3095962,0.8196771,0.4256405,-0.08050162,0.004856361,0.009495422,-51.34144
183.4,-3691.601,6240.92,-24516.38,3.190759,11.53588,85.83605,0.227763,0.3083436,0.8160357,0.4325897,-0.08053736,0.004697516,0.009567255,-51.35862
183.6,-3690.965,6243.222,-24499.23,3.16894,11.48929,85.71165,0.2294471,0.3070825,0.8123332,0.43951,-0.08057311,0.00453755,0.009636472,-51.37577
183.8,-3690.333,6245.516,-24482.1,3.147007,11.44295,85.58764,0.2311273,0.3058129,0.8085697,0.4464009,-0.08060887,0.004376506,0.009703057,-51.3929
184,-3689.706,6247.799,-24464.99,3.124964,11.39687,85.464,0.2328033,0.3045347,0.8047454,0.4532616,-0.08064465,0.004214426,0.009766989,-51.41001
184.2,-3689.083,6250.074,-24447.91,3.102812,11.35104,85.34074,0.2344754,0.3032479,0.8008605,0.4600918,-0.08068044,0.004051353,0.009828254,-51.42708
184.4,-3688.465,6252.34,-24430.86,3.080556,11.30547,85.21784,0.2361433,0.3019526,0.7969153,0.4668908,-0.08071625,0.003887332,0.009886833,-51.44414
184.6,-3687.851,6254.597,-24413.83,3.058199,11.26013,85.09532,0.2378071,0.3006486,0.7929099,0.4736581,-0.08075207,0.003722405,0.009942711,-51.46117
184.8,-3687.241,6256.844,-24396.82,3.035744,11.21504,84.97318,0.2394667,0.299336,0.7888448,0.4803932,-0.08078791,0.003556618,0.009995873,-51.47819
185,-3686.636,6259.083,-24379.84,3.013194,11.17019,84.85139,0.2411221,0.2980147,0.7847199,0.4870954,-0.08082376,0.003390013,0.01004631,-51.49517
185.2,-3686.036,6261.312,-24362.88,2.990552,11.12557,84.72998,0.2427732,0.2966848,0.7805358,0.4937643,-0.08085963,0.003222637,0.01009399,-51.51212
185.4,-3685.44,6263.533,-24345.95,2.967821,11.08118,84.60893,0.2444201,0.2953461,0.7762924,0.5003994,-0.08089551,0.003054533,0.01013892,-51.52906
185.6,-3684.849,6265.745,-24329.04,2.945004,11.03701,84.48824,0.2460627,0.2939987,0.7719902,0.507,-0.0809314,0.002885747,0.01018108,-51.54597
185.8,-3684.262,6267.948,-24312.15,2.922103,10.99307,84.36792,0.247701,0.2926426,0.7676294,0.5135655,-0.08096731,0.002716325,0.01022046,-51.56286
186,-3683.68,6270.142,-24295.29,2.899122,10.94935,84.24795,0.2493348,0.2912777,0.7632103,0.5200956,-0.08100324,0.002546311,0.01025705,-51.57972
186.2,-3683.103,6272.327,-24278.45,2.876062,10.90584,84.12834,0.2509642,0.289904,0.7587331,0.5265897,-0.08103918,0.002375751,0.01029084,-51.59655
186.4,-3682.53,6274.504,-24261.64,2.852928,10.86254,84.00909,0.2525892,0.2885215,0.7541981,0.5330472,-0.08107513,0.002204692,0.01032181,-51.61336
186.6,-3681.961,6276.672,-24244.85,2.82972,10.81945,83.89019,0.2542096,0.2871301,0.7496056,0.5394675,-0.0811111,0.00203318,0.01034997,-51.63015
186.8,-3681.398,6278.832,-24228.08,2.806442,10.77656,83.77164,0.2558255,0.2857299,0.7449558,0.5458502,-0.08114709,0.00186126,0.0103753,-51.64692
187,-3680.839,6280.983,-24211.34,2.783097,10.73388,83.65344,0.2574369,0.2843209,0.7402492,0.5521948,-0.08118308,0.001688979,0.01039779,-51.66366
187.2,-3680.285,6283.125,-24194.62,2.759686,10.6914,83.5356,0.2590436,0.2829029,0.7354859,0.5585006,-0.0812191,0.001516384,0.01041744,-51.68038
187.4,-3679.735,6285.26,-24177.92,2.736212,10.64911,83.4181,0.2606456,0.281476,0.7306662,0.5647672,-0.08125512,0.001343522,0.01043425,-51.69707
187.6,-3679.19,6287.385,-24161.25,2.712677,10.60701,83.30094,0.2622429,0.2800401,0.7257906,0.5709941,-0.08129117,0.001170439,0.0104482,-51.71375
187.8,-3678.65,6289.502,-24144.6,2.689084,10.5651,83.18413,0.2638355,0.2785954,0.7208592,0.5771806,-0.08132722,0.0009971816,0.0104593,-51.7304
188,-3678.115,6291.611,-24127.98,2.665435,10.52338,83.06766,0.2654232,0.2771416,0.7158724,0.5833265,-0.0813633,0.0008237979,0.01046755,-51.74702
188.2,-3677.584,6293.712,-24111.38,2.641732,10.48185,82.95153,0.2670061,0.2756788,0.7108306,0.5894309,-0.08139938,0.0006503345,0.01047293,-51.76362
188.4,-3677.058,6295.804,-24094.8,2.617976,10.44049,82.83574,0.2685842,0.274207,0.705734,0.5954936,-0.08143549,0.0004768386,0.01047545,-51.7802
188.6,-3676.537,6297.888,-24078.24,2.594171,10.39931,82.72029,0.2701572,0.2727261,0.7005829,0.601514,-0.0814716,0.0003033573,0.0104751,-51.79676
188.8,-3676.02,6299.964,-24061.71,2.570318,10.35831,82.60517,0.2717253,0.2712362,0.6953778,0.6074915,-0.08150773,0.000129938,0.0104719,-51.81328
189,-3675.509,6302.031,-24045.2,2.546419,10.31748,82.49039,0.2732884,0.2697372,0.690119,0.6134257,-0.08154388,-4.337203e-05,0.01046583,-51.82979
189.2,-3675.002,6304.091,-24028.71,2.522475,10.27681,82.37594,0.2748464,0.268229,0.6848068,0.619316,-0.08158004,-0.0002165256,0.0104569,-51.84629
189.4,-3674.5,6306.142,-24012.25,2.49849,10.23632,82.26182,0.2763993,0.2667118,0.6794415,0.6251621,-0.08161622,-0.0003894753,0.01044511,-51.86275
189.6,-3674.002,6308.185,-23995.81,2.474465,10.19599,82.14803,0.2779469,0.2651854,0.6740235,0.6309632,-0.0816524,-0.0005621738,0.01043046,-51.87919
189.8,-3673.51,6310.221,-23979.39,2.450401,10.15582,82.03457,0.2794894,0.2636498,0.6685532,0.636719,-0.08168861,-0.000734574,0.01041296,-51.89561
190,-3673.022,6312.248,-23962.99,2.4263,10.11582,81.92143,0.2810265,0.262105,0.6630309,0.642429,-0.08172483,-0.0009066286,0.01039262,-51.91201
190.2,-3672.539,6314.267,-23946.62,2.402165,10.07597,81.80862,0.2825584,0.260551,0.6574571,0.6480927,-0.08176106,-0.00107829,0.01036943,-51.92838
190.4,-3672.061,6316.278,-23930.27,2.377996,10.03627,81.69614,0.2840848,0.2589878,0.651832,0.6537095,-0.08179732,-0.001249512,0.01034341,-51.94472
190.6,-3671.588,6318.281,-23913.94,2.353796,9.99673,81.58397,0.2856058,0.2574153,0.6461561,0.6592791,-0.08183358,-0.001420247,0.01031456,-51.96105
190.8,-3671.12,6320.277,-23897.64,2.329565,9.957338,81.47212,0.2871214,0.2558336,0.6404298,0.6648009,-0.08186986,-0.001590448,0.01028288,-51.97736
191,-3670.656,6322.264,-23881.35,2.305306,9.918096,81.3606,0.2886313,0.2542425,0.6346534,0.6702744,-0.08190615,-0.001760068,0.0102484,-51.99364
191.2,-3670.198,6324.244,-23865.09,2.281021,9.878999,81.24938,0.2901357,0.2526422,0.6288273,0.6756992,-0.08194246,-0.001929061,0.01021111,-52.00991
191.4,-3669.744,6326.216,-23848.86,2.25671,9.840046,81.13849,0.2916344,0.2510326,0.6229519,0.6810749,-0.08197879,-0.002097379,0.01017103,-52.02614
191.6,-3669.295,6328.18,-23832.64,2.232374,9.801235,81.02791,0.2931274,0.2494135,0.6170277,0.6864008,-0.08201513,-0.002264977,0.01012816,-52.04236
191.8,-3668.851,6330.136,-23816.44,2.208017,9.762565,80.91765,0.2946146,0.2477852,0.611055,0.6916766,-0.08205149,-0.002431808,0.01008253,-52.05855
192,-3668.412,6332.085,-23800.27,2.183638,9.724031,80.80769,0.2960961,0.2461474,0.6050342,0.6969018,-0.08208785,-0.002597826,0.01003413,-52.07473
192.2,-3667.977,6334.026,-23784.12,2.15924,9.685635,80.69804,0.2975716,0.2445003,0.5989659,0.702076,-0.08212424,-0.002762985,0.009982994,-52.09087
192.4,-3667.548,6335.959,-23767.99,2.134823,9.647372,80.58871,0.2990411,0.2428437,0.5928503,0.7071986,-0.08216064,-0.002927239,0.009929124,-52.107
192.6,-3667.124,6337.885,-23751.88,2.110389,9.609241,80.47968,0.3005047,0.2411777,0.5866879,0.7122692,-0.08219706,-0.003090543,0.009872537,-52.12311
192.8,-3666.704,6339.803,-23735.8,2.085939,9.571241,80.37096,0.3019622,0.2395023,0.5804792,0.7172875,-0.08223349,-0.003252851,0.00981325,-52.1392
193,-3666.289,6341.713,-23719.74,2.061475,9.533369,80.26254,0.3034135,0.2378174,0.5742246,0.7222529,-0.08226993,-0.003414119,0.009751278,-52.15526
193.2,-3665.879,6343.616,-23703.7,2.036998,9.495625,80.15442,0.3048587,0.236123,0.5679244,0.727165,-0.08230639,-0.0035743,0.009686639,-52.1713
193.4,-3665.474,6345.512,-23687.67,2.012508,9.458004,80.04661,0.3062976,0.2344191,0.5615793,0.7320234,-0.08234287,-0.003733352,0.009619349,-52.18732
193.6,-3665.074,6347.399,-23671.68,1.988007,9.420507,79.93909,0.3077303,0.2327057,0.5551895,0.7368275,-0.08237936,-0.003891229,0.009549429,-52.20333
193.8,-3664.679,6349.28,-23655.7,1.963496,9.383132,79.83188,0.3091565,0.2309827,0.5487556,0.7415771,-0.08241586,-0.004047887,0.009476895,-52.21931
194,-3664.289,6351.153,-23639.74,1.938977,9.345877,79.72496,0.3105762,0.2292502,0.5422781,0.7462716,-0.08245239,-0.004203283,0.009401771,-52.23525
194.2,-3663.904,6353.018,-23623.81,1.91445,9.30874,79.61834,0.3119895,0.2275082,0.5357572,0.7509106,-0.08248892,-0.004357373,0.009324076,-52.2512
194.4,-3663.523,6354.876,-23607.9,1.889916,9.27172,79.51202,0.3133962,0.2257566,0.5291937,0.7554938,-0.08252548,-0.004510114,0.00924383,-52.26711
194.6,-3663.147,6356.727,-23592,1.865377,9.234815,79.40598,0.3147962,0.2239954,0.5225878,0.7600206,-0.08256204,-0.004661463,0.009161057,-52.283
194.8,-3662.777,6358.57,-23576.13,1.840833,9.198024,79.30024,0.3161896,0.2222246,0.5159402,0.7644908,-0.08259863,-0.004811379,0.00907578,-52.29886
195,-3662.411,6360.406,-23560.28,1.816285,9.161345,79.19479,0.3175761,0.2204442,0.5092512,0.7689038,-0.08263523,-0.004959818,0.008988023,-52.31472
195.2,-3662.05,6362.235,-23544.46,1.791735,9.124776,79.08963,0.3189558,0.2186541,0.5025213,0.7732593,-0.08267184,-0.005106738,0.008897808,-52.33054
195.4,-3661.695,6364.056,-23528.65,1.767183,9.088317,78.98476,0.3203286,0.2168545,0.4957511,0.7775568,-0.08270847,-0.0052521,0.008805163,-52.34635
195.6,-3661.344,6365.87,-23512.86,1.74263,9.051966,78.88018,0.3216944,0.2150452,0.488941,0.781796,-0.08274512,-0.005395862,0.008710112,-52.36214
195.8,-3660.998,6367.677,-23497.1,1.718077,9.01572,78.77588,0.3230531,0.2132262,0.4820915,0.7859765,-0.08278178,-0.005537983,0.008612684,-52.37791
196,-3660.656,6369.477,-23481.35,1.693524,8.979581,78.67187,0.3244047,0.2113975,0.4752032,0.7900978,-0.08281846,-0.005678423,0.008512903,-52.39365
196.2,-3660.32,6371.269,-23465.63,1.668974,8.943545,78.56814,0.3257491,0.2095592,0.4682764,0.7941597,-0.08285514,-0.005817143,0.008410799,-52.40937
196.4,-3659.989,6373.054,-23449.92,1.644426,8.907612,78.46469,0.3270862,0.2077112,0.4613118,0.7981617,-0.08289185,-0.005954104,0.0083064,-52.42507
196.6,-3659.662,6374.832,-23434.24,1.619882,8.871779,78.36153,0.3284159,0.2058535,0.4543098,0.8021035,-0.08292858,-0.006089265,0.008199736,-52.44076
196.8,-3659.341,6376.603,-23418.58,1.595341,8.836047,78.25864,0.3297382,0.2039861,0.447271,0.8059845,-0.08296531,-0.006222591,0.008090835,-52.45643
197,-3659.024,6378.366,-23402.94,1.570806,8.800414,78.15604,0.3310531,0.2021089,0.4401958,0.8098046,-0.08300207,-0.006354042,0.007979729,-52.47207
197.2,-3658.712,6380.123,-23387.32,1.546276,8.764878,78.0537,0.3323603,0.2002221,0.4330848,0.8135633,-0.08303884,-0.006483582,0.00786645,-52.48768
197.4,-3658.406,6381.872,-23371.72,1.521753,8.729439,77.95165,0.3336599,0.1983255,0.4259385,0.8172603,-0.08307562,-0.006611173,0.007751029,-52.50329
197.6,-3658.104,6383.615,-23356.14,1.497236,8.694095,77.84987,0.3349518,0.1964192,0.4187575,0.8208953,-0.08311242,-0.006736779,0.007633498,-52.51887
197.8,-3657.807,6385.35,-23340.58,1.472727,8.658844,77.74837,0.3362358,0.1945031,0.4115422,0.8244677,-0.08314924,-0.006860365,0.007513891,-52.53443
198,-3657.515,6387.078,-23325.04,1.448227,8.623687,77.64713,0.337512,0.1925773,0.4042932,0.8279774,-0.08318607,-0.006981896,0.007392242,-52.54996
198.2,-3657.228,6388.799,-23309.52,1.423735,8.588621,77.54617,0.3387801,0.1906418,0.3970111,0.831424,-0.08322292,-0.007101336,0.007268585,-52.56548
198.4,-3656.945,6390.514,-23294.02,1.399254,8.553646,77.44548,0.3400403,0.1886965,0.3896964,0.8348072,-0.08325978,-0.007218651,0.007142955,-52.58098
198.6,-3656.668,6392.221,-23278.54,1.374782,8.518762,77.34506,0.3412923,0.1867414,0.3823496,0.8381265,-0.08329666,-0.007333809,0.007015388,-52.59646
198.8,-3656.395,6393.921,-23263.08,1.350322,8.483965,77.2449,0.3425361,0.1847765,0.3749714,0.8413817,-0.08333355,-0.007446776,0.006885919,-52.61191
199,-3656.128,6395.614,-23247.64,1.325873,8.449256,77.14502,0.3437716,0.1828019,0.3675621,0.8445724,-0.08337046,-0.00755752,0.006754586,-52.62736
199.2,-3655.865,6397.301,-23232.22,1.301435,8.414635,77.04539,0.3449988,0.1808176,0.3601225,0.8476985,-0.08340739,-0.007666009,0.006621426,-52.64278
199.4,-3655.607,6398.98,-23216.82,1.277036,8.380105,76.94604,0.3462175,0.1788235,0.3526531,0.8507593,-0.08344433,-0.007772211,0.006486477,-52.65818
199.6,-3655.354,6400.653,-23201.44,1.253362,8.345847,76.84693,0.3474276,0.1768196,0.3451543,0.8537549,-0.08348129,-0.007876098,0.006349777,-52.67356
199.8,-3655.106,6402.318,-23186.08,1.230701,8.311935,76.74808,0.3486291,0.1748059,0.3376269,0.8566847,-0.08351827,-0.007977638,0.006211365,-52.68891
200,-3654.862,6403.978,-23170.74,1.209028,8.278362,76.64947,0.3498219,0.1727825,0.3300714,0.8595486,-0.08355526,-0.008076802,0.006071281,-52.70426
200.2,-3654.622,6405.63,-23155.42,1.18832,8.245121,76.55111,0.3510059,0.1707493,0.3224882,0.8623461,-0.08359227,-0.008173563,0.005929565,-52.71958
200.4,-3654.386,6407.276,-23140.12,1.168552,8.212203,76.453,0.352181,0.1687063,0.3148782,0.8650771,-0.08362929,-0.008267891,0.005786257,-52.73487
200.6,-3654.155,6408.915,-23124.84,1.149702,8.179604,76.35513,0.3533472,0.1666536,0.3072417,0.8677412,-0.08366632,-0.008359759,0.005641399,-52.75016
200.8,-3653.926,6410.547,-23109.58,1.131746,8.147313,76.25752,0.3545043,0.1645911,0.2995794,0.8703382,-0.08370338,-0.008449142,0.005495031,-52.76542
201,-3653.702,6412.174,-23094.34,1.114663,8.115327,76.16016,0.3556523,0.1625189,0.2918919,0.8728678,-0.08374045,-0.008536013,0.005347196,-52.78066
201.2,-3653.48,6413.794,-23079.12,1.098431,8.083637,76.06305,0.356791,0.160437,0.2841797,0.8753297,-0.08377754,-0.008620347,0.005197937,-52.79589
201.4,-3653.262,6415.407,-23063.92,1.083029,8.052238,75.96619,0.3579204,0.1583453,0.2764436,0.8777236,-0.08381464,-0.00870212,0.005047296,-52.81109
201.6,-3653.047,6417.015,-23048.73,1.068436,8.021123,75.86957,0.3590404,0.1562439,0.268684,0.8800493,-0.08385176,-0.008781307,0.004895316,-52.82627
201.8,-3652.835,6418.616,-23033.57,1.054632,7.990286,75.7732,0.3601509,0.1541327,0.2609015,0.8823065,-0.0838889,-0.008857887,0.004742042,-52.84144
202,-3652.625,6420.211,-23018.42,1.041598,7.959721,75.67709,0.3612518,0.1520118,0.2530968,0.8844951,-0.08392604,-0.008931836,0.004587517,-52.85657
202.2,-3652.418,6421.8,-23003.3,1.029314,7.929421,75.58121,0.362343,0.1498813,0.2452705,0.8866146,-0.08396322,-0.009003134,0.004431786,-52.87171
202.4,-3652.213,6423.382,-22988.19,1.017761,7.899383,75.4856,0.3634245,0.147741,0.2374231,0.888665,-0.0840004,-0.009071758,0.004274894,-52.88682
202.6,-3652.011,6424.959,-22973.1,1.006921,7.869598,75.39021,0.3644961,0.1455911,0.2295553,0.890646,-0.0840376,-0.009137689,0.004116886,-52.90189
202.8,-3651.811,6426.53,-22958.03,0.9967755,7.840063,75.29509,0.3655576,0.1434314,0.2216678,0.8925573,-0.08407482,-0.009200908,0.003957808,-52.91697
203,-3651.612,6428.096,-22942.98,0.9873078,7.810772,75.2002,0.3666092,0.1412622,0.213761,0.8943986,-0.08411205,-0.009261397,0.003797707,-52.93201
203.2,-3651.416,6429.655,-22927.95,0.9785003,7.781719,75.10557,0.3676506,0.1390832,0.2058357,0.89617,-0.0841493,-0.009319137,0.003636629,-52.94704
203.4,-3651.221,6431.208,-22912.94,0.9703364,7.752899,75.01118,0.3686818,0.1368947,0.1978924,0.897871,-0.08418657,-0.009374112,0.003474619,-52.96206
203.6,-3651.028,6432.756,-22897.95,0.9627998,7.724308,74.91702,0.3697026,0.1346965,0.1899318,0.8995014,-0.08422385,-0.009426305,0.003311726,-52.97706
203.8,-3650.836,6434.298,-22882.97,0.9558743,7.69594,74.82312,0.3707129,0.1324887,0.1819545,0.9010612,-0.08426115,-0.009475701,0.003147997,-52.99203
204,-3650.645,6435.834,-22868.02,0.9495445,7.667791,74.72945,0.3717128,0.1302714,0.1739611,0.90255,-0.08429846,-0.009522286,0.00298348,-53.00698
204.2,-3650.456,6437.365,-22853.08,0.9437951,7.639856,74.63603,0.372702,0.1280444,0.1659524,0.9039677,-0.0843358,-0.009566046,0.002818221,-53.02192
204.4,-3650.268,6438.89,-22838.17,0.9386113,7.61213,74.54285,0.3736805,0.125808,0.1579288,0.9053141,-0.08437315,-0.009606968,0.00265227,-53.03684
204.6,-3650.08,6440.41,-22823.27,0.9339785,7.584609,74.44991,0.3746482,0.123562,0.149891,0.9065892,-0.08441051,-0.009645038,0.002485675,-53.05173
204.8,-3649.894,6441.924,-22808.38,0.9298825,7.557289,74.35722,0.3756049,0.1213064,0.1418397,0.9077925,-0.0844479,-0.009680248,0.002318485,-53.06661
205,-3649.708,6443.433,-22793.52,0.9263095,7.530164,74.26475,0.3765506,0.1190415,0.1337755,0.908924,-0.08448529,-0.009712584,0.002150748,-53.08147
205.2,-3649.523,6444.936,-22778.68,0.923246,7.503232,74.17252,0.3774852,0.116767,0.1256991,0.9099836,-0.08452271,-0.00974204,0.001982514,-53.09632
205.4,-3649.339,6446.434,-22763.85,0.9206787,7.476488,74.08054,0.3784086,0.1144831,0.1176111,0.910971,-0.08456014,-0.009768604,0.001813832,-53.11115
205.6,-3649.155,6447.927,-22749.05,0.9185948,7.449927,73.98878,0.3793206,0.1121898,0.1095121,0.9118862,-0.0845976,-0.00979227,0.001644751,-53.12595
205.8,-3648.971,6449.414,-22734.26,0.9169794,7.423549,73.89726,0.3802212,0.1098871,0.1014029,0.9127289,-0.08463506,-0.00981303,0.001475321,-53.14074
206,-3648.788,6450.896,-22719.49,0.9157829,7.39738,73.80598,0.3811103,0.1075751,0.09328394,0.9134991,-0.08467254,-0.009830878,0.001305592,-53.15551
206.2,-3648.605,6452.373,-22704.74,0.9149819,7.371426,73.71493,0.3819878,0.1052537,0.08515601,0.9141966,-0.08471004,-0.009845808,0.001135613,-53.17026
206.4,-3648.422,6453.845,-22690,0.9145659,7.345683,73.62411,0.3828536,0.102923,0.07701973,0.9148213,-0.08474756,-0.009857816,0.0009654358,-53.185
206.6,-3648.239,6455.312,-22675.29,0.9145249,7.320145,73.53352,0.3837075,0.100583,0.06887576,0.915373,-0.0847851,-0.009866898,0.0007951091,-53.19971
206.8,-3648.056,6456.773,-22660.59,0.9148489,7.294808,73.44316,0.3845495,0.09823377,0.06072476,0.9158517,-0.08482265,-0.009873051,0.0006246836,-53.21441
207,-3647.873,6458.229,-22645.91,0.9155283,7.269669,73.35303,0.3853794,0.09587534,0.05256738,0.9162572,-0.08486021,-0.009876275,0.0004542095,-53.22909
207.2,-3647.69,6459.681,-22631.25,0.9165583,7.244718,73.26313,0.3861972,0.09350772,0.04440429,0.9165895,-0.0848978,-0.009876565,0.0002837372,-53.24375
207.4,-3647.507,6461.127,-22616.6,0.9180055,7.219901,73.17345,0.3870028,0.09113096,0.03623615,0.9168484,-0.0849354,-0.009873923,0.0001133172,-53.2584
207.6,-3647.323,6462.569,-22601.98,0.9198862,7.195197,73.08401,0.387796,0.08874509,0.02806362,0.9170338,-0.08497302,-0.00986835,-5.700002e-05,-53.27302
207.8,-3647.139,6464.005,-22587.37,0.9221887,7.170602,72.99479,0.3885768,0.08635014,0.01988737,0.9171457,-0.08501066,-0.009859846,-0.0002271641,-53.28763
208,-3646.954,6465.437,-22572.78,0.9249017,7.146116,72.90579,0.389345,0.08394615,0.01170807,0.917184,-0.08504831,-0.009848415,-0.0003971245,-53.30222
208.2,-3646.769,6466.864,-22558.21,0.9280143,7.121737,72.81702,0.3901006,0.08153315,0.003526389,0.9171485,-0.08508598,-0.009834059,-0.0005668307,-53.31679
208.4,-3646.583,6468.286,-22543.65,0.9315158,7.097461,72.72848,0.3908434,0.0791112,-0.004657011,0.9170394,-0.08512367,-0.009816783,-0.0007362324,-53.33135
208.6,-3646.396,6469.703,-22529.12,0.9353955,7.073287,72.64015,0.3915733,0.07668032,-0.01284145,0.9168563,-0.08516137,-0.00979659,-0.0009052791,-53.34588
208.8,-3646.208,6471.115,-22514.6,0.9396434,7.049214,72.55205,0.3922902,0.07424057,-0.02102627,0.9165995,-0.0851991,-0.009773488,-0.00107392,-53.3604
209,-3646.02,6472.522,-22500.1,0.9442495,7.025239,72.46416,0.392994,0.07179197,-0.02921078,0.9162687,-0.08523684,-0.009747483,-0.001242106,-53.3749
209.2,-3645.831,6473.925,-22485.61,0.949204,7.001362,72.3765,0.3936847,0.06933459,-0.03739432,0.9158639,-0.0852746,-0.009718582,-0.001409786,-53.3894
209.4,-3645.641,6475.323,-22471.14,0.9544975,6.977579,72.28906,0.3943621,0.06686845,-0.0455762,0.9153852,-0.08531237,-0.009686793,-0.00157691,-53.40386
209.6,-3645.449,6476.716,-22456.7,0.9601206,6.953889,72.20184,0.395026,0.06439361,-0.05375576,0.9148324,-0.08535016,-0.009652128,-0.001743429,-53.41831
209.8,-3645.256,6478.104,-22442.26,0.9660644,6.930291,72.11482,0.3956764,0.06191012,-0.06193231,0.9142055,-0.08538797,-0.009614594,-0.001909291,-53.43273
210,-3645.062,6479.488,-22427.85,0.9723201,6.906783,72.02803,0.3963133,0.05941802,-0.07010518,0.9135045,-0.0854258,-0.009574204,-0.002074449,-53.44715
210.2,-3644.867,6480.867,-22413.45,0.978879,6.883362,71.94145,0.3969363,0.05691736,-0.07827368,0.9127295,-0.08546364,-0.009530968,-0.002238852,-53.46155
210.4,-3644.671,6482.242,-22399.07,0.9857328,6.860029,71.85509,0.3975456,0.0544082,-0.08643714,0.9118804,-0.08550151,-0.009484901,-0.00240245,-53.47593
210.6,-3644.473,6483.611,-22384.71,0.9928733,6.836781,71.76894,0.3981409,0.05189058,-0.09459488,0.9109572,-0.08553939,-0.009436016,-0.002565195,-53.49029
210.8,-3644.274,6484.977,-22370.37,1.000293,6.813617,71.683,0.3987221,0.04936456,-0.1027462,0.9099599,-0.08557729,-0.009384327,-0.002727038,-53.50463
211,-3644.073,6486.337,-22356.04,1.007983,6.790534,71.59727,0.3992892,0.0468302,-0.1108905,0.9088885,-0.0856152,-0.009329849,-0.00288793,-53.51896
211.2,-3643.871,6487.692,-22341.73,1.015936,6.767533,71.51176,0.399842,0.04428754,-0.1190269,0.9077431,-0.08565313,-0.009272599,-0.003047823,-53.53327
211.4,-3643.667,6489.044,-22327.43,1.024146,6.744611,71.42645,0.4003804,0.04173666,-0.127155,0.9065237,-0.08569109,-0.009212593,-0.003206668,-53.54757
211.6,-3643.461,6490.391,-22313.16,1.032604,6.721767,71.34135,0.4009044,0.03917759,-0.1352738,0.9052302,-0.08572906,-0.00914985,-0.003364417,-53.56185
211.8,-3643.254,6491.732,-22298.9,1.041304,6.699,71.25646,0.4014137,0.03661041,-0.1433829,0.9038628,-0.08576704,-0.009084389,-0.003521024,-53.5761
212,-3643.044,6493.07,-22284.65,1.050238,6.676309,71.17178,0.4019083,0.03403518,-0.1514815,0.9024216,-0.08580504,-0.009016228,-0.00367644,-53.59035
212.2,-3642.833,6494.403,-22270.43,1.059401,6.653691,71.0873,0.4023881,0.03145196,-0.1595689,0.9009064,-0.08584306,-0.008945389,-0.003830618,-53.60457
212.4,-3642.621,6495.731,-22256.22,1.068786,6.631146,71.00303,0.402853,0.0288608,-0.1676444,0.8993174,-0.08588111,-0.008871892,-0.003983512,-53.61878
212.6,-3642.406,6497.056,-22242.03,1.078386,6.608674,70.91896,0.4033028,0.02626177,-0.1757073,0.8976548,-0.08591916,-0.00879576,-0.004135075,-53.63297
212.8,-3642.189,6498.375,-22227.85,1.088195,6.586271,70.8351,0.4037375,0.02365495,-0.1837571,0.8959184,-0.08595724,-0.008717015,-0.004285262,-53.64715
213,-3641.971,6499.69,-22213.69,1.098207,6.563938,70.75144,0.4041569,0.0210404,-0.1917928,0.8941085,-0.08599533,-0.008635682,-0.004434026,-53.66131
213.2,-3641.75,6501,-22199.55,1.108416,6.541673,70.66798,0.404561,0.01841819,-0.199814,0.892225,-0.08603345,-0.008551785,-0.004581323,-53.67545
213.4,-3641.527,6502.307,-22185.43,1.118816,6.519476,70.58472,0.4049496,0.01578838,-0.2078199,0.8902682,-0.08607157,-0.008465348,-0.004727107,-53.68958
213.6,-3641.302,6503.608,-22171.32,1.129402,6.497344,70.50167,0.4053226,0.01315104,-0.2158098,0.888238,-0.08610973,-0.008376399,-0.004871334,-53.70368
213.8,-3641.075,6504.906,-22157.22,1.140169,6.475278,70.41882,0.4056799,0.01050626,-0.2237831,0.8861346,-0.08614789,-0.008284964,-0.005013961,-53.71778
214,-3640.846,6506.198,-22143.15,1.15111,6.453275,70.33616,0.4060213,0.007854103,-0.231739,0.8839582,-0.08618607,-0.008191071,-0.005154943,-53.73185
214.2,-3640.615,6507.487,-22129.09,1.162222,6.431335,70.2537,0.4063469,0.005194643,-0.2396769,0.8817087,-0.08622427,-0.008094747,-0.005294238,-53.74592
214.4,-3640.382,6508.771,-22115.05,1.173498,6.409458,70.17143,0.4066564,0.002527958,-0.2475961,0.8793863,-0.08626249,-0.007996023,-0.005431802,-53.75995
214.6,-3640.146,6510.051,-22101.02,1.184934,6.387641,70.08937,0.4069498,-0.0001458742,-0.2554959,0.8769913,-0.08630074,-0.007894929,-0.005567595,-53.77398
214.8,-3639.907,6511.326,-22087.01,1.196525,6.365885,70.0075,0.407227,-0.002826774,-0.2633756,0.8745236,-0.08633899,-0.007791494,-0.005701574,-53.78799
215,-3639.667,6512.597,-22073.02,1.208266,6.344188,69.92583,0.4074878,-0.005514661,-0.2712345,0.8719834,-0.08637726,-0.007685752,-0.005833697,-53.80198
215.2,-3639.424,6513.864,-22059.04,1.220153,6.322549,69.84435,0.4077322,-0.008209454,-0.2790721,0.8693709,-0.08641556,-0.007577733,-0.005963925,-53.81595
215.4,-3639.179,6515.126,-22045.08,1.232182,6.300967,69.76305,0.4079599,-0.01091107,-0.2868875,0.8666863,-0.08645387,-0.007467471,-0.006092218,-53.82992
215.6,-3638.931,6516.384,-22031.14,1.244347,6.279442,69.68196,0.408171,-0.01361942,-0.2946801,0.8639297,-0.0864922,-0.007354999,-0.006218535,-53.84386
215.8,-3638.681,6517.638,-22017.21,1.256646,6.257973,69.60106,0.4083653,-0.01633443,-0.3024493,0.8611013,-0.08653055,-0.007240353,-0.006342838,-53.85779
216,-3638.429,6518.887,-22003.3,1.269073,6.236559,69.52035,0.4085427,-0.01905599,-0.3101943,0.8582012,-0.08656891,-0.007123566,-0.006465089,-53.87171
216.2,-3638.174,6520.132,-21989.4,1.281625,6.215199,69.43983,0.4087031,-0.02178404,-0.3179144,0.8552296,-0.0866073,-0.007004675,-0.00658525,-53.8856
216.4,-3637.916,6521.374,-21975.52,1.294297,6.193892,69.3595,0.4088463,-0.02451847,-0.3256091,0.8521867,-0.0866457,-0.006883717,-0.006703284,-53.89948
216.6,-3637.656,6522.61,-21961.66,1.307087,6.172638,69.27935,0.4089724,-0.02725919,-0.3332776,0.8490728,-0.08668412,-0.006760727,-0.006819154,-53.91334
216.8,-3637.393,6523.842,-21947.81,1.31999,6.151436,69.19939,0.409081,-0.03000611,-0.3409193,0.8458879,-0.08672257,-0.006635745,-0.006932824,-53.92719
217,-3637.128,6525.071,-21933.98,1.333002,6.130285,69.11963,0.4091723,-0.03275914,-0.3485334,0.8426324,-0.08676102,-0.006508808,-0.007044259,-53.94103
217.2,-3636.86,6526.294,-21920.16,1.346121,6.109185,69.04005,0.409246,-0.03551818,-0.3561194,0.8393064,-0.0867995,-0.006379956,-0.007153425,-53.95484
217.4,-3636.589,6527.514,-21906.36,1.359342,6.088134,68.96066,0.4093021,-0.03828314,-0.3636765,0.8359101,-0.086838,-0.006249228,-0.007260288,-53.96863
217.6,-3636.316,6528.73,-21892.58,1.372663,6.067132,68.88145,0.4093404,-0.04105391,-0.371204,0.8324438,-0.08687651,-0.006116665,-0.007364814,-53.98243
217.8,-3636.04,6529.941,-21878.81,1.38608,6.046179,68.80243,0.4093607,-0.04383039,-0.3787014,0.8289077,-0.08691505,-0.005982307,-0.007466971,-53.99619
218,-3635.762,6531.148,-21865.05,1.39959,6.025273,68.72359,0.4093632,-0.04661249,-0.386168,0.8253019,-0.0869536,-0.005846197,-0.007566727,-54.00994
218.2,-3635.48,6532.351,-21851.32,1.41319,6.004415,68.64493,0.4093475,-0.04940009,-0.393603,0.821627,-0.08699217,-0.005708375,-0.007664051,-54.02369
218.4,-3635.197,6533.55,-21837.6,1.426877,5.983603,68.56646,0.4093137,-0.05219311,-0.4010059,0.817883,-0.08703075,-0.005568887,-0.007758912,-54.03741
218.6,-3634.91,6534.745,-21823.89,1.440648,5.962838,68.48817,0.4092616,-0.05499142,-0.4083759,0.81407,-0.08706936,-0.005427773,-0.007851281,-54.05111
218.8,-3634.62,6535.935,-21810.2,1.4545,5.942117,68.41006,0.409191,-0.05779493,-0.4157124,0.8101887,-0.08710799,-0.005285077,-0.00794113,-54.06479
219,-3634.328,6537.122,-21796.53,1.468431,5.921442,68.33212,0.409102,-0.06060352,-0.4230147,0.806239,-0.08714662,-0.005140846,-0.008028428,-54.07847
219.2,-3634.033,6538.304,-21782.87,1.482437,5.90081,68.25438,0.4089943,-0.06341708,-0.4302823,0.8022213,-0.08718529,-0.004995122,-0.00811315,-54.09212
219.4,-3633.735,6539.482,-21769.23,1.496516,5.880222,68.1768,0.408868,-0.06623551,-0.4375144,0.7981359,-0.08722397,-0.004847952,-0.00819527,-54.10578
219.6,-3633.434,6540.656,-21755.6,1.510666,5.859678,68.09942,0.4087228,-0.06905869,-0.4447104,0.7939831,-0.08726268,-0.004699382,-0.00827476,-54.11941
219.8,-3633.131,6541.826,-21741.99,1.524884,5.839176,68.0222,0.4085588,-0.0718865,-0.4518696,0.7897632,-0.08730139,-0.004549457,-0.008351596,-54.13302
220,-3632.824,6542.992,-21728.39,1.539168,5.818717,67.94517,0.4083757,-0.07471884,-0.4589915,0.7854764,-0.08734013,-0.004398225,-0.008425754,-54.14661
220.2,-3632.515,6544.153,-21714.81,1.553514,5.798298,67.86831,0.4081734,-0.07755557,-0.4660753,0.7811232,-0.08737889,-0.004245732,-0.008497209,-54.16019
220.4,-3632.203,6545.311,-21701.24,1.567922,5.777921,67.79163,0.407952,-0.08039659,-0.4731204,0.7767037,-0.08741766,-0.004092027,-0.008565942,-54.17376
220.6,-3631.888,6546.464,-21687.69,1.582389,5.757585,67.71512,0.4077112,-0.08324177,-0.4801262,0.7722183,-0.08745646,-0.003937158,-0.008631927,-54.18731
220.8,-3631.57,6547.614,-21674.16,1.596912,5.737288,67.63878,0.407451,-0.08609099,-0.487092,0.7676675,-0.08749527,-0.003781173,-0.008695146,-54.20084
221,-3631.249,6548.759,-21660.64,1.61149,5.717032,67.56262,0.4071713,-0.08894413,-0.4940173,0.7630514,-0.0875341,-0.003624121,-0.008755578,-54.21436
221.2,-3630.925,6549.901,-21647.13,1.62612,5.696815,67.48664,0.406872,-0.09180106,-0.5009013,0.7583704,-0.08757295,-0.003466051,-0.008813203,-54.22787
221.4,-3630.599,6551.038,-21633.64,1.640801,5.676637,67.41083,0.4065529,-0.09466167,-0.5077435,0.7536249,-0.08761182,-0.003307014,-0.008868004,-54.24135
221.6,-3630.269,6552.171,-21620.17,1.65553,5.656497,67.33518,0.4062141,-0.09752581,-0.5145432,0.7488152,-0.08765071,-0.003147058,-0.008919964,-54.25483
221.8,-3629.936,6553.301,-21606.71,1.670306,5.636395,67.25972,0.4058553,-0.1003934,-0.5212998,0.7439417,-0.08768962,-0.002986235,-0.008969065,-54.26829
222,-3629.601,6554.426,-21593.26,1.685126,5.616332,67.18442,0.4054765,-0.1032642,-0.5280126,0.7390047,-0.08772854,-0.002824595,-0.009015291,-54.28174
222.2,-3629.262,6555.547,-21579.83,1.699989,5.596304,67.10929,0.4050776,-0.1061382,-0.5346812,0.7340047,-0.08776748,-0.00266219,-0.009058628,-54.29517
222.4,-3628.921,6556.665,-21566.42,1.714894,5.576314,67.03434,0.4046585,-0.1090152,-0.5413048,0.728942,-0.08780645,-0.00249907,-0.009099063,-54.30858
222.6,-3628.576,6557.778,-21553.02,1.729838,5.556361,66.95955,0.4042191,-0.111895,-0.5478828,0.7238169,-0.08784543,-0.002335287,-0.009136581,-54.32198
222.8,-3628.229,6558.887,-21539.63,1.74482,5.536444,66.88493,0.4037593,-0.1147777,-0.5544146,0.7186299,-0.08788443,-0.002170894,-0.009171171,-54.33536
223,-3627.878,6559.992,-21526.27,1.759838,5.516562,66.81048,0.403279,-0.1176629,-0.5608997,0.7133814,-0.08792344,-0.002005941,-0.009202822,-54.34873
223.2,-3627.525,6561.094,-21512.91,1.774891,5.496716,66.7362,0.4027782,-0.1205506,-0.5673374,0.7080718,-0.08796249,-0.001840481,-0.009231524,-54.36208
223.4,-3627.168,6562.191,-21499.57,1.789977,5.476904,66.66208,0.4022567,-0.1234406,-0.5737271,0.7027014,-0.08800154,-0.001674567,-0.009257267,-54.37543
223.6,-3626.809,6563.284,-21486.25,1.805095,5.457128,66.58813,0.4017144,-0.1263328,-0.5800682,0.6972707,-0.08804062,-0.001508252,-0.009280043,-54.38875
223.8,-3626.447,6564.374,-21472.94,1.820243,5.437386,66.51434,0.4011514,-0.129227,-0.5863602,0.6917801,-0.08807971,-0.001341588,-0.009299844,-54.40206
224,-3626.081,6565.459,-21459.64,1.83542,5.417677,66.44073,0.4005673,-0.1321232,-0.5926024,0.6862301,-0.08811883,-0.001174629,-0.009316663,-54.41537
224.2,-3625.712,6566.541,-21446.36,1.850625,5.398003,66.36727,0.3999623,-0.1350211,-0.5987942,0.680621,-0.08815796,-0.001007427,-0.009330497,-54.42864
224.4,-3625.341,6567.619,-21433.09,1.865856,5.378362,66.29398,0.3993361,-0.1379206,-0.6049352,0.6749534,-0.08819711,-0.0008400367,-0.009341339,-54.4419
224.6,-3624.966,6568.692,-21419.84,1.881111,5.358754,66.22086,0.3986888,-0.1408215,-0.6110246,0.6692276,-0.08823628,-0.0006725105,-0.009349185,-54.45516
224.8,-3624.588,6569.762,-21406.61,1.896391,5.339179,66.14789,0.3980201,-0.1437237,-0.6170619,0.6634441,-0.08827547,-0.0005049021,-0.009354034,-54.46839
225,-3624.207,6570.828,-21393.38,1.911693,5.319636,66.07509,0.3973301,-0.1466271,-0.6230466,0.6576033,-0.08831468,-0.0003372653,-0.009355884,-54.48162
225.2,-3623.823,6571.89,-21380.18,1.927016,5.300126,66.00245,0.3966187,-0.1495315,-0.6289781,0.6517058,-0.08835391,-0.0001696538,-0.009354734,-54.49482
225.4,-3623.437,6572.948,-21366.98,1.94231,5.280661,65.92997,0.3958857,-0.1524367,-0.6348558,0.645752,-0.08839315,-2.121142e-06,-0.009350583,-54.50802
225.6,-3623.047,6574.002,-21353.8,1.956726,5.261474,65.85764,0.3951312,-0.1553427,-0.6406792,0.6397423,-0.08843242,0.0001652788,-0.009343433,-54.5212
225.8,-3622.654,6575.053,-21340.64,1.969982,5.242642,65.78547,0.3943549,-0.1582491,-0.6464477,0.6336772,-0.0884717,0.0003324924,-0.009333286,-54.53435
226,-3622.259,6576.099,-21327.49,1.982112,5.224156,65.71344,0.3935569,-0.1611559,-0.6521606,0.6275573,-0.08851101,0.0004994658,-0.009320146,-54.54751
226.2,-3621.861,6577.142,-21314.35,1.993148,5.206005,65.64156,0.392737,-0.1640629,-0.6578177,0.6213831,-0.08855032,0.0006661454,-0.009304016,-54.56064
226.4,-3621.461,6578.182,-21301.23,2.003122,5.188181,65.56984,0.3918952,-0.16697,-0.6634182,0.6151549,-0.08858966,0.0008324774,-0.009284901,-54.57377
226.6,-3621.06,6579.218,-21288.12,2.012064,5.170675,65.49828,0.3910314,-0.1698769,-0.6689616,0.6088733,-0.08862902,0.0009984082,-0.009262806,-54.58687
226.8,-3620.657,6580.25,-21275.03,2.020006,5.153478,65.42686,0.3901455,-0.1727835,-0.6744474,0.6025388,-0.0886684,0.001163884,-0.00923774,-54.59997
227,-3620.252,6581.279,-21261.96,2.026976,5.13658,65.3556,0.3892375,-0.1756897,-0.6798751,0.596152,-0.0887078,0.001328852,-0.009209709,-54.61304
227.2,-3619.846,6582.305,-21248.89,2.033002,5.119975,65.28449,0.3883073,-0.1785953,-0.685244,0.5897133,-0.08874721,0.001493259,-0.009178724,-54.6261
227.4,-3619.439,6583.327,-21235.84,2.038113,5.103654,65.21354,0.3873547,-0.1815001,-0.6905538,0.5832233,-0.08878665,0.001657051,-0.009144793,-54.63917
227.6,-3619.031,6584.346,-21222.8,2.042335,5.087609,65.14274,0.3863798,-0.1844039,-0.6958039,0.5766825,-0.0888261,0.001820176,-0.009107927,-54.6522
227.8,-3618.622,6585.362,-21209.78,2.045694,5.071833,65.0721,0.3853825,-0.1873066,-0.7009938,0.5700914,-0.08886557,0.001982579,-0.009068138,-54.66521
228,-3618.213,6586.375,-21196.78,2.048216,5.056317,65.00161,0.3843627,-0.190208,-0.706123,0.5634506,-0.08890506,0.00214421,-0.00902544,-54.67823
228.2,-3617.803,6587.385,-21183.78,2.049926,5.041056,64.93127,0.3833203,-0.1931079,-0.7111909,0.5567606,-0.08894457,0.002305015,-0.008979844,-54.69121
228.4,-3617.393,6588.391,-21170.8,2.050847,5.026042,64.8611,0.3822553,-0.1960062,-0.7161971,0.550022,-0.0889841,0.002464941,-0.008931366,-54.7042
228.6,-3616.982,6589.395,-21157.84,2.051003,5.011267,64.79108,0.3811675,-0.1989027,-0.721141,0.5432354,-0.08902364,0.002623938,-0.008880022,-54.71715
228.8,-3616.572,6590.396,-21144.89,2.050416,4.996726,64.72121,0.3800571,-0.2017971,-0.7260223,0.5364012,-0.08906321,0.002781953,-0.008825827,-54.73011
229,-3616.162,6591.394,-21131.95,2.04911,4.982412,64.65149,0.3789238,-0.2046893,-0.7308403,0.52952,-0.0891028,0.002938935,-0.008768802,-54.74305
229.2,-3615.753,6592.389,-21119.03,2.047105,4.968318,64.58192,0.3777676,-0.2075792,-0.7355947,0.5225925,-0.0891424,0.003094831,-0.00870896,-54.75597
229.4,-3615.344,6593.381,-21106.12,2.044423,4.95444,64.51251,0.3765885,-0.2104665,-0.740285,0.5156192,-0.08918202,0.003249593,-0.008646325,-54.76888
229.6,-3614.935,6594.371,-21093.22,2.041083,4.94077,64.44325,0.3753864,-0.2133511,-0.7449105,0.5086007,-0.08922166,0.003403168,-0.008580915,-54.78177
229.8,-3614.527,6595.357,-21080.34,2.037105,4.927302,64.37415,0.3741612,-0.2162327,-0.7494711,0.5015375,-0.08926132,0.003555506,-0.008512751,-54.79465
230,-3614.12,6596.341,-21067.47,2.032509,4.914032,64.30519,0.3729129,-0.2191112,-0.7539661,0.4944303,-0.089301,0.003706559,-0.008441856,-54.80753
230.2,-3613.714,6597.323,-21054.62,2.027314,4.900954,64.23639,0.3716415,-0.2219865,-0.7583951,0.4872797,-0.08934069,0.003856275,-0.008368254,-54.82038
230.4,-3613.309,6598.302,-21041.78,2.021537,4.888062,64.16774,0.3703469,-0.2248583,-0.7627576,0.4800862,-0.08938041,0.004004607,-0.008291966,-54.83323
230.6,-3612.906,6599.278,-21028.95,2.015196,4.875351,64.09924,0.369029,-0.2277263,-0.7670532,0.4728505,-0.08942014,0.004151504,-0.008213019,-54.84604
230.8,-3612.503,6600.252,-21016.14,2.008309,4.862817,64.03088,0.3676878,-0.2305906,-0.7712816,0.4655732,-0.08945989,0.00429692,-0.008131439,-54.85886
231,-3612.102,6601.224,-21003.34,2.000892,4.850454,63.96268,0.3663233,-0.2334507,-0.7754422,0.4582548,-0.08949966,0.004440805,-0.008047251,-54.87166
231.2,-3611.703,6602.192,-20990.55,1.992976,4.838215,63.89463,0.3649353,-0.2363066,-0.7795346,0.4508961,-0.08953945,0.004583114,-0.007960483,-54.88445
231.4,-3611.305,6603.159,-20977.78,1.984645,4.8259,63.82673,0.3635239,-0.2391581,-0.7835583,0.4434976,-0.08957926,0.004723798,-0.007871165,-54.89722
231.6,-3610.909,6604.123,-20965.02,1.97592,4.813486,63.75897,0.362089,-0.2420049,-0.7875131,0.43606,-0.08961909,0.00486281,-0.007779324,-54.90998
231.8,-3610.515,6605.084,-20952.28,1.966813,4.800976,63.69137,0.3606306,-0.2448469,-0.7913984,0.4285838,-0.08965893,0.005000107,-0.007684991,-54.92272
232,-3610.123,6606.043,-20939.54,1.957337,4.788376,63.62391,0.3591486,-0.2476838,-0.7952139,0.4210699,-0.08969879,0.005135641,-0.007588197,-54.93546
232.2,-3609.732,6607,-20926.83,1.947503,4.775687,63.55659,0.357643,-0.2505155,-0.7989592,0.4135186,-0.08973867,0.005269368,-0.007488974,-54.94817
232.4,-3609.344,6607.953,-20914.12,1.937322,4.762912,63.48943,0.3561138,-0.2533417,-0.8026338,0.4059309,-0.08977857,0.005401243,-0.007387355,-54.96088
232.6,-3608.957,6608.905,-20901.43,1.926781,4.750089,63.42241,0.3545609,-0.2561623,-0.8062375,0.3983072,-0.08981849,0.005531223,-0.007283372,-54.97356
232.8,-3608.573,6609.854,-20888.75,1.915783,4.737367,63.35553,0.3529842,-0.2589771,-0.8097697,0.3906482,-0.08985843,0.005659265,-0.007177061,-54.98624
233,-3608.191,6610.799,-20876.09,1.904331,4.724761,63.2888,0.3513839,-0.2617858,-0.8132302,0.3829547,-0.08989839,0.005785326,-0.007068456,-54.99891
233.2,-3607.811,6611.743,-20863.44,1.892439,4.712268,63.22221,0.3497598,-0.2645882,-0.8166185,0.3752272,-0.08993836,0.005909365,-0.006957592,-55.01156
233.4,-3607.434,6612.685,-20850.8,1.880121,4.699885,63.15576,0.3481118,-0.2673842,-0.8199343,0.3674664,-0.08997835,0.006031339,-0.006844508,-55.02421
233.6,-3607.059,6613.623,-20838.18,1.867389,4.68761,63.08945,0.3464401,-0.2701735,-0.8231773,0.3596731,-0.09001836,0.006151207,-0.006729241,-55.03683
233.8,-3606.687,6614.56,-20825.56,1.854257,4.675439,63.02329,0.3447445,-0.272956,-0.8263471,0.3518478,-0.09005839,0.006268931,-0.006611827,-55.04943
234,-3606.317,6615.493,-20812.97,1.840738,4.663369,62.95727,0.343025,-0.2757313,-0.8294432,0.3439913,-0.09009843,0.006384471,-0.006492306,-55.06203
234.2,-3605.951,6616.425,-20800.38,1.826844,4.651399,62.89138,0.3412817,-0.2784993,-0.8324655,0.3361042,-0.0901385,0.006497787,-0.006370719,-55.07462
234.4,-3605.587,6617.354,-20787.81,1.812587,4.639524,62.82564,0.3395144,-0.2812598,-0.8354136,0.3281873,-0.09017859,0.006608843,-0.006247105,-55.08719
234.6,-3605.226,6618.281,-20775.25,1.797979,4.627743,62.76004,0.3377232,-0.2840126,-0.8382872,0.3202412,-0.09021869,0.006717601,-0.006121506,-55.09975
234.8,-3604.867,6619.205,-20762.71,1.78303,4.616054,62.69458,0.3359081,-0.2867575,-0.8410859,0.3122667,-0.09025881,0.006824024,-0.005993963,-55.1123
235,-3604.512,6620.127,-20750.17,1.767752,4.604453,62.62925,0.334069,-0.2894942,-0.8438094,0.3042643,-0.09029894,0.006928076,-0.005864519,-55.12482
235.2,-3604.16,6621.047,-20737.65,1.752156,4.592938,62.56406,0.3322059,-0.2922225,-0.8464574,0.2962349,-0.0903391,0.007029723,-0.005733217,-55.13735
235.4,-3603.812,6621.964,-20725.15,1.736251,4.581508,62.49902,0.3303189,-0.2949423,-0.8490296,0.2881792,-0.09037928,0.00712893,-0.005600101,-55.14985
235.6,-3603.466,6622.879,-20712.65,1.720048,4.57016,62.4341,0.3284079,-0.2976532,-0.8515257,0.2800977,-0.09041947,0.007225665,-0.005465216,-55.16234
235.8,-3603.124,6623.792,-20700.17,1.703557,4.558891,62.36933,0.3264729,-0.3003551,-0.8539455,0.2719914,-0.09045968,0.007319893,-0.005328606,-55.17483
236,-3602.785,6624.703,-20687.71,1.686787,4.5477,62.30469,0.3245139,-0.3030478,-0.8562887,0.2638608,-0.09049991,0.007411584,-0.005190318,-55.18729
236.2,-3602.449,6625.611,-20675.25,1.669747,4.536585,62.24018,0.3225309,-0.305731,-0.8585548,0.2557067,-0.09054016,0.007500706,-0.005050397,-55.19974
236.4,-3602.117,6626.518,-20662.81,1.652446,4.525544,62.17581,0.3205239,-0.3084045,-0.8607439,0.2475299,-0.09058042,0.00758723,-0.004908891,-55.21219
236.6,-3601.788,6627.422,-20650.38,1.634892,4.514575,62.11158,0.318493,-0.3110681,-0.8628554,0.239331,-0.0906207,0.007671125,-0.004765848,-55.22462
236.8,-3601.463,6628.324,-20637.97,1.617095,4.503675,62.04747,0.316438,-0.3137216,-0.8648893,0.2311108,-0.090661,0.007752365,-0.004621314,-55.23704
237,-3601.141,6629.223,-20625.56,1.599063,4.492844,61.98351,0.3143591,-0.3163647,-0.8668453,0.22287,-0.09070132,0.007830919,-0.00447534,-55.24944
237.2,-3600.823,6630.121,-20613.17,1.580803,4.482079,61.91967,0.3122562,-0.3189972,-0.868723,0.2146094,-0.09074166,0.007906763,-0.004327975,-55.26183
237.4,-3600.509,6631.016,-20600.79,1.562322,4.471379,61.85596,0.3101294,-0.3216189,-0.8705223,0.2063296,-0.09078202,0.00797987,-0.004179267,-55.27421
237.6,-3600.198,6631.909,-20588.43,1.54363,4.460742,61.79239,0.3079786,-0.3242297,-0.872243,0.1980316,-0.09082239,0.008050215,-0.004029268,-55.28657
237.8,-3599.891,6632.8,-20576.08,1.524732,4.450166,61.72895,0.3058039,-0.3268291,-0.8738848,0.1897158,-0.09086278,0.008117775,-0.003878027,-55.29893
238,-3599.588,6633.689,-20563.74,1.505635,4.43965,61.66565,0.3036052,-0.329417,-0.8754476,0.1813833,-0.09090319,0.008182527,-0.003725597,-55.31125
238.2,-3599.289,6634.576,-20551.41,1.486348,4.429192,61.60247,0.3013827,-0.3319933,-0.876931,0.1730346,-0.09094361,0.008244446,-0.003572029,-55.32358
238.4,-3598.994,6635.461,-20539.1,1.466875,4.418792,61.53942,0.2991363,-0.3345576,-0.878335,0.1646705,-0.09098406,0.008303515,-0.003417374,-55.3359
238.6,-3598.702,6636.344,-20526.8,1.447224,4.408446,61.4765,0.296866,-0.3371097,-0.8796593,0.1562919,-0.09102452,0.008359711,-0.003261686,-55.3482
238.8,-3598.415,6637.224,-20514.51,1.427401,4.398155,61.41371,0.2945719,-0.3396494,-0.8809038,0.1478994,-0.091065,0.008413014,-0.003105016,-55.36049
239,-3598.131,6638.103,-20502.23,1.407412,4.387917,61.35105,0.292254,-0.3421764,-0.8820682,0.1394938,-0.0911055,0.008463408,-0.00294742,-55.37276
239.2,-3597.852,6638.979,-20489.97,1.387263,4.37773,61.28852,0.2899124,-0.3446906,-0.8831525,0.1310759,-0.09114601,0.008510874,-0.002788949,-55.38503
239.4,-3597.577,6639.854,-20477.71,1.36696,4.367593,61.22612,0.287547,-0.3471917,-0.8841563,0.1226465,-0.09118655,0.008555396,-0.002629659,-55.39728
239.6,-3597.305,6640.727,-20465.48,1.346508,4.357505,61.16384,0.2851579,-0.3496795,-0.8850797,0.1142062,-0.0912271,0.00859696,-0.002469603,-55.40952
239.8,-3597.038,6641.597,-20453.25,1.325912,4.347465,61.10169,0.2827452,-0.3521537,-0.8859225,0.105756,-0.09126767,0.008635549,-0.002308836,-55.42174
240,-3596.775,6642.465,-20441.04,1.305177,4.337471,61.03967,0.2803088,-0.3546141,-0.8866844,0.09729652,-0.09130826,0.008671151,-0.002147413,-55.43397
240.2,-3596.516,6643.332,-20428.83,1.28431,4.327523,60.97777,0.2778489,-0.3570604,-0.8873654,0.08882857,-0.09134886,0.008703754,-0.001985389,-55.44617
240.4,-3596.261,6644.197,-20416.64,1.263314,4.317618,60.916,0.2753654,-0.3594925,-0.8879653,0.08035293,-0.09138948,0.008733346,-0.00182282,-55.45835
240.6,-3596.01,6645.059,-20404.47,1.242195,4.307758,60.85435,0.2728584,-0.3619101,-0.8884841,0.07187039,-0.09143012,0.008759917,-0.001659762,-55.47053
240.8,-3595.764,6645.919,-20392.3,1.220957,4.297939,60.79283,0.270328,-0.3643129,-0.8889216,0.06338172,-0.09147078,0.008783457,-0.001496269,-55.4827
241,-3595.522,6646.778,-20380.15,1.199604,4.288161,60.73143,0.2677741,-0.3667007,-0.8892778,0.0548877,-0.09151146,0.008803958,-0.0013324,-55.49485
241.2,-3595.284,6647.635,-20368.01,1.178141,4.278424,60.67016,0.265197,-0.3690734,-0.8895524,0.04638912,-0.09155215,0.008821413,-0.001168209,-55.50699
241.4,-3595.051,6648.49,-20355.88,1.156572,4.268726,60.60901,0.2625965,-0.3714305,-0.8897455,0.03788676,-0.09159286,0.008835816,-0.001003753,-55.51911
241.6,-3594.822,6649.342,-20343.77,1.134902,4.259067,60.54799,0.2599728,-0.373772,-0.8898569,0.02938142,-0.09163359,0.008847161,-0.0008390889,-55.53123
241.8,-3594.597,6650.193,-20331.66,1.113133,4.249444,60.48709,0.257326,-0.3760976,-0.8898866,0.02087388,-0.09167434,0.008855444,-0.0006742736,-55.54334
242,-3594.376,6651.042,-20319.57,1.091271,4.239859,60.42631,0.254656,-0.3784069,-0.8898346,0.01236493,-0.0917151,0.008860664,-0.0005093639,-55.55543
242.2,-3594.16,6651.889,-20307.49,1.069318,4.230309,60.36565,0.251963,-0.3806999,-0.8897007,0.003855359,-0.09175587,0.008862815,-0.0003444166,-55.56751
242.4,-3593.949,6652.734,-20295.43,1.047279,4.220794,60.30511,0.2492471,-0.3829762,-0.8894849,-0.004654032,-0.09179667,0.008861899,-0.0001794888,-55.57958
242.6,-3593.742,6653.578,-20283.37,1.025156,4.211313,60.2447,0.2465082,-0.3852357,-0.8891872,-0.01316245,-0.09183749,0.008857916,-1.463754e-05,-55.59164
242.8,-3593.539,6654.419,-20271.33,1.002954,4.201865,60.18441,0.2437465,-0.387478,-0.8888076,-0.02166911,-0.09187832,0.008850867,0.0001500801,-55.60367
243,-3593.34,6655.258,-20259.3,0.9806755,4.19245,60.12423,0.2409621,-0.3897029,-0.888346,-0.0301732,-0.09191917,0.008840753,0.000314607,-55.6157
243.2,-3593.146,6656.096,-20247.28,0.9583235,4.183067,60.06418,0.238155,-0.3919103,-0.8878023,-0.03867394,-0.09196004,0.008827578,0.0004788861,-55.62772
243.4,-3592.957,6656.932,-20235.27,0.9359013,4.173715,60.00425,0.2353252,-0.3940997,-0.8871766,-0.04717052,-0.09200092,0.008811347,0.0006428603,-55.63973
243.6,-3592.772,6657.765,-20223.28,0.9134121,4.164393,59.94444,0.232473,-0.3962711,-0.8864689,-0.05566214,-0.09204183,0.008792064,0.0008064726,-55.65172
243.8,-3592.592,6658.597,-20211.29,0.8908586,4.155101,59.88474,0.2295983,-0.3984242,-0.8856793,-0.06414801,-0.09208275,0.008769738,0.0009696661,-55.6637
244,-3592.416,6659.427,-20199.32,0.8682437,4.145839,59.82516,0.2267013,-0.4005587,-0.8848076,-0.07262732,-0.09212369,0.008744373,0.001132384,-55.67568
244.2,-3592.244,6660.255,-20187.36,0.8455701,4.136605,59.76571,0.223782,-0.4026744,-0.883854,-0.08109927,-0.09216464,0.008715981,0.001294569,-55.68764
244.4,-3592.078,6661.082,-20175.42,0.8228405,4.127398,59.70637,0.2208406,-0.4047711,-0.8828184,-0.08956307,-0.09220561,0.008684569,0.001456166,-55.69959
244.6,-3591.915,6661.907,-20163.48,0.8000574,4.118219,59.64715,0.2178771,-0.4068484,-0.8817009,-0.09801791,-0.0922466,0.00865015,0.001617117,-55.71152
244.8,-3591.758,6662.729,-20151.56,0.7772233,4.109067,59.58805,0.2148916,-0.4089063,-0.8805015,-0.106463,-0.09228761,0.008612734,0.001777366,-55.72344
245,-3591.604,6663.55,-20139.65,0.7543407,4.099941,59.52906,0.2118843,-0.4109443,-0.8792203,-0.1148975,-0.09232864,0.008572336,0.001936857,-55.73536
245.2,-3591.456,6664.369,-20127.75,0.7314119,4.090841,59.47019,0.2088552,-0.4129624,-0.8778574,-0.1233206,-0.09236968,0.008528967,0.002095535,-55.74726
245.4,-3591.312,6665.187,-20115.86,0.7084391,4.081766,59.41144,0.2058044,-0.4149602,-0.8764128,-0.1317316,-0.09241074,0.008482645,0.002253343,-55.75915
245.6,-3591.172,6666.002,-20103.98,0.6854246,4.072715,59.3528,0.2027321,-0.4169375,-0.8748866,-0.1401296,-0.09245181,0.008433384,0.002410227,-55.77102
245.8,-3591.038,6666.815,-20092.12,0.6623704,4.063689,59.29428,0.1996383,-0.4188941,-0.8732789,-0.1485138,-0.09249291,0.008381202,0.002566131,-55.78289
246,-3590.907,6667.627,-20080.26,0.6392787,4.054686,59.23587,0.1965232,-0.4208297,-0.8715897,-0.1568834,-0.09253401,0.008326117,0.002721,-55.79473
246.2,-3590.782,6668.438,-20068.42,0.6161515,4.045706,59.17758,0.1933869,-0.4227441,-0.8698192,-0.1652377,-0.09257515,0.008268148,0.002874779,-55.80657
246.4,-3590.661,6669.246,-20056.59,0.5929905,4.036749,59.1194,0.1902295,-0.424637,-0.8679675,-0.1735758,-0.09261629,0.008207315,0.003027416,-55.81841
246.6,-3590.545,6670.052,-20044.77,0.5697978,4.027814,59.06134,0.1870511,-0.4265083,-0.8660347,-0.1818969,-0.09265745,0.008143638,0.003178855,-55.83022
246.8,-3590.433,6670.857,-20032.97,0.5465752,4.018901,59.00339,0.1838519,-0.4283576,-0.8640209,-0.1902002,-0.09269863,0.008077143,0.003329043,-55.84203
247,-3590.326,6671.66,-20021.17,0.5233243,4.01001,58.94555,0.1806319,-0.4301848,-0.8619263,-0.1984849,-0.09273983,0.00800785,0.003477928,-55.85383
247.2,-3590.224,6672.461,-20009.39,0.500047,4.001139,58.88783,0.1773914,-0.4319896,-0.8597509,-0.2067502,-0.09278104,0.007935784,0.003625456,-55.86561
247.4,-3590.126,6673.26,-19997.62,0.4767448,3.992289,58.83022,0.1741304,-0.4337717,-0.8574951,-0.2149954,-0.09282228,0.007860971,0.003771575,-55.87739
247.6,-3590.033,6674.058,-19985.86,0.4534194,3.98346,58.77272,0.170849,-0.4355309,-0.8551587,-0.2232195,-0.09286353,0.007783436,0.003916234,-55.88914
247.8,-3589.945,6674.854,-19974.11,0.4300723,3.97465,58.71534,0.1675475,-0.437267,-0.8527423,-0.2314219,-0.09290479,0.007703208,0.004059381,-55.90089
248,-3589.861,6675.647,-19962.37,0.4067049,3.96586,58.65807,0.1642259,-0.4389798,-0.8502457,-0.2396016,-0.09294607,0.007620314,0.004200966,-55.91263
248.2,-3589.782,6676.44,-19950.64,0.3833188,3.957089,58.6009,0.1608844,-0.440669,-0.8476692,-0.247758,-0.09298737,0.007534783,0.004340937,-55.92435
248.4,-3589.708,6677.23,-19938.93,0.3601709,3.948445,58.54385,0.1575231,-0.4423344,-0.845013,-0.2558903,-0.09302869,0.007446647,0.004479246,-55.93607
248.6,-3589.638,6678.02,-19927.23,0.3384677,3.940441,58.48689,0.1541422,-0.4439756,-0.8422773,-0.2639976,-0.09307003,0.007355935,0.004615842,-55.94778
248.8,-3589.572,6678.807,-19915.54,0.3183199,3.933122,58.43002,0.1507418,-0.4455926,-0.8394624,-0.2720791,-0.09311138,0.00726268,0.004750678,-55.95946
249,-3589.51,6679.593,-19903.86,0.299677,3.926467,58.37325,0.1473221,-0.4471851,-0.8365684,-0.280134,-0.09315275,0.007166915,0.004883705,-55.97114
249.2,-3589.452,6680.377,-19892.19,0.2824903,3.920454,58.31658,0.1438833,-0.4487528,-0.8335955,-0.2881616,-0.09319414,0.007068674,0.005014875,-55.98281
249.4,-3589.397,6681.161,-19880.53,0.2667121,3.915061,58.26001,0.1404255,-0.4502955,-0.8305439,-0.2961611,-0.09323554,0.006967991,0.005144143,-55.99447
249.6,-3589.345,6681.943,-19868.88,0.2522967,3.910269,58.20354,0.1369488,-0.451813,-0.827414,-0.3041316,-0.09327696,0.006864903,0.00527146,-56.00611
249.8,-3589.296,6682.725,-19857.25,0.2391995,3.906058,58.14717,0.1334535,-0.4533051,-0.8242059,-0.3120725,-0.0933184,0.006759447,0.005396782,-56.01775
250,-3589.25,6683.506,-19845.62,0.2273774,3.902409,58.09092,0.1299396,-0.4547714,-0.82092,-0.3199829,-0.09335986,0.006651659,0.005520064,-56.02938
250.2,-3589.205,6684.286,-19834.01,0.2167886,3.899303,58.03476,0.1264074,-0.4562118,-0.8175564,-0.327862,-0.09340133,0.006541578,0.005641263,-56.04099
250.4,-3589.163,6685.065,-19822.41,0.2073926,3.896722,57.97872,0.122857,-0.4576261,-0.8141154,-0.335709,-0.09344282,0.006429244,0.005760332,-56.05259
250.6,-3589.122,6685.845,-19810.82,0.1991503,3.89465,57.92278,0.1192887,-0.459014,-0.8105974,-0.3435233,-0.09348433,0.006314696,0.005877231,-56.06418
250.8,-3589.083,6686.624,-19799.24,0.1920235,3.893068,57.86695,0.1157025,-0.4603753,-0.8070025,-0.3513039,-0.09352586,0.006197976,0.005991917,-56.07577
251,-3589.045,6687.402,-19787.67,0.1859756,3.891962,57.81124,0.1120987,-0.4617098,-0.8033311,-0.3590502,-0.09356739,0.006079125,0.006104349,-56.08733
251.2,-3589.009,6688.18,-19776.12,0.1809707,3.891315,57.75563,0.1084774,-0.4630173,-0.7995836,-0.3667613,-0.09360895,0.005958186,0.006214486,-56.09888
251.4,-3588.973,6688.958,-19764.57,0.1769745,3.891112,57.70013,0.1048389,-0.4642974,-0.7957601,-0.3744364,-0.09365053,0.005835202,0.006322288,-56.11043
251.6,-3588.938,6689.737,-19753.04,0.1739534,3.891339,57.64474,0.1011833,-0.46555,-0.791861,-0.382075,-0.09369212,0.005710218,0.006427717,-56.12197
251.8,-3588.903,6690.515,-19741.51,0.1718749,3.89198,57.58946,0.09751079,-0.466775,-0.7878867,-0.389676,-0.09373374,0.005583277,0.006530734,-56.13349
252,-3588.869,6691.293,-19730,0.1707078,3.893022,57.53429,0.09382161,-0.4679719,-0.7838374,-0.3972389,-0.09377536,0.005454427,0.006631301,-56.145
252.2,-3588.835,6692.072,-19718.5,0.1704216,3.894452,57.47923,0.09011593,-0.4691407,-0.7797135,-0.4047628,-0.093817,0.005323713,0.006729383,-56.1565
252.4,-3588.801,6692.852,-19707.01,0.1709869,3.896256,57.42428,0.08639395,-0.4702812,-0.7755154,-0.4122469,-0.09385867,0.005191183,0.006824945,-56.16799
252.6,-3588.767,6693.631,-19695.53,0.1723751,3.898423,57.36944,0.08265588,-0.471393,-0.7712435,-0.4196906,-0.09390035,0.005056884,0.00691795,-56.17946
252.8,-3588.732,6694.411,-19684.06,0.1745586,3.900939,57.31471,0.07890193,-0.472476,-0.7668979,-0.4270931,-0.09394205,0.004920864,0.007008365,-56.19094
253,-3588.697,6695.191,-19672.6,0.1775108,3.903794,57.26009,0.07513229,-0.47353,-0.7624792,-0.4344536,-0.09398375,0.004783174,0.007096157,-56.2024
253.2,-3588.661,6695.972,-19661.16,0.1812056,3.906974,57.20557,0.07134718,-0.4745547,-0.7579878,-0.4417713,-0.09402549,0.004643862,0.007181295,-56.21384
253.4,-3588.624,6696.754,-19649.72,0.185618,3.91047,57.15117,0.06754681,-0.47555,-0.753424,-0.4490456,-0.09406724,0.00450298,0.007263747,-56.22527
253.6,-3588.586,6697.537,-19638.3,0.1907238,3.914272,57.09687,0.06373139,-0.4765155,-0.7487882,-0.4562757,-0.094109,0.004360578,0.007343483,-56.2367
253.8,-3588.548,6698.32,-19626.88,0.1964994,3.918367,57.04268,0.05990116,-0.4774512,-0.7440807,-0.4634609,-0.09415078,0.004216707,0.007420474,-56.24811
254,-3588.508,6699.104,-19615.48,0.2029221,3.922746,56.9886,0.05605632,-0.4783568,-0.7393022,-0.4706004,-0.09419259,0.004071421,0.007494691,-56.25953
254.2,-3588.467,6699.889,-19604.09,0.2099699,3.927401,56.93462,0.05219711,-0.4792322,-0.7344528,-0.4776935,-0.0942344,0.003924773,0.007566108,-56.27091
254.4,-3588.424,6700.675,-19592.71,0.2176213,3.93232,56.88075,0.04832374,-0.480077,-0.7295331,-0.4847395,-0.09427623,0.003776815,0.007634698,-56.28229
254.6,-3588.38,6701.462,-19581.33,0.2258558,3.937495,56.82698,0.04443644,-0.480891,-0.7245435,-0.4917377,-0.09431808,0.003627601,0.007700436,-56.29366
254.8,-3588.333,6702.25,-19569.97,0.2346534,3.942918,56.77333,0.04053546,-0.4816742,-0.7194844,-0.4986872,-0.09435996,0.003477186,0.007763297,-56.30503
255,-3588.286,6703.039,-19558.62,0.2439947,3.948579,56.71977,0.03662102,-0.4824263,-0.7143564,-0.5055876,-0.09440184,0.003325624,0.00782326,-56.31638
255.2,-3588.236,6703.83,-19547.29,0.253861,3.954471,56.66632,0.03269336,-0.483147,-0.7091597,-0.5124379,-0.09444375,0.003172972,0.007880299,-56.32772
255.4,-3588.184,6704.621,-19535.96,0.2642342,3.960585,56.61297,0.02875272,-0.4838362,-0.703895,-0.5192375,-0.09448567,0.003019285,0.007934397,-56.33904
255.6,-3588.13,6705.414,-19524.64,0.2750967,3.966914,56.55973,0.02479934,-0.4844937,-0.6985626,-0.5259858,-0.0945276,0.002864618,0.007985532,-56.35036
255.8,-3588.074,6706.208,-19513.34,0.2864316,3.973449,56.50659,0.02083347,-0.4851193,-0.6931631,-0.5326819,-0.09456956,0.00270903,0.008033686,-56.36167
256,-3588.016,6707.003,-19502.04,0.2982223,3.980185,56.45355,0.01685536,-0.4857128,-0.6876969,-0.5393254,-0.09461153,0.002552577,0.00807884,-56.37296
256.2,-3587.955,6707.8,-19490.75,0.310453,3.987113,56.40061,0.01286525,-0.486274,-0.6821646,-0.5459153,-0.09465352,0.002395316,0.008120977,-56.38425
256.4,-3587.891,6708.598,-19479.48,0.3231083,3.994228,56.34777,0.008863407,-0.4868028,-0.6765666,-0.5524511,-0.09469553,0.002237305,0.008160083,-56.39551
256.6,-3587.825,6709.397,-19468.21,0.3361733,4.001522,56.29504,0.004850077,-0.4872988,-0.6709034,-0.558932,-0.09473755,0.002078603,0.008196141,-56.40679
256.8,-3587.757,6710.198,-19456.96,0.3496336,4.008989,56.2424,0.0008255197,-0.487762,-0.6651756,-0.5653574,-0.0947796,0.001919267,0.008229139,-56.41804
257,-3587.686,6711.001,-19445.72,0.3634752,4.016623,56.18987,-0.003210002,-0.4881921,-0.6593837,-0.5717266,-0.09482165,0.001759357,0.008259065,-56.42928
257.2,-3587.611,6711.805,-19434.48,0.3776847,4.024418,56.13744,-0.007256226,-0.4885891,-0.6535281,-0.5780391,-0.09486374,0.001598931,0.008285907,-56.44051
257.4,-3587.534,6712.611,-19423.26,0.3922489,4.032368,56.0851,-0.01131289,-0.4889526,-0.6476095,-0.5842939,-0.09490583,0.001438049,0.008309655,-56.45174
257.6,-3587.455,6713.418,-19412.05,0.4071553,4.040468,56.03286,-0.01537971,-0.4892825,-0.6416283,-0.5904906,-0.09494794,0.001276771,0.0083303,-56.46294
257.8,-3587.372,6714.227,-19400.85,0.4223916,4.048712,55.98072,-0.01945643,-0.4895787,-0.6355852,-0.5966285,-0.09499007,0.001115155,0.008347834,-56.47416
258,-3587.285,6715.038,-19389.66,0.437946,4.057095,55.92868,-0.02354277,-0.4898409,-0.6294807,-0.602707,-0.09503222,0.000953262,0.008362251,-56.48534
258.2,-3587.196,6715.85,-19378.48,0.4537498,4.065641,55.87674,-0.02763846,-0.490069,-0.6233153,-0.6087252,-0.09507438,0.0007911517,0.008373545,-56.49653
258.4,-3587.104,6716.664,-19367.31,0.4695799,4.074454,55.82492,-0.03174322,-0.4902629,-0.6170897,-0.6146829,-0.09511656,0.0006288844,0.00838171,-56.50001
258.6,-3587.009,6717.479,-19356.15,0.4854142,4.083535,55.77328,-0.03585676,-0.4904222,-0.6108044,-0.620579,-0.09515876,0.0004665202,0.008386746,-56.50001
258.8,-3586.91,6718.297,-19345,0.501252,4.092874,55.72184,-0.0399788,-0.490547,-0.6044599,-0.6264132,-0.09520098,0.0003041196,0.008388649,-56.50001
259,-3586.808,6719.117,-19333.86,0.5170926,4.102461,55.67057,-0.04410906,-0.490637,-0.598057,-0.6321847,-0.09524322,0.000141743,0.008387418,-56.50001
259.2,-3586.703,6719.938,-19322.73,0.5329354,4.112288,55.61948,-0.04824724,-0.490692,-0.5915961,-0.6378931,-0.09528547,-2.054915e-05,0.008383052,-56.50001
259.4,-3586.595,6720.762,-19311.61,0.5487799,4.122346,55.56855,-0.05239306,-0.490712,-0.5850779,-0.6435375,-0.09532773,-0.0001826963,0.008375556,-56.50001
259.6,-3586.483,6721.587,-19300.5,0.5646256,4.132627,55.51779,-0.05654621,-0.4906967,-0.578503,-0.6491175,-0.09537002,-0.000344638,0.00836493,-56.50001
259.8,-3586.369,6722.415,-19289.4,0.5804718,4.143124,55.46718,-0.06070642,-0.4906459,-0.571872,-0.6546324,-0.09541233,-0.0005063136,0.008351178,-56.50001
260,-3586.251,6723.245,-19278.32,0.596318,4.153827,55.41673,-0.06487337,-0.4905597,-0.5651855,-0.6600817,-0.09545465,-0.0006676629,0.008334304,-56.50001
260.2,-3586.13,6724.076,-19267.24,0.6121638,4.16473,55.36643,-0.06904677,-0.4904377,-0.5584443,-0.6654648,-0.09549699,-0.0008286253,0.008314317,-56.50001
260.4,-3586.006,6724.911,-19256.17,0.6280088,4.175824,55.31627,-0.0732263,-0.4902798,-0.5516489,-0.6707811,-0.09553935,-0.0009891405,0.008291222,-56.50001
260.6,-3585.879,6725.747,-19245.11,0.6438523,4.187104,55.26625,-0.07741167,-0.4900859,-0.5447998,-0.6760299,-0.09558172,-0.001149148,0.008265028,-56.50001
260.8,-3585.749,6726.585,-19234.06,0.6597344,4.198558,55.21637,-0.08160258,-0.4898558,-0.5378979,-0.6812108,-0.09562411,-0.001308589,0.008235744,-56.50001
261,-3585.615,6727.426,-19223.03,0.6757973,4.210161,55.16663,-0.0857987,-0.4895895,-0.5309438,-0.6863231,-0.09566652,-0.001467402,0.008203383,-56.50001
261.2,-3585.479,6728.27,-19212,0.692047,4.221907,55.11701,-0.08999973,-0.4892867,-0.5239381,-0.6913664,-0.09570895,-0.001625528,0.008167954,-56.50001
261.4,-3585.339,6729.115,-19200.98,0.7084765,4.23379,55.06752,-0.09420534,-0.4889473,-0.5168815,-0.69634,-0.0957514,-0.001782908,0.008129472,-56.50001
261.6,-3585.195,6729.963,-19189.97,0.7250791,4.245806,55.01817,-0.09841523,-0.4885713,-0.5097746,-0.7012435,-0.09579386,-0.001939482,0.00808795,-56.50001
261.8,-3585.049,6730.813,-19178.97,0.7418481,4.257948,54.96893,-0.1026291,-0.4881584,-0.5026183,-0.7060761,-0.09583634,-0.002095191,0.008043405,-56.50001
262,-3584.898,6731.666,-19167.98,0.7587771,4.270213,54.91981,-0.1068466,-0.4877085,-0.495413,-0.7108377,-0.09587884,-0.002249976,0.007995852,-56.50001
262.2,-3584.745,6732.521,-19157,0.7758601,4.282595,54.87081,-0.1110673,-0.4872216,-0.4881596,-0.7155273,-0.09592136,-0.002403779,0.00794531,-56.50001
262.4,-3584.588,6733.379,-19146.03,0.793091,4.295091,54.82193,-0.1152911,-0.4866975,-0.4808587,-0.7201447,-0.0959639,-0.002556542,0.007891797,-56.50001
262.6,-3584.428,6734.239,-19135.07,0.8104642,4.307695,54.77316,-0.1195175,-0.486136,-0.4735111,-0.7246893,-0.09600645,-0.002708206,0.007835334,-56.50001
262.8,-3584.264,6735.102,-19124.12,0.8279741,4.320404,54.72449,-0.1237463,-0.4855371,-0.4661175,-0.7291605,-0.09604902,-0.002858715,0.007775942,-56.50001
263,-3584.096,6735.968,-19113.18,0.8456153,4.333212,54.67595,-0.127977,-0.4849006,-0.4586785,-0.733558,-0.09609161,-0.003008011,0.007713642,-56.50001
263.2,-3583.926,6736.835,-19102.25,0.8633827,4.346118,54.6275,-0.1322094,-0.4842265,-0.4511949,-0.7378811,-0.09613421,-0.003156038,0.007648459,-56.50001
263.4,-3583.751,6737.706,-19091.33,0.8812712,4.359117,54.57917,-0.1364431,-0.4835145,-0.4436674,-0.7421295,-0.09617683,-0.003302739,0.007580417,-56.50001
263.6,-3583.573,6738.579,-19080.42,0.899276,4.372203,54.53093,-0.1406778,-0.4827648,-0.4360968,-0.7463025,-0.09621947,-0.003448059,0.007509541,-56.50001
263.8,-3583.391,6739.455,-19069.52,0.9173924,4.385376,54.4828,-0.1449131,-0.481977,-0.4284838,-0.7503999,-0.09626213,-0.003591941,0.007435858,-56.50001
264,-3583.206,6740.333,-19058.63,0.935616,4.398631,54.43477,-0.1491487,-0.4811511,-0.4208292,-0.754421,-0.09630481,-0.003734332,0.007359397,-56.50001
264.2,-3583.017,6741.214,-19047.75,0.9539422,4.411964,54.38684,-0.1533843,-0.480287,-0.4131336,-0.7583655,-0.09634751,-0.003875177,0.007280185,-56.50001
264.4,-3582.824,6742.098,-19036.88,0.972367,4.425373,54.33902,-0.1576195,-0.4793847,-0.4053979,-0.7622328,-0.09639022,-0.004014422,0.007198254,-56.50001
264.6,-3582.628,6742.984,-19026.01,0.9908863,4.438854,54.29128,-0.161854,-0.478444,-0.3976228,-0.7660226,-0.09643295,-0.004152014,0.007113634,-56.50001
264.8,-3582.428,6743.874,-19015.16,1.009496,4.452404,54.24365,-0.1660873,-0.4774649,-0.3898091,-0.7697344,-0.09647571,-0.004287901,0.007026357,-56.50001
265,-3582.224,6744.766,-19004.31,1.028192,4.466022,54.19611,-0.1703192,-0.4764472,-0.3819576,-0.7733679,-0.09651847,-0.004422029,0.006936456,-56.50001
265.2,-3582.017,6745.66,-18993.48,1.046972,4.479702,54.14866,-0.1745493,-0.4753909,-0.3740689,-0.7769224,-0.09656126,-0.004554349,0.006843966,-56.50001
265.4,-3581.806,6746.557,-18982.65,1.065831,4.493444,54.10131,-0.1787772,-0.474296,-0.366144,-0.7803977,-0.09660406,-0.004684809,0.006748922,-56.50001
265.6,-3581.591,6747.458,-18971.84,1.084766,4.507245,54.05405,-0.1830027,-0.4731622,-0.3581836,-0.7837934,-0.09664689,-0.004813358,0.00665136,-56.50001
265.8,-3581.372,6748.36,-18961.03,1.103774,4.521101,54.00689,-0.1872252,-0.4719896,-0.3501884,-0.787109,-0.09668973,-0.004939948,0.006551317,-56.50001
266,-3581.149,6749.266,-18950.24,1.122851,4.53501,53.95981,-0.1914445,-0.4707781,-0.3421593,-0.7903442,-0.09673259,-0.00506453,0.006448832,-56.50001
266.2,-3580.923,6750.174,-18939.45,1.141994,4.54897,53.91283,-0.1956602,-0.4695277,-0.3340971,-0.7934985,-0.09677546,-0.005187055,0.006343944,-56.50001
266.4,-3580.692,6751.085,-18928.67,1.161202,4.56298,53.86593,-0.1998719,-0.4682382,-0.3260027,-0.7965717,-0.09681837,-0.005307477,0.006236693,-56.50001
266.6,-3580.458,6752,-18917.9,1.180469,4.577036,53.81912,-0.2040793,-0.4669096,-0.3178767,-0.7995633,-0.09686128,-0.005425749,0.00612712,-56.50001
266.8,-3580.22,6752.917,-18907.14,1.199795,4.591136,53.7724,-0.2082821,-0.4655419,-0.3097199,-0.802473,-0.09690421,-0.005541825,0.006015267,-56.50001
267,-3579.978,6753.836,-18896.39,1.219175,4.605279,53.72577,-0.2124797,-0.4641349,-0.3015334,-0.8053004,-0.09694716,-0.005655661,0.005901177,-56.50001
267.2,-3579.732,6754.758,-18885.65,1.238609,4.619462,53.67923,-0.2166719,-0.4626888,-0.2933178,-0.8080452,-0.09699013,-0.005767212,0.005784895,-56.50001
267.4,-3579.483,6755.684,-18874.92,1.258092,4.633685,53.63277,-0.2208582,-0.4612033,-0.285074,-0.8107071,-0.09703312,-0.005876435,0.005666464,-56.50001
267.6,-3579.229,6756.612,-18864.2,1.277622,4.647943,53.5864,-0.2250384,-0.4596785,-0.2768027,-0.8132857,-0.09707613,-0.005983287,0.00554593,-56.50001
267.8,-3578.972,6757.543,-18853.49,1.297198,4.662237,53.54011,-0.229212,-0.4581144,-0.2685049,-0.8157807,-0.09711915,-0.006087728,0.005423341,-56.50001
268,-3578.71,6758.477,-18842.78,1.316817,4.676564,53.49391,-0.2333787,-0.4565108,-0.2601815,-0.8181918,-0.09716219,-0.006189717,0.005298743,-56.50001
268.2,-3578.445,6759.414,-18832.09,1.336477,4.690923,53.44779,-0.237538,-0.4548679,-0.2518331,-0.8205187,-0.09720526,-0.006289213,0.005172184,-56.50001
268.4,-3578.176,6760.353,-18821.4,1.356176,4.705311,53.40176,-0.2416897,-0.4531854,-0.2434607,-0.8227612,-0.09724834,-0.006386179,0.005043713,-56.50001
268.6,-3577.902,6761.295,-18810.73,1.375911,4.719728,53.35581,-0.2458332,-0.4514635,-0.2350651,-0.8249189,-0.09729144,-0.006480575,0.004913381,-56.50001
268.8,-3577.625,6762.241,-18800.06,1.395681,4.734172,53.30994,-0.2499683,-0.4497021,-0.2266472,-0.8269915,-0.09733456,-0.006572366,0.004781237,-56.50001
269,-3577.344,6763.189,-18789.4,1.415483,4.748642,53.26416,-0.2540945,-0.4479012,-0.2182078,-0.8289788,-0.0973777,-0.006661515,0.004647334,-56.50001
269.2,-3577.059,6764.141,-18778.76,1.435317,4.763136,53.21846,-0.2582115,-0.4460607,-0.2097478,-0.8308806,-0.09742085,-0.006747989,0.004511722,-56.50001
269.4,-3576.77,6765.095,-18768.12,1.45518,4.777652,53.17284,-0.2623188,-0.4441808,-0.2012681,-0.8326965,-0.09746403,-0.006831751,0.004374455,-56.50001
269.6,-3576.477,6766.052,-18757.49,1.475071,4.79219,53.1273,-0.2664162,-0.4422612,-0.1927695,-0.8344263,-0.09750722,-0.006912771,0.004235587,-56.50001
269.8,-3576.18,6767.011,-18746.87,1.494987,4.806748,53.08184,-0.2705031,-0.4403022,-0.1842529,-0.8360699,-0.09755043,-0.006991016,0.00409517,-56.50001
270,-3575.879,6767.974,-18736.25,1.514928,4.821326,53.03647,-0.2745792,-0.4383036,-0.1757191,-0.837627,-0.09759366,-0.007066455,0.00395326,-56.50001
270.2,-3575.574,6768.94,-18725.65,1.534891,4.835921,52.99117,-0.2786442,-0.4362655,-0.1671691,-0.8390973,-0.09763691,-0.007139058,0.003809914,-56.50001
270.4,-3575.265,6769.909,-18715.06,1.554876,4.850533,52.94596,-0.2826975,-0.4341879,-0.1586038,-0.8404807,-0.09768018,-0.007208798,0.003665185,-56.50001
270.6,-3574.952,6770.88,-18704.47,1.574881,4.865161,52.90082,-0.2867389,-0.4320708,-0.1500239,-0.841777,-0.09772347,-0.007275646,0.003519131,-56.50001
270.8,-3574.635,6771.854,-18693.9,1.594905,4.879804,52.85577,-0.2907679,-0.4299141,-0.1414305,-0.8429859,-0.09776677,-0.007339576,0.00337181,-56.50001
271,-3574.314,6772.832,-18683.33,1.614946,4.89446,52.81079,-0.2947842,-0.4277181,-0.1328243,-0.8441074,-0.0978101,-0.007400563,0.003223278,-56.50001
271.2,-3573.989,6773.812,-18672.77,1.635002,4.909128,52.7659,-0.2987873,-0.4254826,-0.1242063,-0.8451411,-0.09785344,-0.007458583,0.003073595,-56.50001
271.4,-3573.66,6774.796,-18662.22,1.655074,4.923809,52.72108,-0.3027768,-0.4232077,-0.1155773,-0.8460871,-0.09789681,-0.007513612,0.002922819,-56.50001
271.6,-3573.327,6775.782,-18651.69,1.675158,4.9385,52.67634,-0.3067524,-0.4208934,-0.1069383,-0.846945,-0.09794019,-0.007565628,0.002771009,-56.50001
271.8,-3572.99,6776.771,-18641.15,1.695256,4.953202,52.63168,-0.3107136,-0.4185398,-0.09829021,-0.8477149,-0.09798359,-0.007614612,0.002618225,-56.50001
272,-3572.649,6777.763,-18630.63,1.715364,4.967912,52.58709,-0.31466,-0.4161469,-0.08963384,-0.8483965,-0.09802701,-0.007660544,0.002464527,-56.50001
272.2,-3572.304,6778.758,-18620.12,1.735483,4.982631,52.54259,-0.3185913,-0.4137148,-0.08097014,-0.8489897,-0.09807045,-0.007703404,0.002309976,-56.50001
272.4,-3571.955,6779.756,-18609.62,1.755611,4.997358,52.49816,-0.322507,-0.4112435,-0.0723,-0.8494944,-0.09811392,-0.007743177,0.002154633,-56.50001
272.6,-3571.602,6780.757,-18599.12,1.775748,5.012091,52.45381,-0.3264068,-0.4087331,-0.06362434,-0.8499105,-0.09815739,-0.007779846,0.001998558,-56.50001
272.8,-3571.245,6781.761,-18588.63,1.795891,5.02683,52.40953,-0.3302902,-0.4061835,-0.05494405,-0.8502378,-0.09820089,-0.007813396,0.001841815,-56.50001
273,-3570.883,6782.768,-18578.16,1.816041,5.041575,52.36533,-0.3341569,-0.403595,-0.04626006,-0.8504765,-0.09824441,-0.007843814,0.001684464,-56.50001
273.2,-3570.518,6783.778,-18567.69,1.836196,5.056324,52.32121,-0.3380063,-0.4009675,-0.03757327,-0.8506262,-0.09828795,-0.007871088,0.001526568,-56.50001
273.4,-3570.149,6784.791,-18557.23,1.856357,5.071078,52.27717,-0.3418382,-0.3983012,-0.02888459,-0.850687,-0.0983315,-0.007895206,0.00136819,-56.50001
273.6,-3569.776,6785.806,-18546.78,1.87652,5.085835,52.2332,-0.3456521,-0.3955961,-0.02019494,-0.8506589,-0.09837508,-0.007916159,0.001209393,-56.50001
273.8,-3569.398,6786.825,-18536.33,1.896687,5.100595,52.18931,-0.3494477,-0.3928522,-0.01150523,-0.8505417,-0.09841868,-0.007933938,0.001050239,-56.50001
274,-3569.017,6787.847,-18525.9,1.916856,5.115357,52.14549,-0.3532244,-0.3900697,-0.002816389,-0.8503354,-0.09846229,-0.007948536,0.0008907917,-56.50001
274.2,-3568.632,6788.871,-18515.48,1.937027,5.130121,52.10175,-0.3569819,-0.3872487,0.005870673,-0.85004,-0.09850592,-0.007959948,0.0007311151,-56.50001
274.4,-3568.242,6789.898,-18505.06,1.957198,5.144886,52.05808,-0.3607199,-0.3843892,0.01455504,-0.8496554,-0.09854958,-0.007968168,0.0005712723,-56.50001
274.6,-3567.849,6790.929,-18494.65,1.97737,5.159651,52.01449,-0.3644378,-0.3814913,0.02323578,-0.8491817,-0.09859325,-0.007973191,0.0004113273,-56.50001
274.8,-3567.451,6791.962,-18484.25,1.997541,5.174417,51.97097,-0.3681353,-0.3785552,0.03191198,-0.8486189,-0.09863695,-0.007975019,0.0002513438,-56.50001
275,-3567.05,6792.999,-18473.87,2.017711,5.189182,51.92753,-0.371812,-0.3755809,0.04058271,-0.8479668,-0.09868066,-0.007973647,9.138576e-05,-56.50001
275.2,-3566.644,6794.038,-18463.48,2.037879,5.203947,51.88416,-0.3754675,-0.3725686,0.04924706,-0.8472258,-0.0987244,-0.007969077,-6.848293e-05,-56.50001
275.4,-3566.234,6795.08,-18453.11,2.058045,5.21871,51.84087,-0.3791013,-0.3695184,0.05790409,-0.8463956,-0.09876814,-0.00796131,-0.0002281982,-56.50001
275.6,-3565.821,6796.125,-18442.75,2.078207,5.233472,51.79765,-0.3827131,-0.3664304,0.0665529,-0.8454763,-0.09881192,-0.007950351,-0.0003876962,-56.50001
275.8,-3565.403,6797.174,-18432.39,2.098367,5.248231,51.7545,-0.3863024,-0.3633046,0.07519254,-0.844468,-0.09885571,-0.007936201,-0.0005469128,-56.50001
276,-3564.981,6798.225,-18422.04,2.118522,5.262989,51.71143,-0.3898689,-0.3601414,0.0838221,-0.8433708,-0.09889953,-0.007918867,-0.0007057841,-56.50001
276.2,-3564.556,6799.279,-18411.71,2.138673,5.277742,51.66843,-0.3934122,-0.3569407,0.09244066,-0.8421846,-0.09894336,-0.007898357,-0.0008642465,-56.50001
276.4,-3564.126,6800.336,-18401.38,2.158819,5.292494,51.6255,-0.3969317,-0.3537027,0.1010473,-0.8409097,-0.09898721,-0.007874676,-0.001022236,-56.50001
276.6,-3563.692,6801.396,-18391.06,2.17896,5.307241,51.58265,-0.4004272,-0.3504275,0.109641,-0.839546,-0.09903108,-0.007847836,-0.001179689,-56.50001
276.8,-3563.254,6802.459,-18380.74,2.199094,5.321984,51.53987,-0.4038982,-0.3471154,0.118221,-0.8380936,-0.09907497,-0.007817847,-0.001336542,-56.50001
277,-3562.812,6803.525,-18370.44,2.219223,5.336724,51.49716,-0.4073444,-0.3437664,0.1267863,-0.8365527,-0.09911889,-0.007784721,-0.001492733,-56.50001
277.2,-3562.367,6804.593,-18360.15,2.239344,5.351458,51.45452,-0.4107652,-0.3403806,0.1353359,-0.8349234,-0.09916282,-0.007748469,-0.001648197,-56.50001
277.4,-3561.917,6805.665,-18349.86,2.259459,5.366188,51.41196,-0.4141603,-0.3369584,0.143869,-0.8332058,-0.09920678,-0.007709108,-0.001802872,-56.50001
277.6,-3561.463,6806.74,-18339.58,2.279566,5.380912,51.36947,-0.4175294,-0.3334997,0.1523846,-0.8314001,-0.09925075,-0.007666653,-0.001956695,-56.50001
277.8,-3561.005,6807.818,-18329.31,2.299665,5.395632,51.32705,-0.4208719,-0.3300048,0.1608818,-0.8295063,-0.09929474,-0.007621121,-0.002109605,-56.50001
278,-3560.543,6808.898,-18319.05,2.319756,5.410345,51.2847,-0.4241876,-0.3264739,0.1693597,-0.8275246,-0.09933876,-0.007572529,-0.002261539,-56.50001
278.2,-3560.077,6809.982,-18308.8,2.339838,5.425053,51.24242,-0.4274759,-0.3229071,0.1778173,-0.8254552,-0.09938279,-0.007520899,-0.002412435,-56.50001
278.4,-3559.607,6811.068,-18298.55,2.359911,5.439754,51.20021,-0.4307365,-0.3193047,0.1862538,-0.8232983,-0.09942684,-0.007466249,-0.002562233,-56.50001
278.6,-3559.133,6812.158,-18288.32,2.379976,5.454448,51.15808,-0.433969,-0.3156667,0.1946682,-0.821054,-0.09947092,-0.007408603,-0.002710871,-56.50001
278.8,-3558.655,6813.25,-18278.09,2.40003,5.469136,51.11601,-0.437173,-0.3119934,0.2030596,-0.8187226,-0.09951501,-0.007347982,-0.002858289,-56.50001
279,-3558.173,6814.345,-18267.87,2.420075,5.483817,51.07402,-0.4403481,-0.308285,0.211427,-0.8163042,-0.09955913,-0.007284413,-0.003004428,-56.50001
279.2,-3557.687,6815.443,-18257.66,2.44011,5.498491,51.0321,-0.4434939,-0.3045416,0.2197697,-0.813799,-0.09960327,-0.00721792,-0.003149226,-56.50001
279.4,-3557.197,6816.545,-18247.46,2.460134,5.513158,50.99024,-0.44661,-0.3007635,0.2280865,-0.8112074,-0.09964743,-0.007148531,-0.003292626,-56.50001
279.6,-3556.703,6817.649,-18237.26,2.480148,5.527817,50.94846,-0.4496959,-0.296951,0.2363768,-0.8085294,-0.0996916,-0.007076274,-0.003434568,-56.50001
279.8,-3556.205,6818.756,-18227.08,2.500151,5.542468,50.90675,-0.4527514,-0.2931041,0.2446394,-0.8057653,-0.0997358,-0.007001176,-0.003574995,-56.50001
280,-3555.703,6819.866,-18216.9,2.520143,5.557112,50.8651,-0.4557759,-0.2892231,0.2528736,-0.8029155,-0.09978002,-0.006923271,-0.003713849,-56.50001
280.2,-3555.197,6820.979,-18206.73,2.540124,5.571747,50.82353,-0.4587692,-0.2853083,0.2610784,-0.79998,-0.09982426,-0.006842588,-0.003851074,-56.50001
280.4,-3554.687,6822.095,-18196.57,2.560093,5.586374,50.78202,-0.4617308,-0.2813598,0.2692528,-0.7969593,-0.09986851,-0.006759161,-0.003986613,-56.50001
280.6,-3554.173,6823.213,-18186.42,2.58005,5.600993,50.74059,-0.4646603,-0.2773779,0.2773961,-0.7938536,-0.0999128,-0.006673024,-0.00412041,-56.50001
280.8,-3553.655,6824.335,-18176.28,2.599996,5.615603,50.69922,-0.4675574,-0.2733629,0.2855073,-0.7906632,-0.0999571,-0.006584211,-0.004252411,-56.50001
281,-3553.133,6825.459,-18166.14,2.619929,5.630205,50.65792,-0.4704216,-0.2693149,0.2935855,-0.7873884,-0.1000014,-0.00649276,-0.004382561,-56.50001
281.2,-3552.607,6826.587,-18156.01,2.63985,5.644797,50.6167,-0.4732526,-0.2652342,0.3016298,-0.7840295,-0.1000458,-0.006398707,-0.004510806,-56.50001
281.4,-3552.077,6827.717,-18145.89,2.659759,5.659381,50.57553,-0.4760499,-0.261121,0.3096394,-0.7805868,-0.1000901,-0.006302091,-0.004637095,-56.50001
281.6,-3551.543,6828.851,-18135.78,2.679654,5.673955,50.53444,-0.4788132,-0.2569757,0.3176132,-0.7770606,-0.1001345,-0.006202952,-0.004761374,-56.50001
281.8,-3551.005,6829.987,-18125.68,2.699538,5.688521,50.49342,-0.4815422,-0.2527985,0.3255505,-0.7734513,-0.1001789,-0.006101329,-0.004883592,-56.50001
282,-3550.463,6831.126,-18115.59,2.719408,5.703077,50.45247,-0.4842363,-0.2485895,0.3334503,-0.7697593,-0.1002233,-0.005997266,-0.0050037,-56.50001
282.2,-3549.917,6832.268,-18105.5,2.739264,5.717623,50.41158,-0.4868953,-0.2443492,0.3413118,-0.7659848,-0.1002678,-0.005890805,-0.005121647,-56.50001
282.4,-3549.367,6833.413,-18095.42,2.759108,5.73216,50.37075,-0.4895188,-0.2400777,0.3491341,-0.7621283,-0.1003123,-0.005781988,-0.005237384,-56.50001
282.6,-3548.814,6834.561,-18085.35,2.778939,5.746687,50.33,-0.4921063,-0.2357754,0.3569163,-0.75819,-0.1003567,-0.005670862,-0.005350863,-56.50001
282.8,-3548.256,6835.712,-18075.29,2.798755,5.761205,50.28932,-0.4946575,-0.2314424,0.3646575,-0.7541705,-0.1004013,-0.005557472,-0.005462038,-56.50001
283,-3547.694,6836.866,-18065.23,2.818559,5.775713,50.2487,-0.4971721,-0.2270792,0.3723569,-0.7500702,-0.1004458,-0.005441865,-0.005570862,-56.50001
283.2,-3547.129,6838.022,-18055.19,2.838348,5.790211,50.20815,-0.4996497,-0.222686,0.3800136,-0.7458892,-0.1004903,-0.005324089,-0.005677289,-56.50001
283.4,-3546.559,6839.182,-18045.15,2.858124,5.804698,50.16766,-0.5020899,-0.218263,0.3876267,-0.7416283,-0.1005349,-0.005204191,-0.005781277,-56.50001
283.6,-3545.985,6840.344,-18035.12,2.877885,5.819176,50.12724,-0.5044922,-0.2138107,0.3951954,-0.7372877,-0.1005795,-0.005082223,-0.005882781,-56.50001
283.8,-3545.408,6841.509,-18025.1,2.897633,5.833643,50.08689,-0.5068565,-0.2093292,0.4027189,-0.7328678,-0.1006241,-0.004958233,-0.005981758,-56.50001
284,-3544.826,6842.677,-18015.09,2.917366,5.848101,50.0466,-0.5091822,-0.2048189,0.4101962,-0.7283692,-0.1006688,-0.004832275,-0.006078168,-56.50001
284.2,-3544.241,6843.849,-18005.08,2.937085,5.862547,50.00639,-0.5114691,-0.2002801,0.4176265,-0.7237923,-0.1007134,-0.0047044,-0.00617197,-56.50001
284.4,-3543.651,6845.022,-17995.08,2.95679,5.876984,49.96623,-0.5137168,-0.1957132,0.425009,-0.7191375,-0.1007581,-0.004574661,-0.006263126,-56.50001
284.6,-3543.058,6846.199,-17985.1,2.97648,5.891409,49.92614,-0.5159249,-0.1911184,0.4323429,-0.7144053,-0.1008028,-0.004443112,-0.006351596,-56.50001
284.8,-3542.461,6847.379,-17975.12,2.996156,5.905825,49.88612,-0.5180931,-0.186496,0.4396272,-0.7095962,-0.1008475,-0.004309808,-0.006437344,-56.50001
285,-3541.86,6848.562,-17965.14,3.015818,5.92023,49.84616,-0.520221,-0.1818465,0.4468613,-0.7047106,-0.1008923,-0.004174805,-0.006520334,-56.50001
285.2,-3541.254,6849.747,-17955.18,3.035464,5.934624,49.80627,-0.5223082,-0.17717,0.4540442,-0.6997491,-0.100937,-0.004038158,-0.00660053,-56.50001
285.4,-3540.646,6850.936,-17945.22,3.055096,5.949008,49.76645,-0.5243545,-0.172467,0.4611751,-0.6947122,-0.1009818,-0.003899925,-0.0066779,-56.50001
285.6,-3540.032,6852.127,-17935.27,3.074713,5.96338,49.72669,-0.5263594,-0.1677379,0.4682532,-0.6896004,-0.1010266,-0.003760164,-0.006752411,-56.50001
285.8,-3539.416,6853.321,-17925.33,3.094315,5.977742,49.68699,-0.5283228,-0.1629829,0.4752777,-0.6844142,-0.1010714,-0.003618933,-0.00682403,-56.50001
286,-3538.795,6854.518,-17915.39,3.113903,5.992093,49.64736,-0.530244,-0.1582024,0.4822478,-0.6791542,-0.1011163,-0.003476291,-0.006892729,-56.50001
286.2,-3538.17,6855.718,-17905.47,3.133475,6.006433,49.60779,-0.532123,-0.1533967,0.4891627,-0.6738208,-0.1011612,-0.003332298,-0.006958477,-56.50001
286.4,-3537.541,6856.92,-17895.55,3.153032,6.020763,49.56829,-0.5339592,-0.1485663,0.4960216,-0.6684147,-0.1012061,-0.003187015,-0.007021247,-56.50001
286.6,-3536.909,6858.126,-17885.64,3.172575,6.035081,49.52885,-0.5357525,-0.1437114,0.5028237,-0.6629364,-0.101251,-0.003040502,-0.007081012,-56.50001
286.8,-3536.272,6859.334,-17875.74,3.192102,6.049388,49.48948,-0.5375023,-0.1388326,0.5095682,-0.6573865,-0.1012959,-0.002892821,-0.007137748,-56.50001
287,-3535.632,6860.546,-17865.85,3.211614,6.063685,49.45016,-0.5392086,-0.13393,0.5162544,-0.6517655,-0.1013409,-0.002744035,-0.007191429,-56.50001
287.2,-3534.988,6861.76,-17855.96,3.231111,6.077971,49.41092,-0.5408709,-0.1290041,0.5228813,-0.6460741,-0.1013858,-0.002594205,-0.007242034,-56.50001
287.4,-3534.34,6862.977,-17846.08,3.250592,6.092245,49.37173,-0.5424888,-0.1240553,0.5294484,-0.6403129,-0.1014308,-0.002443396,-0.00728954,-56.50001
287.6,-3533.688,6864.197,-17836.21,3.270059,6.106508,49.33261,-0.5440621,-0.119084,0.5359548,-0.6344823,-0.1014759,-0.00229167,-0.007333927,-56.50001
287.8,-3533.031,6865.419,-17826.35,3.28951,6.120759,49.29356,-0.5455906,-0.1140906,0.5423998,-0.6285831,-0.1015209,-0.002139091,-0.007375177,-56.50001
288,-3532.372,6866.645,-17816.49,3.308946,6.135001,49.25456,-0.5470737,-0.1090754,0.5487826,-0.6226159,-0.101566,-0.001985726,-0.00741327,-56.50001
288.2,-3531.708,6867.874,-17806.65,3.32804,6.149227,49.21563,-0.5485113,-0.1040388,0.5551024,-0.6165814,-0.101611,-0.001831637,-0.007448192,-56.50001
288.4,-3531.041,6869.105,-17796.81,3.345243,6.163424,49.17674,-0.549903,-0.09898131,0.5613586,-0.6104801,-0.1016562,-0.001676891,-0.007479928,-56.50001
288.6,-3530.37,6870.339,-17786.98,3.360423,6.17759,49.1379,-0.5512486,-0.09390327,0.5675503,-0.6043127,-0.1017013,-0.001521554,-0.007508462,-56.50001
288.8,-3529.697,6871.576,-17777.15,3.373658,6.191727,49.09911,-0.5525478,-0.08880509,0.5736769,-0.5980798,-0.1017464,-0.00136569,-0.007533784,-56.50001
289,-3529.021,6872.815,-17767.34,3.385026,6.205834,49.06038,-0.5538001,-0.0836872,0.5797377,-0.5917822,-0.1017916,-0.001209366,-0.007555882,-56.50001
289.2,-3528.343,6874.058,-17757.53,3.394596,6.219912,49.02171,-0.5550054,-0.07855001,0.5857319,-0.5854204,-0.1018368,-0.00105265,-0.007574746,-56.50001
289.4,-3527.663,6875.304,-17747.73,3.402441,6.233963,48.98309,-0.5561634,-0.07339395,0.5916588,-0.5789952,-0.101882,-0.0008956068,-0.007590369,-56.50001
289.6,-3526.982,6876.552,-17737.94,3.408626,6.247985,48.94453,-0.5572738,-0.06821944,0.5975177,-0.5725073,-0.1019272,-0.0007383042,-0.007602743,-56.50001
289.8,-3526.3,6877.803,-17728.15,3.413216,6.261982,48.90604,-0.5583363,-0.06302691,0.6033079,-0.5659574,-0.1019725,-0.0005808091,-0.007611863,-56.50001
290,-3525.617,6879.057,-17718.37,3.416274,6.275952,48.86761,-0.5593507,-0.0578168,0.6090288,-0.5593461,-0.1020178,-0.0004231888,-0.007617724,-56.50001
290.2,-3524.933,6880.313,-17708.6,3.41786,6.289896,48.82925,-0.5603166,-0.05258954,0.6146796,-0.5526741,-0.1020631,-0.0002655106,-0.007620325,-56.50001
290.4,-3524.25,6881.573,-17698.84,3.418031,6.303816,48.79095,-0.5612337,-0.04734558,0.6202597,-0.5459423,-0.1021084,-0.000107842,-0.007619663,-56.50001
290.6,-3523.566,6882.834,-17689.09,3.416843,6.317711,48.75271,-0.562102,-0.04208536,0.6257684,-0.5391513,-0.1021537,4.974948e-05,-0.007615739,-56.50001
290.8,-3522.883,6884.1,-17679.34,3.414349,6.331582,48.71454,-0.5629209,-0.03680934,0.631205,-0.5323019,-0.1021991,0.0002071963,-0.007608554,-56.50001
291,-3522.2,6885.367,-17669.6,3.410601,6.34543,48.67644,-0.5636904,-0.03151796,0.636569,-0.5253948,-0.1022445,0.000364431,-0.007598111,-56.50001
291.2,-3521.519,6886.638,-17659.87,3.405648,6.359254,48.6384,-0.5644102,-0.02621169,0.6418596,-0.5184307,-0.1022899,0.000521386,-0.007584414,-56.50001
291.4,-3520.838,6887.911,-17650.14,3.399538,6.373056,48.60043,-0.5650799,-0.02089099,0.6470762,-0.5114105,-0.1023353,0.0006779938,-0.00756747,-56.50001
291.6,-3520.159,6889.187,-17640.43,3.392316,6.386836,48.56253,-0.5656994,-0.01555632,0.6522182,-0.5043348,-0.1023808,0.000834187,-0.007547284,-56.50001
291.8,-3519.481,6890.466,-17630.72,3.384027,6.400594,48.52469,-0.5662684,-0.01020815,0.657285,-0.4972045,-0.1024263,0.0009898985,-0.007523866,-56.50001
292,-3518.805,6891.747,-17621.02,3.374712,6.414331,48.48692,-0.5667868,-0.004846959,0.6622759,-0.4900204,-0.1024717,0.001145061,-0.007497225,-56.50001
292.2,-3518.132,6893.031,-17611.33,3.364413,6.428047,48.44921,-0.5672541,0.0005267863,0.6671904,-0.4827831,-0.1025173,0.001299608,-0.007467373,-56.50001
292.4,-3517.46,6894.318,-17601.64,3.353169,6.441743,48.41157,-0.5676703,0.005912602,0.6720278,-0.4754936,-0.1025628,0.001453472,-0.007434322,-56.50001
292.6,-3516.79,6895.608,-17591.96,3.341018,6.455419,48.37399,-0.5680351,0.01131,0.6767875,-0.4681526,-0.1026084,0.001606587,-0.007398086,-56.50001
292.8,-3516.123,6896.9,-17582.29,3.327995,6.469074,48.33648,-0.5683483,0.01671851,0.6814691,-0.460761,-0.1026539,0.001758886,-0.007358681,-56.50001
293,-3515.459,6898.196,-17572.63,3.314137,6.48271,48.29903,-0.5686097,0.02213762,0.6860718,-0.4533195,-0.1026995,0.001910304,-0.007316124,-56.50001
293.2,-3514.798,6899.494,-17562.97,3.299475,6.496328,48.26165,-0.5688189,0.02756685,0.6905951,-0.4458289,-0.1027452,0.002060775,-0.007270433,-56.50001
293.4,-3514.139,6900.794,-17553.32,3.284044,6.509926,48.22432,-0.568976,0.0330057,0.6950386,-0.4382902,-0.1027908,0.002210234,-0.007221627,-56.50001
293.6,-3513.484,6902.098,-17543.68,3.267873,6.523507,48.18706,-0.5690806,0.03845366,0.6994016,-0.4307041,-0.1028365,0.002358615,-0.007169727,-56.50001
293.8,-3512.832,6903.404,-17534.05,3.250993,6.537068,48.14986,-0.5691326,0.04391025,0.7036836,-0.4230715,-0.1028821,0.002505855,-0.007114756,-56.50001
294,-3512.184,6904.712,-17524.42,3.233432,6.550612,48.11273,-0.5691317,0.04937493,0.707884,-0.4153932,-0.1029279,0.002651889,-0.007056737,-56.50001
294.2,-3511.539,6906.024,-17514.8,3.215218,6.564139,48.07566,-0.5690778,0.05484722,0.7120023,-0.4076702,-0.1029736,0.002796653,-0.006995696,-56.50001
294.4,-3510.898,6907.338,-17505.19,3.196377,6.577649,48.03864,-0.5689707,0.06032659,0.716038,-0.3999031,-0.1030193,0.002940085,-0.006931658,-56.50001
294.6,-3510.26,6908.655,-17495.59,3.176936,6.591141,48.00169,-0.5688102,0.06581253,0.7199907,-0.392093,-0.1030651,0.003082122,-0.006864652,-56.50001
294.8,-3509.627,6909.975,-17485.99,3.156918,6.604616,47.9648,-0.5685962,0.07130452,0.7238598,-0.3842407,-0.1031109,0.003222701,-0.006794707,-56.50001
295,-3508.998,6911.297,-17476.4,3.136348,6.618075,47.92797,-0.5683284,0.07680202,0.7276449,-0.3763471,-0.1031567,0.003361762,-0.006721852,-56.50001
295.2,-3508.373,6912.622,-17466.82,3.115247,6.631518,47.89119,-0.5680068,0.08230453,0.7313454,-0.3684131,-0.1032026,0.003499242,-0.00664612,-56.50001
295.4,-3507.752,6913.95,-17457.24,3.093639,6.644944,47.85448,-0.5676311,0.08781151,0.7349609,-0.3604395,-0.1032484,0.003635084,-0.006567543,-56.50001
295.6,-3507.135,6915.28,-17447.68,3.071543,6.658355,47.81782,-0.5672013,0.09332243,0.7384908,-0.3524272,-0.1032943,0.003769225,-0.006486156,-56.50001
295.8,-3506.523,6916.613,-17438.12,3.04898,6.67175,47.78123,-0.566717,0.09883674,0.7419349,-0.3443772,-0.1033402,0.003901608,-0.006401994,-56.50001
296,-3505.916,6917.949,-17428.56,3.02597,6.68513,47.74469,-0.5661783,0.1043539,0.7452926,-0.3362904,-0.1033861,0.004032175,-0.006315093,-56.50001
296.2,-3505.313,6919.287,-17419.02,3.002531,6.698494,47.70821,-0.565585,0.1098734,0.7485635,-0.3281677,-0.1034321,0.004160868,-0.006225493,-56.50001
296.4,-3504.715,6920.628,-17409.48,2.978681,6.711843,47.67178,-0.5649369,0.1153947,0.7517473,-0.32001,-0.103478,0.004287629,-0.006133231,-56.50001
296.6,-3504.121,6921.972,-17399.95,2.954437,6.725177,47.63541,-0.564234,0.1209172,0.7548433,-0.3118182,-0.103524,0.004412405,-0.006038349,-56.50001
296.8,-3503.533,6923.318,-17390.43,2.929816,6.738497,47.59911,-0.563476,0.1264405,0.7578514,-0.3035933,-0.10357,0.004535138,-0.005940888,-56.50001
297,-3502.949,6924.667,-17380.91,2.904834,6.751802,47.56285,-0.562663,0.1319638,0.760771,-0.2953362,-0.103616,0.004655776,-0.00584089,-56.50001
297.2,-3502.371,6926.019,-17371.4,2.879506,6.765092,47.52666,-0.5617947,0.1374867,0.7636018,-0.2870479,-0.1036621,0.004774265,-0.0057384,-56.50001
297.4,-3501.798,6927.373,-17361.9,2.853847,6.778369,47.49051,-0.5608711,0.1430087,0.7663434,-0.2787292,-0.1037081,0.004890552,-0.005633462,-56.50001
297.6,-3501.229,6928.73,-17352.4,2.82787,6.791631,47.45443,-0.559892,0.1485291,0.7689955,-0.2703812,-0.1037542,0.005004586,-0.005526124,-56.50001
297.8,-3500.667,6930.09,-17342.92,2.801591,6.80488,47.4184,-0.5588574,0.1540475,0.7715577,-0.2620047,-0.1038003,0.005116316,-0.005416431,-56.50001
298,-3500.109,6931.452,-17333.44,2.775021,6.818114,47.38242,-0.5577673,0.1595632,0.7740296,-0.2536009,-0.1038465,0.005225692,-0.005304433,-56.50001
298.2,-3499.556,6932.817,-17323.96,2.748173,6.831336,47.3465,-0.5566214,0.1650756,0.776411,-0.2451705,-0.1038926,0.005332667,-0.005190179,-56.50001
298.4,-3499.01,6934.185,-17314.5,2.721059,6.844543,47.31064,-0.5554198,0.1705843,0.7787015,-0.2367147,-0.1039388,0.005437193,-0.005073719,-56.50001
298.6,-3498.468,6935.555,-17305.04,2.693691,6.857737,47.27483,-0.5541623,0.1760886,0.7809008,-0.2282343,-0.103985,0.005539222,-0.004955105,-56.50001
298.8,-3497.932,6936.928,-17295.59,2.666081,6.870918,47.23907,-0.552849,0.1815879,0.7830086,-0.2197303,-0.1040312,0.00563871,-0.00483439,-56.50001
299,-3497.402,6938.303,-17286.14,2.638238,6.884086,47.20338,-0.5514796,0.1870818,0.7850245,-0.2112038,-0.1040775,0.005735612,-0.004711627,-56.50001
299.2,-3496.877,6939.681,-17276.71,2.610173,6.89724,47.16773,-0.5500543,0.1925696,0.7869484,-0.2026557,-0.1041237,0.005829884,-0.00458687,-56.50001
299.4,-3496.358,6941.062,-17267.28,2.581896,6.910382,47.13214,-0.5485729,0.1980507,0.78878,-0.194087,-0.10417,0.005921485,-0.004460176,-56.50001
299.6,-3495.844,6942.445,-17257.86,2.553416,6.923511,47.0966,-0.5470354,0.2035246,0.790519,-0.1854987,-0.1042163,0.006010374,-0.004331599,-56.50001
299.8,-3495.336,6943.832,-17248.44,2.524743,6.936627,47.06111,-0.5454417,0.2089907,0.7921651,-0.1768918,-0.1042626,0.00609651,-0.004201198,-56.50001
300,-3494.834,6945.22,-17239.03,2.495885,6.94973,47.02568,-0.5437919,0.2144483,0.7937181,-0.1682673,-0.104309,0.006179856,-0.00406903,-56.50001
300.2,-3494.338,6946.611,-17229.63,2.466851,6.962821,46.9903,-0.5420859,0.219897,0.7951778,-0.1596262,-0.1043553,0.006260373,-0.003935155,-56.50001
300.4,-3493.847,6948.005,-17220.23,2.437648,6.9759,46.95498,-0.5403237,0.2253361,0.7965439,-0.1509694,-0.1044017,0.006338025,-0.003799632,-56.50001
300.6,-3493.363,6949.402,-17210.85,2.408285,6.988966,46.9197,-0.5385052,0.230765,0.7978163,-0.1422981,-0.1044481,0.006412779,-0.003662522,-56.50001
300.8,-3492.884,6950.801,-17201.47,2.378929,7.002077,46.88448,-0.5366306,0.2361832,0.7989948,-0.1336133,-0.1044945,0.006484598,-0.003523886,-56.50001
301,-3492.411,6952.203,-17192.09,2.349748,7.01529,46.84931,-0.5346997,0.24159,0.8000791,-0.1249158,-0.104541,0.006553452,-0.003383786,-56.50001
301.2,-3491.944,6953.607,-17182.73,2.320736,7.028601,46.81419,-0.5327125,0.2469848,0.8010691,-0.1162069,-0.1045874,0.00661931,-0.003242285,-56.50001
301.4,-3491.483,6955.014,-17173.37,2.291886,7.042004,46.77911,-0.5306692,0.2523672,0.8019648,-0.1074874,-0.1046339,0.00668214,-0.003099447,-56.50001
301.6,-3491.028,6956.424,-17164.02,2.263193,7.055497,46.74409,-0.5285697,0.2577364,0.8027657,-0.09875846,-0.1046804,0.006741916,-0.002955335,-56.50001
301.8,-3490.578,6957.836,-17154.67,2.234651,7.069074,46.70912,-0.526414,0.2630918,0.8034719,-0.09002104,-0.104727,0.00679861,-0.002810015,-56.50001
302,-3490.134,6959.251,-17145.33,2.206256,7.082732,46.67419,-0.5242022,0.2684329,0.8040833,-0.08127619,-0.1047735,0.006852196,-0.002663551,-56.50001
302.2,-3489.695,6960.669,-17136,2.178002,7.096467,46.63932,-0.5219344,0.2737592,0.8045996,-0.07252494,-0.1048201,0.006902649,-0.00251601,-56.50001
302.4,-3489.262,6962.09,-17126.68,2.149884,7.110275,46.6045,-0.5196105,0.2790698,0.8050209,-0.06376832,-0.1048667,0.006949947,-0.002367458,-56.50001
302.6,-3488.835,6963.513,-17117.36,2.121897,7.124154,46.56973,-0.5172305,0.2843644,0.8053469,-0.05500738,-0.1049133,0.006994068,-0.002217963,-56.50001
302.8,-3488.414,6964.939,-17108.05,2.094037,7.1381,46.53502,-0.5147946,0.2896422,0.8055777,-0.04624314,-0.1049599,0.007034993,-0.002067591,-56.50001
303,-3487.998,6966.369,-17098.74,2.0663,7.152109,46.50035,-0.5123029,0.2949027,0.8057131,-0.03747664,-0.1050066,0.007072701,-0.001916411,-56.50001
303.2,-3487.587,6967.8,-17089.45,2.038682,7.166178,46.46573,-0.5097554,0.3001452,0.8057531,-0.02870894,-0.1050532,0.007107177,-0.001764492,-56.50001
303.4,-3487.182,6969.235,-17080.16,2.011178,7.180305,46.43116,-0.5071522,0.3053693,0.8056976,-0.01994107,-0.1050999,0.007138404,-0.001611901,-56.50001
303.6,-3486.783,6970.672,-17070.88,1.983784,7.194487,46.39665,-0.5044933,0.3105741,0.8055466,-0.01117407,-0.1051467,0.007166367,-0.001458708,-56.50001
303.8,-3486.389,6972.113,-17061.6,1.956498,7.208721,46.36219,-0.5017789,0.3157592,0.8053001,-0.002408992,-0.1051934,0.007191054,-0.001304983,-56.50001
304,-3486,6973.556,-17052.33,1.929315,7.223005,46.32777,-0.499009,0.320924,0.804958,0.00635312,-0.1052401,0.007212454,-0.001150796,-56.50001
304.2,-3485.617,6975.002,-17043.07,1.902233,7.237335,46.29341,-0.4961838,0.3260677,0.8045204,0.01511122,-0.1052869,0.007230555,-0.0009962163,-56.50001
304.4,-3485.239,6976.451,-17033.81,1.875247,7.25171,46.2591,-0.4933033,0.3311899,0.8039873,0.02386426,-0.1053337,0.007245351,-0.0008413147,-56.50001
304.6,-3484.867,6977.903,-17024.56,1.848322,7.266103,46.22484,-0.4903677,0.3362899,0.8033586,0.03261118,-0.1053805,0.007256833,-0.0006861616,-56.50001
304.8,-3484.5,6979.357,-17015.32,1.821389,7.280463,46.19064,-0.4873772,0.3413672,0.8026344,0.04135095,-0.1054274,0.007264997,-0.0005308278,-56.50001
305,-3484.138,6980.815,-17006.09,1.794449,7.294789,46.15648,-0.4843318,0.346421,0.8018148,0.05008251,-0.1054742,0.007269839,-0.0003753842,-56.50001
305.2,-3483.782,6982.275,-16996.86,1.767502,7.309082,46.12238,-0.4812316,0.3514509,0.8008997,0.05880481,-0.1055211,0.007271355,-0.0002199019,-56.50001
305.4,-3483.431,6983.739,-16987.64,1.74055,7.323343,46.08833,-0.4780768,0.3564561,0.7998894,0.0675168,-0.105568,0.007269546,-6.445197e-05,-56.50001
305.6,-3483.086,6985.205,-16978.43,1.713592,7.337573,46.05433,-0.4748677,0.3614361,0.7987838,0.07621742,-0.1056149,0.007264412,9.089444e-05,-56.50001
305.8,-3482.746,6986.674,-16969.22,1.686631,7.351772,46.02037,-0.4716042,0.3663903,0.797583,0.08490563,-0.1056618,0.007255954,0.0002460661,-56.50001
306,-3482.411,6988.146,-16960.02,1.659668,7.365942,45.98647,-0.4682866,0.3713181,0.7962871,0.09358038,-0.1057088,0.007244177,0.0004009919,-56.50001
306.2,-3482.082,6989.62,-16950.82,1.632703,7.380084,45.95263,-0.4649151,0.3762188,0.7948964,0.1022406,-0.1057558,0.007229086,0.0005556007,-56.50001
306.4,-3481.758,6991.098,-16941.64,1.605737,7.394197,45.91883,-0.4614899,0.3810919,0.7934107,0.1108853,-0.1058028,0.007210686,0.0007098215,-56.50001
306.6,-3481.44,6992.578,-16932.46,1.578772,7.408283,45.88508,-0.458011,0.3859367,0.7918304,0.1195133,-0.1058498,0.007188987,0.0008635832,-56.50001
306.8,-3481.126,6994.061,-16923.28,1.551807,7.422343,45.85139,-0.4544788,0.3907527,0.7901555,0.1281237,-0.1058968,0.007164,0.001016815,-56.50001
307,-3480.819,6995.546,-16914.12,1.524845,7.436377,45.81774,-0.4508934,0.3955392,0.7883862,0.1367154,-0.1059439,0.007135733,0.001169447,-56.50001
307.2,-3480.517,6997.035,-16904.96,1.497885,7.450386,45.78415,-0.447255,0.4002956,0.7865227,0.1452874,-0.105991,0.007104201,0.001321407,-56.50001
307.4,-3480.22,6998.527,-16895.8,1.470929,7.46437,45.7506,-0.4435638,0.4050214,0.7845652,0.1538385,-0.1060381,0.007069417,0.001472627,-56.50001
307.6,-3479.928,7000.021,-16886.65,1.443976,7.47833,45.71711,-0.4398201,0.4097159,0.7825138,0.1623678,-0.1060852,0.007031399,0.001623036,-56.50001
307.8,-3479.642,7001.518,-16877.51,1.417029,7.492267,45.68366,-0.4360241,0.4143786,0.7803687,0.1708742,-0.1061323,0.006990162,0.001772564,-56.50001
308,-3479.361,7003.018,-16868.38,1.390087,7.506181,45.65026,-0.432176,0.4190087,0.7781303,0.1793567,-0.1061795,0.006945726,0.001921143,-56.50001
308.2,-3479.086,7004.521,-16859.25,1.363151,7.520072,45.61692,-0.428276,0.4236058,0.7757987,0.1878142,-0.1062267,0.006898111,0.002068703,-56.50001
308.4,-3478.816,7006.026,-16850.13,1.336222,7.533942,45.58362,-0.4243244,0.4281693,0.7733741,0.1962456,-0.1062739,0.00684734,0.002215176,-56.50001
308.6,-3478.552,7007.534,-16841.02,1.3093,7.54779,45.55037,-0.4203215,0.4326985,0.7708568,0.2046501,-0.1063211,0.006793434,0.002360493,-56.50001
308.8,-3478.292,7009.045,-16831.91,1.282386,7.561617,45.51718,-0.4162675,0.4371927,0.7682471,0.2130264,-0.1063683,0.00673642,0.002504589,-56.50001
309,-3478.039,7010.559,-16822.81,1.255481,7.575424,45.48403,-0.4121627,0.4416516,0.7655452,0.2213737,-0.1064156,0.006676323,0.002647394,-56.50001
309.2,-3477.79,7012.075,-16813.72,1.228584,7.589211,45.45093,-0.4080073,0.4460744,0.7627515,0.2296908,-0.1064629,0.006613172,0.002788843,-56.50001
309.4,-3477.547,7013.594,-16804.63,1.201696,7.602978,45.41788,-0.4038016,0.4504606,0.7598662,0.2379767,-0.1065102,0.006546995,0.00292887,-56.50001
309.6,-3477.31,7015.116,-16795.55,1.174819,7.616725,45.38488,-0.399546,0.4548095,0.7568896,0.2462304,-0.1065575,0.006477823,0.00306741,-56.50001
309.8,-3477.077,7016.641,-16786.48,1.147951,7.630455,45.35192,-0.3952407,0.4591206,0.7538221,0.2544509,-0.1066048,0.006405687,0.003204397,-56.50001
310,-3476.85,7018.168,-16777.41,1.121095,7.644165,45.31902,-0.390886,0.4633934,0.750664,0.2626372,-0.1066522,0.006330623,0.003339768,-56.50001
310.2,-3476.629,7019.699,-16768.35,1.094249,7.657857,45.28616,-0.3864823,0.4676271,0.7474156,0.2707882,-0.1066996,0.006252664,0.00347346,-56.50001
310.4,-3476.413,7021.232,-16759.3,1.067415,7.671532,45.25335,-0.3820298,0.4718212,0.7440773,0.2789029,-0.106747,0.006171847,0.003605409,-56.50001
310.6,-3476.202,7022.768,-16750.25,1.040593,7.685189,45.2206,-0.3775289,0.4759753,0.7406495,0.2869804,-0.1067944,0.006088208,0.003735553,-56.50001
310.8,-3475.996,7024.306,-16741.21,1.013783,7.698829,45.18789,-0.3729799,0.4800886,0.7371325,0.2950196,-0.1068418,0.006001789,0.003863833,-56.50001
311,-3475.796,7025.847,-16732.18,0.9869852,7.712451,45.15522,-0.3683831,0.4841606,0.7335269,0.3030194,-0.1068893,0.005912628,0.003990187,-56.50001
311.2,-3475.602,7027.391,-16723.15,0.9602005,7.726058,45.12261,-0.3637389,0.4881907,0.7298328,0.310979,-0.1069368,0.005820767,0.004114556,-56.50001
311.4,-3475.412,7028.938,-16714.13,0.9334291,7.739648,45.09004,-0.3590477,0.4921784,0.7260508,0.3188973,-0.1069843,0.005726249,0.004236882,-56.50001
311.6,-3475.228,7030.487,-16705.11,0.906671,7.753222,45.05752,-0.3543097,0.496123,0.7221813,0.3267733,-0.1070318,0.005629119,0.004357106,-56.50001
311.8,-3475.05,7032.039,-16696.1,0.8799267,7.76678,45.02505,-0.3495254,0.5000241,0.7182247,0.3346061,-0.1070793,0.005529422,0.004475173,-56.50001
312,-3474.876,7033.593,-16687.1,0.8531964,7.780323,44.99263,-0.3446951,0.503881,0.7141815,0.3423945,-0.1071269,0.005427205,0.004591025,-56.50001
312.2,-3474.708,7035.151,-16678.11,0.8264804,7.79385,44.96025,-0.3398193,0.5076932,0.7100521,0.3501378,-0.1071745,0.005322515,0.00470461,-56.50001
312.4,-3474.546,7036.711,-16669.12,0.7997789,7.807363,44.92792,-0.3348982,0.5114602,0.7058371,0.3578348,-0.1072221,0.005215403,0.004815871,-56.50001
312.6,-3474.388,7038.274,-16660.13,0.7730921,7.82086,44.89564,-0.3299323,0.5151813,0.7015368,0.3654846,-0.1072697,0.005105917,0.004924759,-56.50001
312.8,-3474.237,7039.839,-16651.16,0.7464203,7.834343,44.8634,-0.3249221,0.5188561,0.6971518,0.3730863,-0.1073174,0.004994112,0.005031219,-56.50001
313,-3474.09,7041.408,-16642.19,0.7197636,7.847812,44.83121,-0.3198678,0.5224839,0.6926826,0.3806389,-0.107365,0.004880038,0.005135203,-56.50001
313.2,-3473.948,7042.979,-16633.23,0.6931224,7.861266,44.79907,-0.3147699,0.5260643,0.6881297,0.3881414,-0.1074127,0.004763749,0.00523666,-56.50001
313.4,-3473.812,7044.552,-16624.27,0.6664967,7.874706,44.76698,-0.3096288,0.5295967,0.6834936,0.3955929,-0.1074604,0.004645301,0.005335542,-56.50001
313.6,-3473.682,7046.128,-16615.32,0.6398867,7.888132,44.73493,-0.304445,0.5330806,0.678775,0.4029924,-0.1075081,0.00452475,0.005431803,-56.50001
313.8,-3473.557,7047.707,-16606.38,0.6132927,7.901544,44.70293,-0.2992189,0.5365154,0.6739742,0.410339,-0.1075559,0.004402152,0.005525396,-56.50001
314,-3473.437,7049.289,-16597.44,0.5867147,7.914943,44.67097,-0.2939509,0.5399005,0.6690919,0.4176318,-0.1076036,0.004277566,0.005616277,-56.50001
314.2,-3473.322,7050.873,-16588.51,0.5601531,7.928329,44.63907,-0.2886416,0.5432355,0.6641287,0.4248698,-0.1076514,0.004151052,0.005704401,-56.50001
314.4,-3473.213,7052.46,-16579.58,0.5336078,7.941701,44.60721,-0.2832912,0.5465198,0.6590852,0.432052,-0.1076992,0.004022668,0.005789728,-56.50001
314.6,-3473.109,7054.05,-16570.67,0.507079,7.95506,44.57539,-0.2779003,0.5497529,0.6539618,0.4391777,-0.107747,0.003892476,0.005872216,-56.50001
314.8,-3473.01,7055.642,-16561.75,0.4805669,7.968407,44.54362,-0.2724694,0.5529343,0.6487594,0.4462458,-0.1077949,0.003760539,0.005951826,-56.50001
315,-3472.916,7057.237,-16552.85,0.4540716,7.98174,44.5119,-0.2669989,0.5560635,0.6434783,0.4532555,-0.1078427,0.003626918,0.006028519,-56.50001
315.2,-3472.828,7058.835,-16543.95,0.4275932,7.995061,44.48022,-0.2614893,0.55914,0.6381194,0.4602059,-0.1078906,0.003491678,0.006102259,-56.50001
315.4,-3472.745,7060.435,-16535.05,0.4011319,8.008369,44.44859,-0.2559412,0.5621632,0.6326832,0.467096,-0.1079385,0.003354883,0.00617301,-56.50001
315.6,-3472.668,7062.038,-16526.17,0.3746877,8.021665,44.417,-0.2503549,0.5651327,0.6271703,0.473925,-0.1079864,0.003216599,0.006240739,-56.50001
315.8,-3472.595,7063.644,-16517.29,0.3482607,8.034948,44.38546,-0.244731,0.568048,0.6215814,0.4806919,-0.1080344,0.003076891,0.006305412,-56.50001
316,-3472.528,7065.252,-16508.41,0.3218511,8.04822,44.35397,-0.23907,0.5709085,0.6159173,0.487396,-0.1080823,0.002935827,0.006366998,-56.50001
316.2,-3472.467,7066.863,-16499.55,0.2954589,8.061479,44.32252,-0.2333724,0.5737138,0.6101785,0.4940364,-0.1081303,0.002793475,0.006425468,-56.50001
316.4,-3472.41,7068.477,-16490.69,0.2690843,8.074726,44.29111,-0.2276388,0.5764634,0.6043658,0.5006121,-0.1081783,0.002649901,0.006480793,-56.50001
316.6,-3472.359,7070.093,-16481.83,0.2427273,8.087962,44.25975,-0.2218696,0.5791568,0.5984799,0.5071224,-0.1082263,0.002505176,0.006532946,-56.50001
316.8,-3472.313,7071.712,-16472.98,0.2163879,8.101186,44.22844,-0.2160654,0.5817935,0.5925214,0.5135664,-0.1082744,0.002359369,0.006581902,-56.50001
317,-3472.272,7073.333,-16464.14,0.1900663,8.114398,44.19717,-0.2102268,0.5843731,0.586491,0.5199432,-0.1083224,0.00221255,0.006627637,-56.50001
317.2,-3472.237,7074.958,-16455.3,0.1637625,8.127598,44.16595,-0.2043542,0.5868952,0.5803897,0.5262521,-0.1083705,0.00206479,0.00667013,-56.50001
317.4,-3472.207,7076.584,-16446.47,0.1374766,8.140787,44.13477,-0.1984483,0.5893591,0.574218,0.5324921,-0.1084186,0.00191616,0.006709359,-56.50001
317.6,-3472.182,7078.214,-16437.65,0.1112087,8.153965,44.10363,-0.1925095,0.5917646,0.5679767,0.5386626,-0.1084667,0.001766731,0.006745305,-56.50001
317.8,-3472.162,7079.846,-16428.83,0.08495877,8.16713,44.07254,-0.1865385,0.594111,0.5616665,0.5447626,-0.1085149,0.001616576,0.006777951,-56.50001
318,-3472.148,7081.481,-16420.02,0.0587269,8.180285,44.0415,-0.1805358,0.5963981,0.5552883,0.5507913,-0.108563,0.001465768,0.00680728,-56.50001
318.2,-3472.139,7083.118,-16411.21,0.03251314,8.19343,44.0105,-0.174502,0.5986254,0.5488427,0.5567481,-0.1086112,0.001314379,0.006833279,-56.50001
318.4,-3472.135,7084.758,-16402.42,0.00631754,8.206562,43.97954,-0.1684376,0.6007923,0.5423307,0.562632,-0.1086594,0.001162483,0.006855933,-56.50001
318.6,-3472.136,7086.401,-16393.62,-0.01985986,8.219684,43.94863,-0.1623434,0.6028985,0.535753,0.5684424,-0.1087076,0.001010153,0.006875232,-56.50001
318.8,-3472.143,7088.046,-16384.84,-0.04601902,8.232795,43.91776,-0.1562198,0.6049436,0.5291104,0.5741785,-0.1087559,0.0008574637,0.006891167,-56.50001
319,-3472.155,7089.694,-16376.06,-0.0721599,8.245894,43.88694,-0.1500674,0.6069271,0.5224037,0.5798394,-0.1088041,0.0007044887,0.00690373,-56.50001
319.2,-3472.172,7091.345,-16367.28,-0.09828247,8.258984,43.85616,-0.143887,0.6088486,0.5156337,0.5854245,-0.1088524,0.0005513024,0.006912914,-56.50001
319.4,-3472.194,7092.998,-16358.51,-0.1243867,8.272062,43.82542,-0.137679,0.6107078,0.5088013,0.5909329,-0.1089007,0.0003979795,0.006918713,-56.50001
319.6,-3472.222,7094.653,-16349.75,-0.1504726,8.28513,43.79473,-0.1314441,0.6125042,0.5019073,0.5963641,-0.108949,0.0002445946,0.006921127,-56.50001
319.8,-3472.254,7096.312,-16341,-0.17654,8.298187,43.76408,-0.1251829,0.6142374,0.4949526,0.6017172,-0.1089974,9.122258e-05,0.006920152,-56.50001
320,-3472.292,7097.973,-16332.25,-0.202589,8.311234,43.73347,-0.1188961,0.615907,0.4879381,0.6069915,-0.1090457,-6.206181e-05,0.00691579,-56.50001
320.2,-3472.335,7099.636,-16323.5,-0.2286196,8.324269,43.70291,-0.1125842,0.6175127,0.4808646,0.6121864,-0.1090941,-0.0002151837,0.006908041,-56.50001
320.4,-3472.384,7101.302,-16314.76,-0.2546317,8.337295,43.67239,-0.106248,0.6190541,0.4737329,0.617301,-0.1091425,-0.0003680681,0.006896911,-56.50001
320.6,-3472.437,7102.971,-16306.03,-0.2806253,8.350309,43.64192,-0.09988802,0.6205307,0.466544,0.6223349,-0.109191,-0.0005206402,0.006882403,-56.50001
320.8,-3472.496,7104.643,-16297.31,-0.3066005,8.363315,43.61149,-0.09350498,0.6219423,0.4592988,0.6272872,-0.1092394,-0.0006728254,0.006864525,-56.50001
321,-3472.56,7106.316,-16288.59,-0.3325571,8.376308,43.5811,-0.08709951,0.6232885,0.4519981,0.6321573,-0.1092879,-0.0008245491,0.006843285,-56.50001
321.2,-3472.629,7107.993,-16279.88,-0.3584951,8.389293,43.55075,-0.08067229,0.6245689,0.444643,0.6369445,-0.1093363,-0.0009757365,0.006818694,-56.50001
321.4,-3472.703,7109.672,-16271.17,-0.3844147,8.402267,43.52045,-0.07422398,0.6257831,0.4372342,0.6416483,-0.1093848,-0.001126314,0.006790763,-56.50001
321.6,-3472.783,7111.354,-16262.47,-0.4103157,8.41523,43.49019,-0.06775524,0.6269309,0.4297728,0.646268,-0.1094334,-0.001276206,0.006759506,-56.50001
321.8,-3472.867,7113.038,-16253.77,-0.4361981,8.428184,43.45997,-0.06126676,0.6280119,0.4222596,0.6508028,-0.1094819,-0.001425341,0.006724937,-56.50001
322,-3472.957,7114.725,-16245.08,-0.462062,8.441127,43.4298,-0.05475923,0.6290258,0.4146957,0.6552523,-0.1095305,-0.001573644,0.006687075,-56.50001
322.2,-3473.052,7116.415,-16236.4,-0.4879073,8.454061,43.39967,-0.04823332,0.6299722,0.4070818,0.6596158,-0.1095791,-0.001721042,0.006645937,-56.50001
322.4,-3473.152,7118.107,-16227.72,-0.513734,8.466984,43.36958,-0.04168974,0.6308509,0.3994192,0.6638926,-0.1096277,-0.001867462,0.006601542,-56.50001
322.6,-3473.258,7119.801,-16219.05,-0.5395423,8.479897,43.33953,-0.03512917,0.6316615,0.3917086,0.6680824,-0.1096763,-0.002012833,0.006553914,-56.50001
322.8,-3473.368,7121.499,-16210.39,-0.5653319,8.492801,43.30952,-0.02855234,0.6324037,0.3839511,0.6721843,-0.109725,-0.002157082,0.006503075,-56.50001
323,-3473.484,7123.199,-16201.73,-0.5911029,8.505694,43.27956,-0.02195993,0.6330773,0.3761477,0.676198,-0.1097736,-0.002300137,0.00644905,-56.50001
323.2,-3473.605,7124.901,-16193.08,-0.6168554,8.518578,43.24964,-0.01535266,0.633682,0.3682993,0.6801229,-0.1098223,-0.002441928,0.006391866,-56.50001
323.4,-3473.73,7126.606,-16184.43,-0.6425893,8.531452,43.21976,-0.008731262,0.6342174,0.3604069,0.6839582,-0.109871,-0.002582385,0.006331551,-56.50001
323.6,-3473.862,7128.313,-16175.79,-0.6683046,8.544316,43.18992,-0.002096442,0.6346834,0.3524716,0.6877037,-0.1099198,-0.002721438,0.006268134,-56.50001
323.8,-3473.998,7130.024,-16167.15,-0.6940014,8.55717,43.16013,0.004551067,0.6350796,0.3444943,0.6913587,-0.1099685,-0.002859017,0.006201647,-56.50001
324,-3474.139,7131.736,-16158.52,-0.7196797,8.570015,43.13037,0.01121054,0.6354058,0.3364761,0.6949227,-0.1100173,-0.002995054,0.006132123,-56.50001
324.2,-3474.286,7133.452,-16149.9,-0.7453394,8.58285,43.10066,0.01788123,0.6356618,0.3284179,0.6983953,-0.1100661,-0.003129482,0.006059595,-56.50001
324.4,-3474.438,7135.169,-16141.28,-0.7709805,8.595675,43.07099,0.02456241,0.6358473,0.3203209,0.7017759,-0.1101149,-0.003262234,0.005984101,-56.50001
324.6,-3474.594,7136.89,-16132.67,-0.7966032,8.60849,43.04136,0.03125332,0.635962,0.3121861,0.7050641,-0.1101637,-0.003393242,0.005905676,-56.50001
324.8,-3474.756,7138.613,-16124.07,-0.8222073,8.621296,43.01177,0.03795323,0.6360058,0.3040144,0.7082594,-0.1102126,-0.003522443,0.005824361,-56.50001
325,-3474.923,7140.338,-16115.47,-0.8477929,8.634092,42.98223,0.04466138,0.6359785,0.295807,0.7113613,-0.1102614,-0.003649771,0.005740195,-56.50001
325.2,-3475.095,7142.067,-16106.87,-0.87336,8.646879,42.95272,0.05137702,0.6358798,0.2875649,0.7143695,-0.1103103,-0.003775162,0.00565322,-56.50001
325.4,-3475.272,7143.797,-16098.29,-0.8989087,8.659657,42.92326,0.05809937,0.6357094,0.2792891,0.7172835,-0.1103593,-0.003898554,0.00556348,-56.50001
325.6,-3475.455,7145.531,-16089.71,-0.9244389,8.672424,42.89384,0.0648277,0.6354674,0.2709808,0.7201028,-0.1104082,-0.004019884,0.005471019,-56.50001
325.8,-3475.642,7147.266,-16081.13,-0.9499506,8.685183,42.86445,0.0715612,0.6351533,0.262641,0.7228271,-0.1104572,-0.004139093,0.005375884,-56.50001
326,-3475.835,7149.004,-16072.56,-0.9754439,8.697931,42.83511,0.07829913,0.6347672,0.2542707,0.7254559,-0.1105061,-0.00425612,0.005278121,-56.50001
326.2,-3476.032,7150.746,-16064,-1.000919,8.71067,42.80581,0.08504071,0.6343087,0.2458712,0.727989,-0.1105551,-0.004370906,0.005177781,-56.50001
326.4,-3476.235,7152.489,-16055.44,-1.026375,8.723401,42.77655,0.09178516,0.6337778,0.2374433,0.7304258,-0.1106042,-0.004483393,0.005074912,-56.50001
326.6,-3476.443,7154.235,-16046.88,-1.051813,8.736121,42.74733,0.09853168,0.6331742,0.2289883,0.7327662,-0.1106532,-0.004593525,0.004969566,-56.50001
326.8,-3476.656,7155.983,-16038.34,-1.077233,8.748833,42.71815,0.1052795,0.632498,0.2205072,0.7350096,-0.1107023,-0.004701247,0.004861797,-56.50001
327,-3476.874,7157.734,-16029.8,-1.102634,8.761535,42.68902,0.1120278,0.6317488,0.2120012,0.7371559,-0.1107514,-0.004806503,0.004751659,-56.50001
327.2,-3477.097,7159.488,-16021.26,-1.128017,8.774227,42.65992,0.1187759,0.6309265,0.2034714,0.7392045,-0.1108005,-0.00490924,0.004639206,-56.50001
327.4,-3477.325,7161.244,-16012.73,-1.153382,8.786911,42.63086,0.1255229,0.6300312,0.1949187,0.7411554,-0.1108496,-0.005009407,0.004524495,-56.50001
327.6,-3477.558,7163.003,-16004.21,-1.178728,8.799584,42.60184,0.132268,0.6290627,0.1863445,0.7430081,-0.1108987,-0.005106953,0.004407585,-56.50001
327.8,-3477.796,7164.764,-15995.69,-1.204056,8.812249,42.57287,0.1390104,0.6280207,0.1777498,0.7447625,-0.1109479,-0.005201829,0.004288533,-56.50001
328,-3478.04,7166.528,-15987.18,-1.229366,8.824905,42.54393,0.1457494,0.6269053,0.1691356,0.7464181,-0.1109971,-0.005293985,0.0041674,-56.50001
328.2,-3478.288,7168.294,-15978.67,-1.254657,8.837551,42.51503,0.152484,0.6257164,0.1605033,0.7479748,-0.1110463,-0.005383376,0.004044247,-56.50001
328.4,-3478.542,7170.062,-15970.17,-1.27993,8.850188,42.48618,0.1592136,0.6244538,0.1518538,0.7494323,-0.1110955,-0.005469956,0.003919137,-56.50001
328.6,-3478.8,7171.834,-15961.68,-1.305185,8.862817,42.45736,0.1659373,0.6231177,0.1431883,0.7507905,-0.1111448,-0.005553681,0.003792132,-56.50001
328.8,-3479.064,7173.608,-15953.19,-1.330422,8.875436,42.42858,0.1726542,0.6217077,0.1345079,0.7520489,-0.1111941,-0.005634509,0.003663297,-56.50001
329,-3479.332,7175.384,-15944.71,-1.355641,8.888045,42.39984,0.1793636,0.6202241,0.1258139,0.7532076,-0.1112434,-0.005712396,0.003532698,-56.50001
329.2,-3479.606,7177.163,-15936.23,-1.380841,8.900646,42.37114,0.1860647,0.6186666,0.1171073,0.7542662,-0.1112927,-0.005787306,0.0034004,-56.50001
329.4,-3479.885,7178.944,-15927.76,-1.406023,8.913238,42.34248,0.1927566,0.6170352,0.1083893,0.7552246,-0.111342,-0.005859198,0.003266471,-56.50001
329.6,-3480.168,7180.728,-15919.29,-1.431188,8.92582,42.31386,0.1994384,0.61533,0.09966107,0.7560827,-0.1113914,-0.005928035,0.003130978,-56.50001
329.8,-3480.457,7182.515,-15910.83,-1.456334,8.938394,42.28528,0.2061095,0.6135509,0.09092372,0.7568402,-0.1114408,-0.005993784,0.002993992,-56.50001
330,-3480.751,7184.304,-15902.38,-1.481462,8.950958,42.25674,0.2127689,0.6116979,0.08217841,0.7574971,-0.1114902,-0.00605641,0.00285558,-56.50001
330.2,-3481.05,7186.095,-15893.93,-1.506571,8.963513,42.22824,0.2194158,0.609771,0.07342634,0.7580531,-0.1115396,-0.00611588,0.002715815,-56.50001
330.4,-3481.354,7187.889,-15885.49,-1.531663,8.97606,42.19977,0.2260494,0.6077703,0.06466863,0.7585083,-0.1115891,-0.006172164,0.002574768,-56.50001
330.6,-3481.662,7189.686,-15877.05,-1.556737,8.988597,42.17135,0.2326688,0.6056957,0.05590646,0.7588626,-0.1116385,-0.006225234,0.00243251,-56.50001
330.8,-3481.976,7191.484,-15868.62,-1.581793,9.001125,42.14296,0.2392733,0.6035474,0.047141,0.7591156,-0.111688,-0.006275062,0.002289114,-56.50001
331,-3482.295,7193.286,-15860.2,-1.606831,9.013645,42.11462,0.245862,0.6013253,0.03837341,0.7592676,-0.1117375,-0.006321621,0.002144654,-56.50001
331.2,-3482.619,7195.09,-15851.78,-1.631851,9.026155,42.08631,0.252434,0.5990294,0.02960487,0.7593184,-0.1117871,-0.006364888,0.001999203,-56.50001
331.4,-3482.948,7196.896,-15843.36,-1.656853,9.038657,42.05804,0.2589886,0.59666,0.02083655,0.7592679,-0.1118366,-0.006404841,0.001852837,-56.50001
331.6,-3483.282,7198.706,-15834.95,-1.681837,9.05115,42.0298,0.2655247,0.5942169,0.01206961,0.7591161,-0.1118862,-0.006441459,0.00170563,-56.50001
331.8,-3483.621,7200.517,-15826.55,-1.706803,9.063634,42.00161,0.2720418,0.5917003,0.003305237,0.758863,-0.1119358,-0.006474721,0.001557658,-56.50001
332,-3483.964,7202.331,-15818.15,-1.731752,9.076109,41.97346,0.2785389,0.5891104,-0.0054554,0.7585086,-0.1119854,-0.006504613,0.001408997,-56.50001
332.2,-3484.313,7204.147,-15809.76,-1.756682,9.088575,41.94534,0.285015,0.5864471,-0.01421112,0.7580529,-0.1120351,-0.006531117,0.001259724,-56.50001
332.4,-3484.667,7205.966,-15801.37,-1.781595,9.101032,41.91726,0.2914695,0.5837107,-0.02296076,0.7574959,-0.1120848,-0.00655422,0.001109915,-56.50001
332.6,-3485.026,7207.788,-15792.99,-1.80649,9.113482,41.88923,0.2979015,0.5809012,-0.03170313,0.7568378,-0.1121344,-0.006573909,0.0009596485,-56.50001
332.8,-3485.39,7209.612,-15784.62,-1.831367,9.125921,41.86122,0.3043101,0.5780187,-0.04043705,0.7560784,-0.1121842,-0.006590175,0.0008090012,-56.50001
333,-3485.759,7211.438,-15776.25,-1.856226,9.138352,41.83326,0.3106945,0.5750635,-0.04916136,0.7552179,-0.1122339,-0.006603008,0.0006580511,-56.50001
333.2,-3486.132,7213.267,-15767.88,-1.881068,9.150774,41.80533,0.3170539,0.5720356,-0.05787486,0.7542564,-0.1122837,-0.006612402,0.0005068764,-56.50001
333.4,-3486.511,7215.098,-15759.53,-1.905892,9.163188,41.77744,0.3233873,0.5689352,-0.06657638,0.7531939,-0.1123334,-0.006618351,0.0003555553,-56.50001
333.6,-3486.895,7216.932,-15751.17,-1.930698,9.175592,41.74959,0.329694,0.5657624,-0.07526475,0.7520306,-0.1123832,-0.006620853,0.0002041663,-56.50001
333.8,-3487.283,7218.769,-15742.83,-1.955487,9.187988,41.72178,0.3359731,0.5625175,-0.08393879,0.7507665,-0.1124331,-0.006619905,5.278786e-05,-56.50001
334,-3487.677,7220.607,-15734.48,-1.980258,9.200376,41.694,0.3422237,0.5592007,-0.09259732,0.7494019,-0.1124829,-0.006615509,-9.850139e-05,-56.50001
334.2,-3488.075,7222.449,-15726.15,-2.005012,9.212754,41.66627,0.3484451,0.5558121,-0.1012392,0.7479368,-0.1125328,-0.006607665,-0.0002496228,-56.50001
334.4,-3488.479,7224.292,-15717.82,-2.029747,9.225124,41.63857,0.3546364,0.552352,-0.1098631,0.7463715,-0.1125827,-0.006596379,-0.0004004978,-56.50001
334.6,-3488.887,7226.139,-15709.49,-2.054466,9.237485,41.6109,0.3607967,0.5488204,-0.1184681,0.744706,-0.1126326,-0.006581654,-0.0005510477,-56.50001
334.8,-3489.301,7227.987,-15701.17,-2.079166,9.249838,41.58328,0.3669253,0.5452179,-0.1270528,0.7429407,-0.1126825,-0.0065635,-0.0007011942,-56.50001
335,-3489.719,7229.839,-15692.86,-2.10385,9.262182,41.55569,0.3730212,0.5415444,-0.1356162,0.7410756,-0.1127325,-0.006541925,-0.0008508589,-56.50001
335.2,-3490.142,7231.692,-15684.55,-2.128515,9.274517,41.52814,0.3790836,0.5378003,-0.144157,0.7391111,-0.1127825,-0.00651694,-0.0009999636,-56.50001
335.4,-3490.57,7233.548,-15676.25,-2.153164,9.286844,41.50063,0.3851117,0.5339859,-0.1526741,0.7370473,-0.1128325,-0.006488558,-0.00114843,-56.50001
335.6,-3491.003,7235.407,-15667.95,-2.177794,9.299162,41.47314,0.3911047,0.5301014,-0.1611663,0.7348844,-0.1128825,-0.006456794,-0.001296181,-56.50001
335.8,-3491.441,7237.268,-15659.66,-2.202408,9.311472,41.44571,0.3970617,0.5261469,-0.1696324,0.7326229,-0.1129325,-0.006421664,-0.00144314,-56.50001
336,-3491.884,7239.132,-15651.37,-2.227004,9.323772,41.4183,0.4029818,0.5221231,-0.1780714,0.7302628,-0.1129826,-0.006383186,-0.001589228,-56.50001
336.2,-3492.332,7240.998,-15643.09,-2.251583,9.336065,41.39093,0.4088643,0.51803,-0.186482,0.7278045,-0.1130327,-0.00634138,-0.001734369,-56.50001
336.4,-3492.785,7242.866,-15634.82,-2.276144,9.348349,41.36361,0.4147083,0.5138679,-0.194863,0.7252483,-0.1130828,-0.006296268,-0.001878488,-56.50001
336.6,-3493.243,7244.737,-15626.55,-2.300688,9.360624,41.33631,0.4205131,0.5096373,-0.2032134,0.7225946,-0.113133,-0.006247873,-0.002021507,-56.50001
336.8,-3493.705,7246.61,-15618.28,-2.325215,9.37289,41.30906,0.4262777,0.5053384,-0.2115319,0.7198436,-0.1131831,-0.006196221,-0.002163353,-56.50001
337,-3494.173,7248.486,-15610.02,-2.349724,9.385149,41.28183,0.4320013,0.5009715,-0.2198174,0.7169957,-0.1132333,-0.006141338,-0.00230395,-56.50001
337.2,-3494.645,7250.364,-15601.77,-2.374216,9.397399,41.25465,0.4376831,0.496537,-0.2280689,0.7140512,-0.1132835,-0.006083254,-0.002443224,-56.50001
337.4,-3495.122,7252.245,-15593.52,-2.398691,9.40964,41.2275,0.4433223,0.4920354,-0.236285,0.7110105,-0.1133338,-0.006021997,-0.002581102,-56.50001
337.6,-3495.604,7254.128,-15585.28,-2.423149,9.421873,41.20039,0.4489181,0.4874668,-0.2444647,0.707874,-0.113384,-0.005957603,-0.002717511,-56.50001
337.8,-3496.092,7256.014,-15577.04,-2.44759,9.434098,41.17331,0.4544697,0.4828317,-0.2526069,0.7046421,-0.1134343,-0.005890102,-0.002852378,-56.50001
338,-3496.584,7257.902,-15568.81,-2.472013,9.446314,41.14627,0.4599762,0.4781306,-0.2607104,0.7013153,-0.1134846,-0.005819531,-0.002985633,-56.50001
338.2,-3497.081,7259.792,-15560.58,-2.496419,9.458522,41.11927,0.4654368,0.4733638,-0.2687741,0.6978938,-0.1135349,-0.005745927,-0.003117204,-56.50001
338.4,-3497.582,7261.686,-15552.36,-2.520808,9.47072,41.0923,0.4708508,0.4685317,-0.2767968,0.6943782,-0.1135853,-0.005669328,-0.003247023,-56.50001
338.6,-3498.089,7263.581,-15544.15,-2.544971,9.482822,41.06537,0.4762173,0.4636347,-0.2847776,0.6907689,-0.1136357,-0.005589777,-0.003375019,-56.50001
338.8,-3498.6,7265.479,-15535.93,-2.568231,9.494539,41.03846,0.4815356,0.4586732,-0.2927151,0.6870664,-0.1136861,-0.005507313,-0.003501125,-56.50001
339,-3499.116,7267.378,-15527.73,-2.590578,9.505867,41.01157,0.4868047,0.4536478,-0.3006084,0.6832712,-0.1137365,-0.005421981,-0.003625274,-56.50001
339.2,-3499.636,7269.281,-15519.53,-2.612052,9.516823,40.98471,0.492024,0.4485588,-0.3084563,0.6793836,-0.1137869,-0.005333826,-0.0037474,-56.50001
339.4,-3500.161,7271.185,-15511.34,-2.632694,9.527424,40.95788,0.4971926,0.4434067,-0.3162577,0.6754044,-0.1138374,-0.005242894,-0.003867438,-56.50001
339.6,-3500.689,7273.092,-15503.15,-2.652542,9.537686,40.93108,0.5023097,0.438192,-0.3240115,0.6713339,-0.1138879,-0.005149235,-0.003985323,-56.50001
339.8,-3501.222,7275,-15494.96,-2.671633,9.547626,40.90432,0.5073747,0.4329151,-0.3317167,0.6671727,-0.1139384,-0.005052897,-0.004100993,-56.50001
340,-3501.758,7276.911,-15486.79,-2.69,9.557257,40.87758,0.5123866,0.4275765,-0.3393722,0.6629214,-0.1139889,-0.004953932,-0.004214386,-56.50001
340.2,-3502.298,7278.823,-15478.61,-2.707677,9.566593,40.85088,0.5173448,0.4221768,-0.3469768,0.6585805,-0.1140395,-0.004852391,-0.004325442,-56.50001
340.4,-3502.841,7280.737,-15470.45,-2.724696,9.575648,40.8242,0.5222483,0.4167165,-0.3545295,0.6541505,-0.1140901,-0.004748331,-0.004434099,-56.50001
340.6,-3503.387,7282.653,-15462.28,-2.741087,9.584436,40.79757,0.5270966,0.411196,-0.3620293,0.6496322,-0.1141407,-0.004641805,-0.004540301,-56.50001
340.8,-3503.937,7284.571,-15454.13,-2.756879,9.592968,40.77097,0.5318887,0.4056158,-0.369475,0.6450259,-0.1141913,-0.004532871,-0.004643991,-56.50001
341,-3504.49,7286.491,-15445.97,-2.772099,9.601255,40.74441,0.536624,0.3999766,-0.3768656,0.6403325,-0.114242,-0.004421587,-0.004745112,-56.50001
341.2,-3505.046,7288.412,-15437.83,-2.786773,9.60931,40.71788,0.5413017,0.3942789,-0.3842002,0.6355523,-0.1142927,-0.004308012,-0.004843611,-56.50001
341.4,-3505.605,7290.334,-15429.69,-2.800927,9.617143,40.69138,0.5459211,0.3885233,-0.3914775,0.6306863,-0.1143434,-0.004192207,-0.004939434,-56.50001
341.6,-3506.167,7292.258,-15421.55,-2.814585,9.624763,40.66493,0.5504813,0.3827102,-0.3986967,0.6257349,-0.1143941,-0.004074235,-0.00503253,-56.50001
341.8,-3506.731,7294.184,-15413.42,-2.82777,9.632181,40.63851,0.5549817,0.3768403,-0.4058566,0.6206989,-0.1144448,-0.003954158,-0.005122848,-56.50001
342,-3507.298,7296.111,-15405.3,-2.840502,9.639405,40.61213,0.5594215,0.3709141,-0.4129563,0.6155789,-0.1144956,-0.003832042,-0.00521034,-56.50001
342.2,-3507.867,7298.04,-15397.18,-2.852803,9.646446,40.58578,0.5638,0.3649323,-0.4199947,0.6103756,-0.1145464,-0.00370795,-0.005294958,-56.50001
342.4,-3508.439,7299.97,-15389.06,-2.864694,9.653311,40.55946,0.5681165,0.3588955,-0.4269709,0.6050897,-0.1145972,-0.003581951,-0.005376656,-56.50001
342.6,-3509.013,7301.901,-15380.95,-2.876192,9.660007,40.53319,0.5723703,0.3528042,-0.4338838,0.5997218,-0.1146481,-0.003454112,-0.005455391,-56.50001
342.8,-3509.589,7303.834,-15372.85,-2.887316,9.666545,40.50695,0.5765606,0.3466592,-0.4407324,0.5942729,-0.1146989,-0.003324502,-0.005531119,-56.50001
343,-3510.168,7305.768,-15364.75,-2.898084,9.672929,40.48075,0.5806867,0.3404609,-0.4475158,0.5887435,-0.1147498,-0.003193192,-0.0056038,-56.50001
343.2,-3510.748,7307.703,-15356.66,-2.908511,9.679167,40.45458,0.584748,0.3342102,-0.454233,0.5831344,-0.1148008,-0.003060251,-0.005673394,-56.50001
343.4,-3511.331,7309.64,-15348.57,-2.918613,9.685266,40.42846,0.5887436,0.3279076,-0.460883,0.5774465,-0.1148517,-0.002925751,-0.005739863,-56.50001
343.6,-3511.916,7311.577,-15340.49,-2.928406,9.691233,40.40236,0.5926731,0.3215537,-0.4674649,0.5716803,-0.1149027,-0.002789767,-0.00580317,-56.50001
343.8,-3512.502,7313.516,-15332.41,-2.937904,9.697073,40.3763,0.5965356,0.3151494,-0.4739777,0.5658368,-0.1149537,-0.00265237,-0.005863281,-56.50001
344,-3513.091,7315.456,-15324.33,-2.94712,9.702791,40.35028,0.6003305,0.3086951,-0.4804205,0.5599168,-0.1150047,-0.002513636,-0.005920164,-56.50001
344.2,-3513.681,7317.397,-15316.27,-2.956067,9.708395,40.3243,0.6040571,0.3021918,-0.4867923,0.553921,-0.1150557,-0.00237364,-0.005973788,-56.50001
344.4,-3514.273,7319.339,-15308.21,-2.964758,9.713889,40.29834,0.6077147,0.2956399,-0.4930922,0.5478503,-0.1151068,-0.002232458,-0.006024122,-56.50001
344.6,-3514.867,7321.283,-15300.15,-2.973204,9.719277,40.27243,0.6113028,0.2890403,-0.4993194,0.5417054,-0.1151579,-0.002090167,-0.006071139,-56.50001
344.8,-3515.463,7323.227,-15292.1,-2.981418,9.724566,40.24655,0.6148206,0.2823936,-0.5054728,0.5354874,-0.115209,-0.001946844,-0.006114814,-56.50001
345,-3516.06,7325.172,-15284.05,-2.989409,9.729759,40.22071,0.6182675,0.2757006,-0.5115517,0.5291969,-0.1152601,-0.001802567,-0.006155122,-56.50001
345.2,-3516.658,7327.119,-15276.01,-2.997188,9.73486,40.1949,0.6216429,0.2689621,-0.5175551,0.5228348,-0.1153113,-0.001657414,-0.006192041,-56.50001
345.4,-3517.259,7329.066,-15267.97,-3.004765,9.739876,40.16912,0.6249461,0.2621787,-0.5234821,0.5164021,-0.1153624,-0.001511467,-0.006225551,-56.50001
345.6,-3517.86,7331.015,-15259.94,-3.012149,9.744807,40.14338,0.6281765,0.2553512,-0.529332,0.5098997,-0.1154137,-0.001364802,-0.006255633,-56.50001
345.8,-3518.463,7332.964,-15251.91,-3.019349,9.74966,40.11768,0.6313335,0.2484803,-0.5351037,0.5033284,-0.1154649,-0.001217503,-0.00628227,-56.50001
346,-3519.068,7334.915,-15243.89,-3.026374,9.754436,40.09201,0.6344166,0.2415669,-0.5407966,0.4966891,-0.1155161,-0.001069647,-0.006305448,-56.50001
346.2,-3519.674,7336.866,-15235.88,-3.033231,9.75914,40.06637,0.637425,0.2346118,-0.5464097,0.4899828,-0.1155674,-0.0009213175,-0.006325154,-56.50001
346.4,-3520.281,7338.818,-15227.87,-3.03993,9.763776,40.04077,0.6403582,0.2276156,-0.5519422,0.4832104,-0.1156187,-0.0007725949,-0.006341376,-56.50001
346.6,-3520.89,7340.771,-15219.86,-3.046475,9.768345,40.0152,0.6432157,0.2205792,-0.5573933,0.4763728,-0.11567,-0.000623561,-0.006354107,-56.50001
346.8,-3521.5,7342.726,-15211.86,-3.052876,9.772852,39.98967,0.6459968,0.2135035,-0.5627623,0.4694711,-0.1157214,-0.0004742977,-0.006363336,-56.50001
347,-3522.111,7344.681,-15203.86,-3.059138,9.777299,39.96417,0.648701,0.2063891,-0.5680482,0.4625061,-0.1157728,-0.0003248871,-0.006369062,-56.50001
347.2,-3522.723,7346.637,-15195.87,-3.065269,9.781689,39.9387,0.6513277,0.199237,-0.5732504,0.4554788,-0.1158242,-0.0001754114,-0.006371278,-56.50001
347.4,-3523.337,7348.593,-15187.89,-3.071273,9.786024,39.91327,0.6538764,0.1920479,-0.578368,0.4483902,-0.1158756,-2.595294e-05,-0.006369985,-56.50001
347.6,-3523.952,7350.551,-15179.91,-3.077157,9.790306,39.88787,0.6563465,0.1848228,-0.5834003,0.4412413,-0.115927,0.0001234057,-0.006365182,-56.50001
347.8,-3524.568,7352.51,-15171.93,-3.082927,9.794539,39.86251,0.6587375,0.1775624,-0.5883466,0.4340332,-0.1159785,0.0002725822,-0.006356873,-56.50001
348,-3525.185,7354.469,-15163.96,-3.088588,9.798725,39.83718,0.6610489,0.1702675,-0.5932061,0.4267667,-0.11603,0.000421494,-0.00634506,-56.50001
348.2,-3525.803,7356.429,-15156,-3.094144,9.802865,39.81188,0.6632801,0.1629392,-0.5979781,0.419443,-0.1160815,0.0005700588,-0.006329752,-56.50001
348.4,-3526.423,7358.39,-15148.04,-3.099601,9.806962,39.78661,0.6654307,0.1555781,-0.6026619,0.4120631,-0.1161331,0.0007181944,-0.006310954,-56.50001
348.6,-3527.043,7360.352,-15140.08,-3.104963,9.811018,39.76138,0.6675002,0.1481852,-0.6072568,0.404628,-0.1161846,0.0008658185,-0.006288679,-56.50001
348.8,-3527.665,7362.314,-15132.13,-3.110235,9.815034,39.73618,0.669488,0.1407614,-0.611762,0.3971388,-0.1162362,0.001012849,-0.006262938,-56.50001
349,-3528.287,7364.278,-15124.19,-3.115421,9.819012,39.71101,0.6713938,0.1333076,-0.616177,0.3895965,-0.1162879,0.001159205,-0.006233746,-56.50001
349.2,-3528.911,7366.242,-15116.25,-3.120524,9.822954,39.68588,0.6732169,0.1258246,-0.620501,0.3820022,-0.1163395,0.001304805,-0.006201117,-56.50001
349.4,-3529.535,7368.207,-15108.32,-3.125549,9.826861,39.66078,0.674957,0.1183134,-0.6247334,0.374357,-0.1163912,0.001449567,-0.006165071,-56.50001
349.6,-3530.161,7370.173,-15100.39,-3.130499,9.830736,39.63571,0.6766136,0.1107749,-0.6288736,0.366662,-0.1164429,0.001593412,-0.006125626,-56.50001
349.8,-3530.788,7372.139,-15092.46,-3.135378,9.834579,39.61068,0.6781862,0.10321,-0.6329209,0.3589182,-0.1164946,0.001736258,-0.006082805,-56.50001
350,-3531.415,7374.106,-15084.54,-3.140188,9.838393,39.58567,0.6796745,0.09561958,-0.6368747,0.3511268,-0.1165463,0.001878026,-0.006036631,-56.50001
350.2,-3532.044,7376.075,-15076.63,-3.144934,9.842177,39.5607,0.681078,0.08800462,-0.6407345,0.3432888,-0.1165981,0.002018638,-0.005987131,-56.50001
350.4,-3532.673,7378.043,-15068.72,-3.149617,9.845934,39.53576,0.6823964,0.08036605,-0.6444996,0.3354054,-0.1166499,0.002158014,-0.00593433,-56.50001
350.6,-3533.304,7380.013,-15060.81,-3.154242,9.849665,39.51086,0.6836291,0.07270482,-0.6481694,0.3274778,-0.1167017,0.002296076,-0.005878258,-56.50001
350.8,-3533.935,7381.983,-15052.91,-3.15881,9.853371,39.48598,0.6847758,0.06502188,-0.6517434,0.319507,-0.1167535,0.002432748,-0.005818948,-56.50001
351,-3534.567,7383.955,-15045.02,-3.163324,9.857052,39.46114,0.6858362,0.05731818,-0.6552211,0.3114942,-0.1168054,0.002567952,-0.005756431,-56.50001
351.2,-3535.2,7385.926,-15037.13,-3.167786,9.860711,39.43633,0.6868098,0.0495947,-0.6586019,0.3034406,-0.1168572,0.002701612,-0.005690743,-56.50001
351.4,-3535.834,7387.898,-15029.24,-3.1722,9.864347,39.41155,0.6876964,0.0418524,-0.6618852,0.2953472,-0.1169091,0.002833654,-0.005621919,-56.50001
351.6,-3536.469,7389.872,-15021.36,-3.176566,9.867963,39.3868,0.6884955,0.03409225,-0.6650707,0.2872154,-0.1169611,0.002964003,-0.005549999,-56.50001
351.8,-3537.105,7391.846,-15013.49,-3.180888,9.871559,39.36209,0.6892068,0.02631526,-0.6681577,0.2790461,-0.117013,0.003092586,-0.005475023,-56.50001
352,-3537.741,7393.82,-15005.62,-3.185168,9.875135,39.3374,0.6898301,0.01852239,-0.6711458,0.2708407,-0.117065,0.00321933,-0.005397032,-56.50001
352.2,-3538.379,7395.796,-14997.75,-3.189406,9.878693,39.31275,0.6903649,0.01071465,-0.6740345,0.2626003,-0.117117,0.003344164,-0.005316072,-56.50001
352.4,-3539.017,7397.772,-14989.89,-3.193606,9.882234,39.28813,0.690811,0.002893038,-0.6768235,0.2543261,-0.117169,0.003467018,-0.005232185,-56.50001
352.6,-3539.656,7399.749,-14982.04,-3.197768,9.885756,39.26354,0.6911681,-0.004941443,-0.6795122,0.2460193,-0.1172211,0.003587821,-0.005145421,-56.50001
352.8,-3540.296,7401.726,-14974.19,-3.201895,9.889264,39.23898,0.6914358,-0.01278778,-0.6821002,0.237681,-0.1172732,0.003706506,-0.005055827,-56.50001
353,-3540.937,7403.705,-14966.34,-3.205988,9.892756,39.21445,0.691614,-0.02064495,-0.6845872,0.2293126,-0.1173253,0.003823006,-0.004963455,-56.50001
353.2,-3541.579,7405.684,-14958.5,-3.210049,9.896233,39.18996,0.6917024,-0.02851195,-0.6869726,0.2209152,-0.1173774,0.003937255,-0.004868355,-56.50001
353.4,-3542.221,7407.663,-14950.67,-3.214079,9.899694,39.16549,0.6917006,-0.03638773,-0.6892562,0.2124901,-0.1174295,0.004049186,-0.004770583,-56.50001
353.6,-3542.864,7409.643,-14942.84,-3.218079,9.903144,39.14106,0.6916086,-0.04427127,-0.6914376,0.2040384,-0.1174817,0.004158738,-0.004670192,-56.50001
353.8,-3543.508,7411.624,-14935.01,-3.222051,9.90658,39.11666,0.691426,-0.05216153,-0.6935164,0.1955614,-0.1175339,0.004265848,-0.00456724,-56.50001
354,-3544.153,7413.606,-14927.19,-3.225996,9.910003,39.09229,0.6911527,-0.06005748,-0.6954922,0.1870604,-0.1175861,0.004370454,-0.004461786,-56.50001
354.2,-3544.799,7415.588,-14919.37,-3.229915,9.913414,39.06794,0.6907884,-0.06795806,-0.6973649,0.1785365,-0.1176384,0.004472497,-0.004353887,-56.50001
354.4,-3545.445,7417.571,-14911.56,-3.23381,9.916814,39.04363,0.690333,-0.07586222,-0.6991339,0.1699911,-0.1176906,0.00457192,-0.004243608,-56.50001
354.6,-3546.092,7419.555,-14903.76,-3.237681,9.920202,39.01935,0.6897863,-0.08376892,-0.7007992,0.1614254,-0.1177429,0.004668665,-0.004131008,-56.50001
354.8,-3546.74,7421.54,-14895.96,-3.241529,9.92358,38.99511,0.6891481,-0.09167708,-0.7023603,0.1528406,-0.1177952,0.004762677,-0.004016153,-56.50001
355,-3547.389,7423.524,-14888.16,-3.245356,9.926948,38.97089,0.6884182,-0.09958566,-0.7038171,0.144238,-0.1178476,0.004853902,-0.003899107,-56.50001
355.2,-3548.038,7425.51,-14880.37,-3.249162,9.930305,38.9467,0.6875966,-0.1074936,-0.7051692,0.1356189,-0.1178999,0.004942288,-0.003779939,-56.50001
355.4,-3548.688,7427.497,-14872.58,-3.252949,9.933654,38.92254,0.686683,-0.1153998,-0.7064165,0.1269845,-0.1179523,0.005027784,-0.003658714,-56.50001
355.6,-3549.34,7429.483,-14864.8,-3.256749,9.936986,38.89841,0.6856775,-0.1233032,-0.7075587,0.1183361,-0.1180047,0.005110341,-0.003535503,-56.50001
355.8,-3549.991,7431.471,-14857.02,-3.260625,9.940291,38.87432,0.6845797,-0.1312027,-0.7085956,0.109675,-0.1180571,0.005189912,-0.003410376,-56.50001
356,-3550.644,7433.459,-14849.25,-3.264574,9.943569,38.85025,0.6833898,-0.1390972,-0.7095271,0.1010024,-0.1181096,0.005266452,-0.003283404,-56.50001
356.2,-3551.297,7435.449,-14841.48,-3.268593,9.946821,38.82622,0.6821076,-0.1469858,-0.710353,0.09231974,-0.1181621,0.005339914,-0.00315466,-56.50001
356.4,-3551.951,7437.438,-14833.72,-3.272677,9.950049,38.80221,0.6807331,-0.1548671,-0.7110731,0.08362817,-0.1182146,0.00541026,-0.003024218,-56.50001
356.6,-3552.606,7439.429,-14825.96,-3.276824,9.953254,38.77824,0.6792662,-0.1627403,-0.7116873,0.07492902,-0.1182671,0.005477445,-0.002892153,-56.50001
356.8,-3553.262,7441.42,-14818.21,-3.28103,9.956436,38.75429,0.6777067,-0.1706042,-0.7121954,0.06622358,-0.1183197,0.005541433,-0.00275854,-56.50001
357,-3553.919,7443.411,-14810.46,-3.285293,9.959597,38.73037,0.6760548,-0.1784576,-0.7125974,0.05751313,-0.1183722,0.005602186,-0.002623455,-56.50001
357.2,-3554.576,7445.403,-14802.71,-3.289609,9.962737,38.70649,0.6743104,-0.1862996,-0.7128931,0.04879899,-0.1184248,0.005659669,-0.002486978,-56.50001
357.4,-3555.234,7447.396,-14794.98,-3.293976,9.965858,38.68264,0.6724735,-0.1941289,-0.7130826,0.04008244,-0.1184774,0.005713848,-0.002349186,-56.50001
357.6,-3555.894,7449.39,-14787.24,-3.298391,9.968961,38.65881,0.6705441,-0.2019446,-0.7131656,0.03136478,-0.1185301,0.005764693,-0.002210158,-56.50001
357.8,-3556.554,7451.384,-14779.51,-3.302852,9.972045,38.63501,0.6685224,-0.2097454,-0.7131422,0.02264732,-0.1185828,0.005812172,-0.002069975,-56.50001
358,-3557.215,7453.379,-14771.79,-3.307355,9.975113,38.61125,0.6664081,-0.2175303,-0.7130125,0.01393136,-0.1186354,0.00585626,-0.001928718,-56.50001
358.2,-3557.877,7455.374,-14764.07,-3.3119,9.978165,38.58751,0.6642015,-0.2252982,-0.7127762,0.005218206,-0.1186882,0.005896931,-0.001786468,-56.50001
358.4,-3558.54,7457.37,-14756.35,-3.316483,9.9812,38.5638,0.6619026,-0.233048,-0.7124335,-0.003490847,-0.1187409,0.005934159,-0.001643308,-56.50001
358.6,-3559.203,7459.367,-14748.64,-3.321103,9.984221,38.54013,0.6595114,-0.2407786,-0.7119843,-0.01219449,-0.1187937,0.005967924,-0.00149932,-56.50001
358.8,-3559.868,7461.364,-14740.94,-3.325757,9.987228,38.51648,0.6570282,-0.2484887,-0.7114288,-0.02089141,-0.1188464,0.005998205,-0.001354588,-56.50001
359,-3560.534,7463.361,-14733.24,-3.330445,9.990222,38.49286,0.6544529,-0.2561775,-0.7107669,-0.0295803,-0.1188992,0.006024986,-0.001209196,-56.50001
359.2,-3561.2,7465.36,-14725.54,-3.335163,9.993202,38.46927,0.6517857,-0.2638436,-0.7099987,-0.03825987,-0.1189521,0.00604825,-0.001063228,-56.50001
359.4,-3561.868,7467.359,-14717.85,-3.339911,9.99617,38.44571,0.6490267,-0.2714861,-0.7091243,-0.04692879,-0.1190049,0.006067983,-0.0009167696,-56.50001
359.6,-3562.536,7469.358,-14710.16,-3.344687,9.999125,38.42218,0.6461761,-0.2791038,-0.7081439,-0.05558576,-0.1190578,0.006084174,-0.0007699049,-56.50001
359.8,-3563.206,7471.358,-14702.48,-3.349488,10.00207,38.39868,0.643234,-0.2866955,-0.7070575,-0.06422949,-0.1191107,0.006096812,-0.00062272,-56.50001
360,-3563.876,7473.359,-14694.8,-3.354315,10.005,38.37521,0.6402006,-0.2942602,-0.7058653,-0.07285865,-0.1191636,0.006105892,-0.0004753006,-56.50001
360.2,-3564.547,7475.36,-14687.13,-3.359165,10.00793,38.35176,0.6370761,-0.3017968,-0.7045673,-0.08147194,-0.1192166,0.006111406,-0.0003277326,-56.50001
360.4,-3565.22,7477.362,-14679.46,-3.364038,10.01084,38.32835,0.6338606,-0.3093041,-0.7031639,-0.09006807,-0.1192695,0.006113351,-0.0001801024,-56.50001
360.6,-3565.893,7479.365,-14671.8,-3.368931,10.01374,38.30496,0.6305546,-0.316781,-0.701655,-0.09864572,-0.1193225,0.006111726,-3.249601e-05,-56.50001
360.8,-3566.567,7481.368,-14664.14,-3.373844,10.01664,38.2816,0.6271579,-0.3242264,-0.7000411,-0.1072036,-0.1193755,0.006106532,0.0001150001,-56.50001
361,-3567.242,7483.371,-14656.48,-3.378775,10.01952,38.25828,0.6236711,-0.3316393,-0.6983222,-0.1157404,-0.1194286,0.006097771,0.0002622995,-56.50001
361.2,-3567.919,7485.375,-14648.83,-3.383724,10.0224,38.23498,0.6200943,-0.3390184,-0.6964986,-0.1242548,-0.1194816,0.006085449,0.000409316,-56.50001
361.4,-3568.596,7487.38,-14641.19,-3.388689,10.02527,38.21171,0.6164278,-0.3463627,-0.6945706,-0.1327456,-0.1195347,0.006069572,0.0005559631,-56.50001
361.6,-3569.274,7489.386,-14633.55,-3.39367,10.02813,38.18847,0.6126719,-0.353671,-0.6925384,-0.1412114,-0.1195878,0.00605015,0.000702155,-56.50001
361.8,-3569.953,7491.392,-14625.92,-3.398665,10.03098,38.16525,0.6088268,-0.3609423,-0.6904022,-0.1496509,-0.119641,0.006027193,0.0008478056,-56.50001
362,-3570.634,7493.398,-14618.28,-3.403674,10.03382,38.14207,0.6048928,-0.3681754,-0.6881625,-0.1580629,-0.1196941,0.006000715,0.0009928291,-56.50001
362.2,-3571.315,7495.405,-14610.66,-3.408697,10.03666,38.11891,0.6008705,-0.3753693,-0.6858194,-0.166446,-0.1197473,0.005970731,0.00113714,-56.50001
362.4,-3571.997,7497.413,-14603.04,-3.413794,10.03961,38.09578,0.5967599,-0.3825228,-0.6833734,-0.1747991,-0.1198005,0.005937259,0.001280654,-56.50001
362.6,-3572.68,7499.421,-14595.42,-3.418991,10.04272,38.07269,0.5925615,-0.3896348,-0.6808248,-0.1831207,-0.1198537,0.005900318,0.001423286,-56.50001
362.8,-3573.365,7501.43,-14587.81,-3.424283,10.04597,38.04961,0.5882757,-0.3967043,-0.6781738,-0.1914096,-0.119907,0.005859929,0.001564951,-56.50001
363,-3574.05,7503.439,-14580.2,-3.429666,10.04937,38.02657,0.5839029,-0.4037301,-0.675421,-0.1996646,-0.1199602,0.005816117,0.001705566,-56.50001
363.2,-3574.737,7505.45,-14572.6,-3.435134,10.0529,38.00356,0.5794433,-0.4107111,-0.6725667,-0.2078844,-0.1200135,0.005768907,0.001845047,-56.50001
363.4,-3575.424,7507.46,-14565,-3.440683,10.05656,37.98058,0.5748975,-0.4176462,-0.6696112,-0.2160677,-0.1200668,0.005718326,0.001983313,-56.50001
363.6,-3576.113,7509.472,-14557.4,-3.44631,10.06034,37.95762,0.5702659,-0.4245344,-0.6665552,-0.2242132,-0.1201202,0.005664405,0.002120281,-56.50001
363.8,-3576.803,7511.485,-14549.82,-3.452009,10.06424,37.93469,0.5655488,-0.4313746,-0.6633988,-0.2323197,-0.1201735,0.005607175,0.002255869,-56.50001
364,-3577.494,7513.498,-14542.23,-3.457778,10.06824,37.91179,0.5607468,-0.4381657,-0.6601427,-0.240386,-0.1202269,0.00554667,0.002389998,-56.50001
364.2,-3578.186,7515.512,-14534.65,-3.463611,10.07235,37.88892,0.5558604,-0.4449065,-0.6567873,-0.2484107,-0.1202803,0.005482926,0.002522587,-56.50001
364.4,-3578.879,7517.527,-14527.08,-3.469507,10.07656,37.86608,0.5508898,-0.4515961,-0.6533331,-0.2563927,-0.1203337,0.005415979,0.002653557,-56.50001
364.6,-3579.574,7519.542,-14519.5,-3.475462,10.08086,37.84326,0.5458359,-0.4582333,-0.6497805,-0.2643307,-0.1203872,0.005345871,0.002782831,-56.50001
364.8,-3580.269,7521.559,-14511.94,-3.481472,10.08525,37.82047,0.5406988,-0.4648171,-0.6461302,-0.2722235,-0.1204407,0.005272642,0.002910332,-56.50001
365,-3580.966,7523.577,-14504.38,-3.487534,10.08973,37.79771,0.5354792,-0.4713464,-0.6423826,-0.2800698,-0.1204942,0.005196335,0.003035982,-56.50001
365.2,-3581.664,7525.595,-14496.82,-3.493647,10.09428,37.77498,0.5301778,-0.4778201,-0.6385384,-0.2878685,-0.1205477,0.005116997,0.003159708,-56.50001
365.4,-3582.364,7527.614,-14489.27,-3.499806,10.09891,37.75228,0.5247948,-0.4842373,-0.6345979,-0.2956182,-0.1206012,0.005034674,0.003281435,-56.50001
365.6,-3583.064,7529.635,-14481.72,-3.50601,10.10361,37.7296,0.519331,-0.4905968,-0.6305619,-0.3033179,-0.1206548,0.004949416,0.00340109,-56.50001
365.8,-3583.766,7531.656,-14474.17,-3.512255,10.10838,37.70695,0.513787,-0.4968976,-0.626431,-0.3109663,-0.1207084,0.004861272,0.003518602,-56.50001
366,-3584.469,7533.678,-14466.63,-3.518541,10.11321,37.68433,0.5081632,-0.5031386,-0.6222057,-0.3185622,-0.120762,0.004770297,0.0036339,-56.50001
366.2,-3585.174,7535.701,-14459.1,-3.524864,10.1181,37.66173,0.5024603,-0.5093189,-0.6178867,-0.3261043,-0.1208156,0.004676543,0.003746914,-56.50001
366.4,-3585.879,7537.725,-14451.57,-3.531222,10.12306,37.63917,0.4966789,-0.5154373,-0.6134745,-0.3335916,-0.1208693,0.004580067,0.003857578,-56.50001
366.6,-3586.586,7539.75,-14444.04,-3.537614,10.12806,37.61663,0.4908197,-0.5214929,-0.60897,-0.3410229,-0.120923,0.004480927,0.003965824,-56.50001
366.8,-3587.294,7541.776,-14436.52,-3.544037,10.13312,37.59411,0.4848833,-0.5274847,-0.6043738,-0.348397,-0.1209767,0.004379182,0.004071587,-56.50001
367,-3588.004,7543.804,-14429.01,-3.55049,10.13822,37.57163,0.4788703,-0.5334115,-0.5996865,-0.3557127,-0.1210304,0.004274893,0.004174803,-56.50001
367.2,-3588.714,7545.832,-14421.5,-3.556971,10.14337,37.54917,0.4727814,-0.5392724,-0.5949088,-0.3629689,-0.1210841,0.004168123,0.00427541,-56.50001
367.4,-3589.427,7547.861,-14413.99,-3.563479,10.14857,37.52674,0.4666174,-0.5450665,-0.5900415,-0.3701644,-0.1211379,0.004058935,0.004373348,-56.50001
367.6,-3590.14,7549.891,-14406.48,-3.570011,10.15381,37.50433,0.4603788,-0.5507928,-0.5850853,-0.3772981,-0.1211917,0.003947397,0.004468556,-56.50001
367.8,-3590.854,7551.922,-14398.99,-3.576567,10.15908,37.48196,0.4540664,-0.5564501,-0.580041,-0.3843689,-0.1212455,0.003833573,0.004560979,-56.50001
368,-3591.57,7553.955,-14391.49,-3.583144,10.1644,37.45961,0.447681,-0.5620375,-0.5749093,-0.3913757,-0.1212993,0.003717534,0.004650558,-56.50001
368.2,-3592.288,7555.988,-14384,-3.589743,10.16974,37.43728,0.4412232,-0.5675542,-0.5696909,-0.3983173,-0.1213532,0.00359935,0.00473724,-56.50001
368.4,-3593.006,7558.023,-14376.52,-3.59636,10.17512,37.41499,0.4346938,-0.572999,-0.5643867,-0.4051926,-0.1214071,0.003479091,0.004820973,-56.50001
368.6,-3593.726,7560.058,-14369.04,-3.602996,10.18053,37.39272,0.4280936,-0.578371,-0.5589976,-0.4120006,-0.121461,0.00335683,0.004901704,-56.50001
368.8,-3594.448,7562.095,-14361.56,-3.609649,10.18598,37.37047,0.4214234,-0.5836694,-0.5535242,-0.4187402,-0.1215149,0.003232642,0.004979387,-56.50001
369,-3595.17,7564.133,-14354.09,-3.616319,10.19144,37.34826,0.4146838,-0.5888931,-0.5479675,-0.4254102,-0.1215689,0.003106601,0.005053972,-56.50001
369.2,-3595.894,7566.171,-14346.62,-3.623003,10.19694,37.32607,0.4078759,-0.5940412,-0.5423283,-0.4320097,-0.1216229,0.002978784,0.005125415,-56.50001
369.4,-3596.619,7568.211,-14339.16,-3.629701,10.20246,37.3039,0.4010003,-0.5991127,-0.5366074,-0.4385376,-0.1216768,0.002849268,0.005193671,-56.50001
369.6,-3597.346,7570.252,-14331.7,-3.636412,10.208,37.28176,0.3940578,-0.6041068,-0.5308058,-0.4449928,-0.1217309,0.002718133,0.005258699,-56.50001
369.8,-3598.074,7572.294,-14324.25,-3.643135,10.21356,37.25965,0.3870494,-0.6090226,-0.5249242,-0.4513743,-0.1217849,0.002585458,0.00532046,-56.50001
370,-3598.803,7574.338,-14316.79,-3.64987,10.21915,37.23757,0.3799759,-0.6138591,-0.5189638,-0.4576811,-0.121839,0.002451323,0.005378915,-56.50001
370.2,-3599.534,7576.382,-14309.35,-3.656615,10.22475,37.21551,0.3728381,-0.6186154,-0.5129252,-0.4639121,-0.1218931,0.00231581,0.005434029,-56.50001
370.4,-3600.266,7578.428,-14301.91,-3.663371,10.23037,37.19348,0.365637,-0.6232907,-0.5068095,-0.4700665,-0.1219472,0.002179003,0.005485767,-56.50001
370.6,-3600.999,7580.475,-14294.47,-3.670135,10.23601,37.17148,0.3583733,-0.627884,-0.5006177,-0.4761431,-0.1220013,0.002040984,0.005534098,-56.50001
370.8,-3601.734,7582.522,-14287.04,-3.676908,10.24167,37.1495,0.3510481,-0.6323945,-0.4943506,-0.482141,-0.1220555,0.001901837,0.005578991,-56.50001
371,-3602.47,7584.571,-14279.61,-3.683688,10.24734,37.12754,0.3436622,-0.6368214,-0.4880093,-0.4880592,-0.1221096,0.001761649,0.00562042,-56.50001
371.2,-3603.207,7586.621,-14272.19,-3.690476,10.25302,37.10562,0.3362166,-0.6411637,-0.4815947,-0.4938968,-0.1221638,0.001620504,0.005658359,-56.50001
371.4,-3603.946,7588.672,-14264.77,-3.697271,10.25872,37.08372,0.3287121,-0.6454207,-0.4751078,-0.4996529,-0.1222181,0.00147849,0.005692784,-56.50001
371.6,-3604.686,7590.725,-14257.36,-3.704071,10.26443,37.06184,0.3211499,-0.6495916,-0.4685496,-0.5053265,-0.1222723,0.001335693,0.005723674,-56.50001
371.8,-3605.428,7592.778,-14249.95,-3.710877,10.27015,37.04,0.3135307,-0.6536754,-0.4619212,-0.5109167,-0.1223266,0.001192201,0.005751009,-56.50001
372,-3606.171,7594.833,-14242.54,-3.717688,10.27588,37.01818,0.3058556,-0.6576714,-0.4552236,-0.5164225,-0.1223809,0.001048101,0.005774772,-56.50001
372.2,-3606.915,7596.889,-14235.14,-3.724504,10.28162,36.99638,0.2981256,-0.6615788,-0.4484578,-0.5218431,-0.1224352,0.0009034842,0.00579495,-56.50001
372.4,-3607.66,7598.945,-14227.74,-3.731323,10.28737,36.97461,0.2903417,-0.6653968,-0.4416249,-0.5271776,-0.1224895,0.0007584378,0.005811528,-56.50001
372.6,-3608.407,7601.003,-14220.35,-3.738147,10.29313,36.95287,0.2825048,-0.6691246,-0.434726,-0.5324252,-0.1225439,0.0006130515,0.005824497,-56.50001
372.8,-3609.156,7603.062,-14212.96,-3.744973,10.2989,36.93114,0.2746161,-0.6727615,-0.4277621,-0.5375849,-0.1225983,0.0004674152,0.005833847,-56.50001
373,-3609.905,7605.123,-14205.58,-3.751803,10.30468,36.90945,0.2666765,-0.6763067,-0.4207343,-0.5426559,-0.1226527,0.0003216186,0.005839574,-56.50001
373.2,-3610.656,7607.185,-14198.2,-3.758635,10.31046,36.88779,0.2586871,-0.6797594,-0.4136438,-0.5476375,-0.1227071,0.000175752,0.005841673,-56.50001
373.4,-3611.409,7609.247,-14190.82,-3.76547,10.31625,36.86615,0.250649,-0.6831191,-0.4064916,-0.5525287,-0.1227616,2.990549e-05,0.005840143,-56.50001
373.6,-3612.163,7611.311,-14183.45,-3.772306,10.32204,36.84453,0.2425631,-0.6863847,-0.3992789,-0.5573289,-0.122816,-0.0001158305,0.005834985,-56.50001
373.8,-3612.918,7613.376,-14176.08,-3.779144,10.32784,36.82294,0.2344307,-0.6895558,-0.3920068,-0.5620371,-0.1228705,-0.0002613657,0.005826201,-56.50001
374,-3613.674,7615.442,-14168.72,-3.785983,10.33364,36.80138,0.2262527,-0.6926316,-0.3846765,-0.5666526,-0.1229251,-0.0004066098,0.005813797,-56.50001
374.2,-3614.432,7617.509,-14161.36,-3.792823,10.33945,36.77983,0.2180303,-0.6956114,-0.3772891,-0.5711747,-0.1229796,-0.0005514727,0.00579778,-56.50001
374.4,-3615.191,7619.578,-14154.01,-3.799664,10.34526,36.75832,0.2097646,-0.6984945,-0.3698458,-0.5756026,-0.1230342,-0.0006958642,0.00577816,-56.50001
374.6,-3615.952,7621.647,-14146.66,-3.806505,10.35108,36.73684,0.2014566,-0.7012803,-0.3623478,-0.5799356,-0.1230888,-0.0008396945,0.005754948,-56.50001
374.8,-3616.714,7623.718,-14139.31,-3.813346,10.3569,36.71537,0.1931076,-0.7039682,-0.3547961,-0.5841729,-0.1231434,-0.0009828741,0.00572816,-56.50001
375,-3617.477,7625.791,-14131.97,-3.820188,10.36272,36.69393,0.1847187,-0.7065574,-0.3471922,-0.5883139,-0.123198,-0.001125314,0.005697811,-56.50001
375.2,-3618.242,7627.863,-14124.64,-3.827029,10.36855,36.67252,0.176291,-0.7090474,-0.3395371,-0.5923578,-0.1232527,-0.001266924,0.00566392,-56.50001
375.4,-3619.008,7629.938,-14117.3,-3.83387,10.37438,36.65113,0.1678257,-0.7114376,-0.3318321,-0.5963041,-0.1233074,-0.001407618,0.005626508,-56.50001
375.6,-3619.776,7632.013,-14109.98,-3.84071,10.38021,36.62977,0.1593239,-0.7137273,-0.3240785,-0.600152,-0.1233621,-0.001547306,0.005585598,-56.50001
375.8,-3620.544,7634.09,-14102.65,-3.84755,10.38604,36.60844,0.1507868,-0.715916,-0.3162774,-0.6039008,-0.1234168,-0.001685901,0.005541216,-56.50001
376,-3621.315,7636.167,-14095.33,-3.854389,10.39187,36.58712,0.1422157,-0.7180032,-0.30843,-0.60755,-0.1234716,-0.001823317,0.005493388,-56.50001
376.2,-3622.086,7638.247,-14088.02,-3.861226,10.3977,36.56584,0.1336117,-0.7199882,-0.3005378,-0.611099,-0.1235263,-0.001959467,0.005442145,-56.50001
376.4,-3622.859,7640.327,-14080.71,-3.868062,10.40354,36.54457,0.124976,-0.7218705,-0.2926018,-0.6145471,-0.1235811,-0.002094266,0.005387519,-56.50001
376.6,-3623.633,7642.408,-14073.4,-3.874897,10.40937,36.52334,0.1163098,-0.7236496,-0.2846234,-0.6178938,-0.123636,-0.00222763,0.005329544,-56.50001
376.8,-3624.409,7644.49,-14066.1,-3.881731,10.41521,36.50213,0.1076144,-0.725325,-0.2766039,-0.6211385,-0.1236908,-0.002359473,0.005268255,-56.50001
377,-3625.186,7646.574,-14058.8,-3.888562,10.42104,36.48094,0.09889094,-0.7268962,-0.2685446,-0.6242806,-0.1237457,-0.002489714,0.005203692,-56.50001
377.2,-3625.965,7648.659,-14051.5,-3.895392,10.42688,36.45978,0.09014073,-0.7283627,-0.2604467,-0.6273197,-0.1238006,-0.00261827,0.005135894,-56.50001
377.4,-3626.744,7650.745,-14044.21,-3.90222,10.43272,36.43864,0.081365,-0.729724,-0.2523116,-0.6302551,-0.1238555,-0.002745061,0.005064904,-56.50001
377.6,-3627.525,7652.832,-14036.93,-3.909045,10.43855,36.41753,0.072565,-0.7309796,-0.2441405,-0.6330865,-0.1239104,-0.002870005,0.004990767,-56.50001
377.8,-3628.308,7654.92,-14029.65,-3.915869,10.44439,36.39644,0.063742,-0.7321292,-0.2359348,-0.6358133,-0.1239654,-0.002993025,0.004913528,-56.50001
378,-3629.092,7657.01,-14022.37,-3.922691,10.45022,36.37538,0.05489727,-0.7331723,-0.2276959,-0.638435,-0.1240204,-0.003114042,0.004833238,-56.50001
378.2,-3629.877,7659.1,-14015.1,-3.92951,10.45606,36.35434,0.0460321,-0.7341085,-0.2194249,-0.6409512,-0.1240754,-0.003232981,0.004749945,-56.50001
378.4,-3630.664,7661.192,-14007.83,-3.936326,10.46189,36.33332,0.03714776,-0.7349374,-0.2111234,-0.6433615,-0.1241304,-0.003349764,0.004663703,-56.50001
378.6,-3631.451,7663.285,-14000.56,-3.94314,10.46772,36.31234,0.02824556,-0.7356585,-0.2027926,-0.6456654,-0.1241855,-0.003464319,0.004574566,-56.50001
378.8,-3632.241,7665.379,-13993.3,-3.949952,10.47355,36.29137,0.0193268,-0.7362717,-0.1944339,-0.6478626,-0.1242406,-0.003576572,0.004482591,-56.50001
379,-3633.031,7667.475,-13986.05,-3.956761,10.47938,36.27043,0.01039278,-0.7367764,-0.1860487,-0.6499526,-0.1242957,-0.003686453,0.004387834,-56.50001
379.2,-3633.823,7669.571,-13978.8,-3.963567,10.48521,36.24952,0.001444823,-0.7371724,-0.1776382,-0.6519352,-0.1243508,-0.003793891,0.004290357,-56.50001
379.4,-3634.617,7671.668,-13971.55,-3.97037,10.49104,36.22862,-0.007515752,-0.7374594,-0.1692039,-0.6538098,-0.1244059,-0.003898818,0.004190221,-56.50001
379.6,-3635.412,7673.768,-13964.3,-3.97717,10.49686,36.20776,-0.01648762,-0.7376369,-0.1607472,-0.6555763,-0.1244611,-0.004001167,0.00408749,-56.50001
379.8,-3636.208,7675.867,-13957.06,-3.983968,10.50269,36.18691,-0.02546943,-0.7377049,-0.1522694,-0.6572343,-0.1245163,-0.004100873,0.003982229,-56.50001
380,-3637.005,7677.968,-13949.83,-3.990762,10.50851,36.16609,-0.03445986,-0.7376629,-0.143772,-0.6587834,-0.1245715,-0.004197871,0.003874504,-56.50001
380.2,-3637.804,7680.071,-13942.6,-3.997554,10.51433,36.1453,-0.04345756,-0.7375107,-0.1352562,-0.6602235,-0.1246268,-0.004292101,0.003764385,-56.50001
380.4,-3638.604,7682.174,-13935.37,-4.004342,10.52014,36.12453,-0.05246117,-0.7372482,-0.1267236,-0.6615543,-0.1246821,-0.004383501,0.003651941,-56.50001
380.6,-3639.406,7684.279,-13928.15,-4.011127,10.52596,36.10378,-0.06146934,-0.736875,-0.1181754,-0.6627755,-0.1247374,-0.004472014,0.003537244,-56.50001
380.8,-3640.209,7686.385,-13920.93,-4.01791,10.53177,36.08306,-0.0704807,-0.736391,-0.1096132,-0.6638868,-0.1247927,-0.004557581,0.003420367,-56.50001
381,-3641.013,7688.492,-13913.71,-4.024688,10.53759,36.06236,-0.07949389,-0.735796,-0.1010383,-0.6648881,-0.124848,-0.004640149,0.003301385,-56.50001
381.2,-3641.819,7690.6,-13906.5,-4.031464,10.5434,36.04169,-0.08850753,-0.7350898,-0.09245206,-0.6657793,-0.1249034,-0.004719664,0.003180373,-56.50001
381.4,-3642.625,7692.709,-13899.3,-4.038236,10.5492,36.02104,-0.09752025,-0.7342722,-0.083856,-0.6665601,-0.1249588,-0.004796075,0.00305741,-56.50001
381.6,-3643.434,7694.819,-13892.1,-4.045005,10.55501,36.00041,-0.1065307,-0.7333432,-0.07525149,-0.6672302,-0.1250142,-0.004869333,0.002932574,-56.50001
381.8,-3644.244,7696.931,-13884.9,-4.05177,10.56081,35.97981,-0.1155374,-0.7323025,-0.06663996,-0.6677898,-0.1250696,-0.004939391,0.002805945,-56.50001
382,-3645.055,7699.043,-13877.7,-4.058532,10.56661,35.95923,-0.124539,-0.7311502,-0.05802283,-0.6682386,-0.1251251,-0.005006202,0.002677604,-56.50001
382.2,-3645.867,7701.158,-13870.51,-4.065291,10.57241,35.93867,-0.1335342,-0.7298861,-0.04940151,-0.6685764,-0.1251806,-0.005069726,0.002547634,-56.50001
382.4,-3646.681,7703.272,-13863.33,-4.072046,10.5782,35.91814,-0.1425215,-0.7285101,-0.04077745,-0.6688033,-0.1252361,-0.005129918,0.002416118,-56.50001
382.6,-3647.496,7705.389,-13856.15,-4.078797,10.58399,35.89764,-0.1514996,-0.7270222,-0.03215207,-0.6689192,-0.1252916,-0.005186742,0.002283141,-56.50001
382.8,-3648.312,7707.506,-13848.97,-4.085546,10.58978,35.87715,-0.1604669,-0.7254223,-0.0235268,-0.668924,-0.1253472,-0.00524016,0.002148788,-56.50001
383,-3649.13,7709.625,-13841.8,-4.09229,10.59557,35.85669,-0.1694222,-0.7237105,-0.01490307,-0.6688177,-0.1254028,-0.005290137,0.002013147,-56.50001
383.2,-3649.949,7711.744,-13834.63,-4.099031,10.60135,35.83625,-0.178364,-0.7218868,-0.006282316,-0.6686003,-0.1254584,-0.005336641,0.001876305,-56.50001
383.4,-3650.77,7713.865,-13827.46,-4.105769,10.60713,35.81584,-0.1872909,-0.719951,0.002334025,-0.6682718,-0.125514,-0.005379642,0.00173835,-56.50001
383.6,-3651.591,7715.987,-13820.3,-4.112502,10.61291,35.79545,-0.1962015,-0.7179034,0.01094452,-0.6678322,-0.1255697,-0.005419111,0.001599371,-56.50001
383.8,-3652.415,7718.11,-13813.14,-4.119233,10.61869,35.77509,-0.2050943,-0.715744,0.01954773,-0.6672816,-0.1256254,-0.005455023,0.001459458,-56.50001
384,-3653.239,7720.235,-13805.99,-4.125959,10.62446,35.75474,-0.213968,-0.7134728,0.02814222,-0.6666201,-0.1256811,-0.005487353,0.001318703,-56.50001
384.2,-3654.065,7722.36,-13798.84,-4.132682,10.63023,35.73442,-0.2228211,-0.7110898,0.03672655,-0.6658477,-0.1257368,-0.005516082,0.001177196,-56.50001
384.4,-3654.892,7724.487,-13791.7,-4.139401,10.636,35.71413,-0.2316523,-0.7085954,0.04529929,-0.6649645,-0.1257926,-0.005541189,0.001035029,-56.50001
384.6,-3655.721,7726.615,-13784.56,-4.146117,10.64176,35.69386,-0.24046,-0.7059894,0.053859,-0.6639707,-0.1258483,-0.005562659,0.0008922946,-56.50001
384.8,-3656.551,7728.744,-13777.42,-4.152828,10.64752,35.6736,-0.2492429,-0.7032722,0.06240424,-0.6628664,-0.1259042,-0.005580477,0.0007490856,-56.50001
385,-3657.382,7730.874,-13770.29,-4.159536,10.65328,35.65338,-0.2579996,-0.7004438,0.07093359,-0.6616518,-0.12596,-0.005594631,0.0006054952,-56.50001
385.2,-3658.214,7733.005,-13763.16,-4.166241,10.65903,35.63317,-0.2667285,-0.6975045,0.0794456,-0.660327,-0.1260158,-0.005605112,0.000461617,-56.50001
385.4,-3659.048,7735.137,-13756.03,-4.172942,10.66479,35.613,-0.2754284,-0.6944544,0.08793885,-0.6588923,-0.1260717,-0.005611913,0.0003175449,-56.50001
385.6,-3659.884,7737.271,-13748.91,-4.179638,10.67054,35.59284,-0.2840977,-0.6912938,0.0964119,-0.6573479,-0.1261276,-0.005615029,0.0001733729,-56.50001
385.8,-3660.72,7739.405,-13741.8,-4.186332,10.67628,35.5727,-0.2927351,-0.6880229,0.1048633,-0.6556939,-0.1261836,-0.005614457,2.919527e-05,-56.50001
386,-3661.558,7741.541,-13734.68,-4.193021,10.68202,35.55259,-0.3013391,-0.6846418,0.1132917,-0.6539307,-0.1262395,-0.005610198,-0.0001148937,-56.50001
386.2,-3662.397,7743.678,-13727.58,-4.199707,10.68777,35.53251,-0.3099083,-0.6811511,0.1216956,-0.6520585,-0.1262955,-0.005602255,-0.0002587997,-56.50001
386.4,-3663.238,7745.816,-13720.47,-4.206388,10.6935,35.51244,-0.3184413,-0.6775509,0.1300736,-0.6500776,-0.1263515,-0.005590632,-0.0004024283,-56.50001
386.6,-3664.08,7747.956,-13713.37,-4.213067,10.69924,35.4924,-0.3269366,-0.6738414,0.1384243,-0.6479884,-0.1264075,-0.005575336,-0.0005456854,-56.50001
386.8,-3664.923,7750.096,-13706.27,-4.219741,10.70497,35.47238,-0.3353929,-0.6700231,0.1467463,-0.6457911,-0.1264636,-0.005556378,-0.0006884768,-56.50001
387,-3665.768,7752.238,-13699.18,-4.226411,10.71069,35.45238,-0.3438087,-0.6660964,0.1550381,-0.6434861,-0.1265197,-0.00553377,-0.0008307088,-56.50001
387.2,-3666.614,7754.38,-13692.09,-4.233078,10.71642,35.43241,-0.3521826,-0.6620615,0.1632984,-0.6410738,-0.1265758,-0.005507526,-0.0009722877,-56.50001
387.4,-3667.461,7756.524,-13685.01,-4.239741,10.72214,35.41246,-0.3605132,-0.6579189,0.1715257,-0.6385546,-0.1266319,-0.005477663,-0.00111312,-56.50001
387.6,-3668.31,7758.669,-13677.93,-4.2464,10.72786,35.39253,-0.3687991,-0.6536689,0.1797187,-0.6359288,-0.1266881,-0.005444201,-0.001253114,-56.50001
387.8,-3669.16,7760.815,-13670.85,-4.253056,10.73357,35.37262,-0.3770388,-0.649312,0.1878759,-0.6331969,-0.1267443,-0.005407162,-0.001392176,-56.50001
388,-3670.011,7762.962,-13663.78,-4.259707,10.73928,35.35274,-0.3852311,-0.6448486,0.195996,-0.6303593,-0.1268005,-0.005366569,-0.001530214,-56.50001
388.2,-3670.864,7765.111,-13656.71,-4.266355,10.74499,35.33288,-0.3933744,-0.6402792,0.2040776,-0.6274166,-0.1268567,-0.005322449,-0.001667138,-56.50001
388.4,-3671.718,7767.261,-13649.65,-4.272999,10.7507,35.31304,-0.4014673,-0.6356043,0.2121192,-0.624369,-0.126913,-0.005274832,-0.001802857,-56.50001
388.6,-3672.573,7769.411,-13642.58,-4.279639,10.7564,35.29322,-0.4095085,-0.6308243,0.2201196,-0.6212173,-0.1269693,-0.005223748,-0.00193728,-56.50001
388.8,-3673.429,7771.563,-13635.53,-4.286275,10.7621,35.27343,-0.4174966,-0.6259397,0.2280773,-0.6179618,-0.1270256,-0.005169232,-0.002070319,-56.50001
389,-3674.287,7773.716,-13628.48,-4.292908,10.76779,35.25366,-0.4254302,-0.6209512,0.2359909,-0.6146031,-0.1270819,-0.005111318,-0.002201886,-56.50001
389.2,-3675.146,7775.87,-13621.43,-4.299537,10.77349,35.23391,-0.4333079,-0.6158592,0.2438592,-0.6111418,-0.1271383,-0.005050046,-0.002331893,-56.50001
389.4,-3676.007,7778.025,-13614.38,-4.306161,10.77918,35.21419,-0.4411283,-0.6106644,0.2516808,-0.6075785,-0.1271947,-0.004985455,-0.002460253,-56.50001
389.6,-3676.869,7780.182,-13607.34,-4.312783,10.78486,35.19448,-0.4488901,-0.6053672,0.2594543,-0.6039136,-0.1272511,-0.004917589,-0.002586882,-56.50001
389.8,-3677.732,7782.339,-13600.3,-4.3194,10.79055,35.1748,-0.4565919,-0.5999684,0.2671784,-0.6001478,-0.1273075,-0.004846492,-0.002711694,-56.50001
390,-3678.597,7784.498,-13593.27,-4.326014,10.79623,35.15514,-0.4642323,-0.5944686,0.2748517,-0.5962818,-0.127364,-0.004772211,-0.002834607,-56.50001
390.2,-3679.463,7786.658,-13586.24,-4.332623,10.8019,35.13551,-0.4718099,-0.5888683,0.282473,-0.5923163,-0.1274205,-0.004694796,-0.002955539,-56.50001
390.4,-3680.33,7788.819,-13579.22,-4.339229,10.80758,35.11589,-0.4793235,-0.5831683,0.2900409,-0.5882517,-0.127477,-0.004614298,-0.003074408,-56.50001
390.6,-3681.198,7790.981,-13572.2,-4.345831,10.81324,35.0963,-0.4867716,-0.5773692,0.297554,-0.5840889,-0.1275336,-0.004530771,-0.003191135,-56.50001
390.8,-3682.068,7793.144,-13565.18,-4.352429,10.81891,35.07673,-0.494153,-0.5714718,0.3050112,-0.5798284,-0.1275901,-0.004444269,-0.003305643,-56.50001
391,-3682.939,7795.309,-13558.17,-4.359024,10.82458,35.05718,-0.5014662,-0.5654767,0.3124111,-0.5754712,-0.1276467,-0.004354853,-0.003417854,-56.50001
391.2,-3683.812,7797.474,-13551.16,-4.365614,10.83024,35.03765,-0.5087101,-0.5593846,0.3197524,-0.5710177,-0.1277033,-0.004262579,-0.003527693,-56.50001
391.4,-3684.686,7799.641,-13544.15,-4.372201,10.83589,35.01815,-0.5158831,-0.5531965,0.3270338,-0.566469,-0.12776,-0.004167511,-0.003635086,-56.50001
391.6,-3685.561,7801.809,-13537.15,-4.378784,10.84155,34.99866,-0.5229841,-0.546913,0.3342542,-0.5618255,-0.1278167,-0.004069711,-0.003739961,-56.50001
391.8,-3686.437,7803.977,-13530.15,-4.385363,10.8472,34.97921,-0.5300118,-0.5405349,0.3414122,-0.5570882,-0.1278734,-0.003969246,-0.003842248,-56.50001
392,-3687.315,7806.147,-13523.16,-4.391939,10.85285,34.95977,-0.5369648,-0.534063,0.3485065,-0.5522578,-0.1279301,-0.003866181,-0.003941877,-56.50001
392.2,-3688.194,7808.318,-13516.17,-4.39851,10.85849,34.94035,-0.5438418,-0.5274981,0.355536,-0.5473353,-0.1279869,-0.003760588,-0.004038782,-56.50001
392.4,-3689.074,7810.491,-13509.18,-4.405078,10.86413,34.92095,-0.5506417,-0.5208412,0.3624994,-0.5423213,-0.1280436,-0.003652537,-0.004132897,-56.50001
392.6,-3689.956,7812.664,-13502.2,-4.411642,10.86977,34.90158,-0.557363,-0.514093,0.3693955,-0.5372168,-0.1281005,-0.003542099,-0.004224158,-56.50001
392.8,-3690.839,7814.838,-13495.22,-4.418202,10.8754,34.88223,-0.5640045,-0.5072545,0.3762231,-0.5320226,-0.1281573,-0.00342935,-0.004312504,-56.50001
393,-3691.723,7817.014,-13488.25,-4.424759,10.88104,34.8629,-0.570565,-0.5003265,0.3829809,-0.5267396,-0.1282142,-0.003314365,-0.004397875,-56.50001
393.2,-3692.609,7819.191,-13481.28,-4.431312,10.88666,34.84359,-0.5770433,-0.4933099,0.3896679,-0.5213687,-0.128271,-0.003197222,-0.004480213,-56.50001
393.4,-3693.496,7821.369,-13474.31,-4.43786,10.89229,34.8243,-0.5834381,-0.4862057,0.3962828,-0.5159107,-0.128328,-0.003078,-0.004559462,-56.50001
393.6,-3694.384,7823.548,-13467.35,-4.444406,10.89791,34.80504,-0.5897481,-0.4790149,0.4028245,-0.5103668,-0.1283849,-0.002956779,-0.004635568,-56.50001
393.8,-3695.273,7825.728,-13460.39,-4.450947,10.90353,34.78579,-0.5959723,-0.4717384,0.4092917,-0.5047377,-0.1284419,-0.002833642,-0.004708481,-56.50001
394,-3696.164,7827.909,-13453.43,-4.457485,10.90914,34.76657,-0.6021093,-0.4643771,0.4156835,-0.4990245,-0.1284989,-0.002708671,-0.004778149,-56.50001
394.2,-3697.056,7830.092,-13446.48,-4.464019,10.91476,34.74737,-0.608158,-0.4569322,0.4219986,-0.4932281,-0.1285559,-0.002581952,-0.004844525,-56.50001
394.4,-3697.95,7832.275,-13439.53,-4.470549,10.92037,34.72819,-0.6141171,-0.4494046,0.4282359,-0.4873496,-0.1286129,-0.00245357,-0.004907565,-56.50001
394.6,-3698.845,7834.46,-13432.59,-4.477075,10.92597,34.70903,-0.6199856,-0.4417953,0.4343944,-0.4813899,-0.12867,-0.002323613,-0.004967224,-56.50001
394.8,-3699.741,7836.646,-13425.65,-4.483598,10.93157,34.6899,-0.6257623,-0.4341055,0.4404729,-0.47535,-0.1287271,-0.002192168,-0.005023464,-56.50001
395,-3700.638,7838.833,-13418.71,-4.490116,10.93717,34.67078,-0.6314459,-0.4263361,0.4464703,-0.469231,-0.1287842,-0.002059326,-0.005076243,-56.50001
395.2,-3701.537,7841.021,-13411.78,-4.496632,10.94277,34.65168,-0.6370355,-0.4184884,0.4523857,-0.463034,-0.1288414,-0.001925176,-0.005125528,-56.50001
395.4,-3702.437,7843.209,-13404.85,-4.503143,10.94836,34.63261,-0.6425298,-0.4105632,0.4582178,-0.45676,-0.1288985,-0.00178981,-0.005171283,-56.50001
395.6,-3703.338,7845.4,-13397.93,-4.50965,10.95395,34.61356,-0.6479277,-0.4025619,0.4639658,-0.4504101,-0.1289558,-0.00165332,-0.005213477,-56.50001
395.8,-3704.24,7847.591,-13391.01,-4.516154,10.95954,34.59453,-0.6532282,-0.3944855,0.4696286,-0.4439855,-0.129013,-0.0015158,-0.005252081,-56.50001
396,-3705.145,7849.784,-13384.09,-4.522654,10.96512,34.57552,-0.6584301,-0.3863352,0.4752051,-0.4374871,-0.1290703,-0.001377343,-0.005287069,-56.50001
396.2,-3706.05,7851.977,-13377.18,-4.52915,10.9707,34.55653,-0.6635324,-0.3781122,0.4806944,-0.4309162,-0.1291275,-0.001238044,-0.005318416,-56.50001
396.4,-3706.956,7854.172,-13370.27,-4.535643,10.97628,34.53756,-0.668534,-0.3698176,0.4860955,-0.4242739,-0.1291849,-0.001097999,-0.005346101,-56.50001
396.6,-3707.864,7856.368,-13363.36,-4.542132,10.98185,34.51862,-0.6734339,-0.3614526,0.4914075,-0.4175614,-0.1292422,-0.0009573032,-0.005370104,-56.50001
396.8,-3708.773,7858.564,-13356.46,-4.548617,10.98742,34.49969,-0.6782311,-0.3530185,0.4966293,-0.4107797,-0.1292996,-0.0008160534,-0.005390408,-56.50001
397,-3709.683,7860.763,-13349.56,-4.555099,10.99299,34.48079,-0.6829244,-0.3445165,0.50176,-0.4039302,-0.129357,-0.0006743467,-0.005407,-56.50001
397.2,-3710.595,7862.962,-13342.67,-4.561576,10.99856,34.4619,-0.687513,-0.3359478,0.5067987,-0.3970139,-0.1294144,-0.0005322804,-0.005419869,-56.50001
397.4,-3711.508,7865.162,-13335.78,-4.56805,11.00412,34.44304,-0.6919957,-0.3273137,0.5117446,-0.3900321,-0.1294718,-0.0003899522,-0.005429003,-56.50001
397.6,-3712.422,7867.363,-13328.89,-4.574521,11.00968,34.4242,-0.6963718,-0.3186155,0.5165967,-0.3829861,-0.1295293,-0.0002474601,-0.005434398,-56.50001
397.8,-3713.338,7869.566,-13322.01,-4.580987,11.01523,34.40538,-0.7006401,-0.3098544,0.5213541,-0.375877,-0.1295868,-0.0001049025,-0.005436048,-56.50001
398,-3714.255,7871.77,-13315.13,-4.587451,11.02078,34.38658,-0.7047998,-0.3010319,0.5260159,-0.3687062,-0.1296443,3.762253e-05,-0.005433954,-56.50001
398.2,-3715.173,7873.974,-13308.25,-4.59391,11.02633,34.3678,-0.7088499,-0.2921491,0.5305815,-0.3614748,-0.1297019,0.0001800164,-0.005428115,-56.50001
398.4,-3716.092,7876.18,-13301.38,-4.600365,11.03188,34.34904,-0.7127895,-0.2832075,0.5350498,-0.3541841,-0.1297595,0.0003221806,-0.005418536,-56.50001
398.6,-3717.013,7878.387,-13294.51,-4.606817,11.03742,34.3303,-0.7166177,-0.2742084,0.5394201,-0.3468354,-0.1298171,0.0004640169,-0.005405223,-56.50001
398.8,-3717.935,7880.595,-13287.65,-4.613266,11.04296,34.31158,-0.7203336,-0.2651531,0.5436916,-0.3394301,-0.1298747,0.0006054271,-0.005388185,-56.50001
399,-3718.858,7882.804,-13280.79,-4.61971,11.04849,34.29288,-0.7239364,-0.256043,0.5478635,-0.3319694,-0.1299324,0.000746313,-0.005367434,-56.50001
399.2,-3719.783,7885.015,-13273.93,-4.626151,11.05403,34.27421,-0.7274252,-0.2468795,0.5519351,-0.3244545,-0.1299901,0.0008865769,-0.005342983,-56.50001
399.4,-3720.709,7887.226,-13267.08,-4.632588,11.05956,34.25555,-0.7307991,-0.2376641,0.5559057,-0.316887,-0.1300478,0.001026121,-0.00531485,-56.50001
399.6,-3721.636,7889.438,-13260.23,-4.639021,11.06508,34.23692,-0.7340573,-0.2283981,0.5597744,-0.3092681,-0.1301055,0.001164849,-0.005283053,-56.50001
399.8,-3722.564,7891.652,-13253.38,-4.645451,11.07061,34.2183,-0.7371991,-0.219083,0.5635406,-0.3015991,-0.1301633,0.001302665,-0.005247616,-56.50001
400,-3723.494,7893.867,-13246.54,-4.651877,11.07613,34.19971,-0.7402238,-0.2097202,0.5672036,-0.2938815,-0.1302211,0.001439471,-0.005208561,-56.50001
400.2,-3724.425,7896.083,-13239.7,-4.6583,11.08164,34.18113,-0.7431303,-0.2003112,0.5707627,-0.2861165,-0.1302789,0.001575173,-0.005165916,-56.50001
400.4,-3725.357,7898.299,-13232.87,-4.664719,11.08716,34.16258,-0.7459182,-0.1908575,0.5742173,-0.2783056,-0.1303368,0.001709675,-0.005119711,-56.50001
400.6,-3726.291,7900.517,-13226.04,-4.671134,11.09267,34.14405,-0.7485865,-0.1813604,0.5775667,-0.2704501,-0.1303947,0.001842885,-0.005069977,-56.50001
400.8,-3727.226,7902.736,-13219.21,-4.677546,11.09818,34.12553,-0.7511348,-0.1718216,0.5808103,-0.2625515,-0.1304526,0.001974708,-0.00501675,-56.50001
401,-3728.162,7904.957,-13212.39,-4.683953,11.10368,34.10704,-0.753562,-0.1622425,0.5839475,-0.2546111,-0.1305105,0.002105053,-0.004960065,-56.50001
401.2,-3729.099,7907.178,-13205.57,-4.690358,11.10918,34.08857,-0.7558678,-0.1526246,0.5869778,-0.2466305,-0.1305684,0.002233828,-0.004899962,-56.50001
401.4,-3730.038,7909.4,-13198.75,-4.696758,11.11468,34.07012,-0.7580514,-0.1429695,0.5899006,-0.2386109,-0.1306264,0.002360943,-0.004836484,-56.50001
401.6,-3730.978,7911.624,-13191.94,-4.703156,11.12018,34.05169,-0.7601121,-0.1332788,0.5927152,-0.2305539,-0.1306845,0.002486309,-0.004769675,-56.50001
401.8,-3731.919,7913.848,-13185.13,-4.709549,11.12567,34.03327,-0.7620493,-0.1235539,0.5954212,-0.2224608,-0.1307425,0.002609837,-0.00469958,-56.50001
402,-3732.862,7916.074,-13178.33,-4.715939,11.13116,34.01488,-0.7638625,-0.1137964,0.5980182,-0.2143332,-0.1308005,0.002731441,-0.00462625,-56.50001
402.2,-3733.806,7918.301,-13171.53,-4.722325,11.13664,33.99651,-0.7655511,-0.1040079,0.6005055,-0.2061725,-0.1308586,0.002851035,-0.004549736,-56.50001
402.4,-3734.751,7920.528,-13164.73,-4.728707,11.14213,33.97816,-0.7671144,-0.09418999,0.6028827,-0.1979802,-0.1309168,0.002968535,-0.004470091,-56.50001
402.6,-3735.697,7922.757,-13157.93,-4.735086,11.14761,33.95982,-0.7685521,-0.08434425,0.6051494,-0.1897576,-0.1309749,0.003083857,-0.004387371,-56.50001
402.8,-3736.645,7924.988,-13151.14,-4.741462,11.15308,33.94151,-0.7698634,-0.07447229,0.6073052,-0.1815064,-0.1310331,0.003196922,-0.004301634,-56.50001
403,-3737.594,7927.219,-13144.36,-4.747834,11.15856,33.92322,-0.771048,-0.0645757,0.6093497,-0.173228,-0.1310913,0.003307647,-0.00421294,-56.50001
403.2,-3738.544,7929.451,-13137.58,-4.754202,11.16403,33.90495,-0.7721053,-0.05465613,0.6112823,-0.1649238,-0.1311495,0.003415956,-0.004121352,-56.50001
403.4,-3739.495,7931.685,-13130.8,-4.760566,11.1695,33.8867,-0.773035,-0.04471519,0.613103,-0.1565955,-0.1312077,0.003521771,-0.004026935,-56.50001
403.6,-3740.448,7933.919,-13124.02,-4.766927,11.17496,33.86846,-0.7738366,-0.03475452,0.6148111,-0.1482445,-0.131266,0.003625017,-0.003929755,-56.50001
403.8,-3741.402,7936.154,-13117.25,-4.773285,11.18042,33.85025,-0.7745095,-0.02477578,0.6164064,-0.1398723,-0.1313243,0.003725622,-0.00382988,-56.50001
404,-3742.357,7938.391,-13110.48,-4.779639,11.18588,33.83206,-0.7750536,-0.01478062,0.6178886,-0.1314804,-0.1313827,0.003823513,-0.003727382,-56.50001
404.2,-3743.314,7940.629,-13103.72,-4.785989,11.19134,33.81388,-0.7754683,-0.004770692,0.6192575,-0.1230703,-0.131441,0.003918622,-0.003622332,-56.50001
404.4,-3744.272,7942.868,-13096.96,-4.792336,11.19679,33.79573,-0.7757534,0.00525232,0.6205126,-0.1146436,-0.1314994,0.004010879,-0.003514805,-56.50001
404.6,-3745.231,7945.107,-13090.2,-4.798679,11.20224,33.7776,-0.7759085,0.01528674,0.6216539,-0.1062019,-0.1315578,0.004100221,-0.003404878,-56.50001
404.8,-3746.191,7947.349,-13083.44,-4.805018,11.20768,33.75948,-0.7759332,0.02533088,0.622681,-0.09774657,-0.1316163,0.004186582,-0.003292628,-56.50001
405,-3747.153,7949.59,-13076.69,-4.811354,11.21313,33.74139,-0.7758273,0.03538305,0.6235938,-0.08927923,-0.1316747,0.004269901,-0.003178136,-56.50001
405.2,-3748.116,7951.833,-13069.95,-4.817687,11.21857,33.72331,-0.7755906,0.04544155,0.624392,-0.08080141,-0.1317332,0.004350119,-0.003061482,-56.50001
405.4,-3749.08,7954.078,-13063.21,-4.824016,11.224,33.70526,-0.7752227,0.05550468,0.6250756,-0.07231468,-0.1317917,0.004427178,-0.002942749,-56.50001
405.6,-3750.045,7956.323,-13056.47,-4.830341,11.22944,33.68722,-0.7747235,0.06557071,0.6256444,-0.06382057,-0.1318503,0.004501023,-0.002822023,-56.50001
405.8,-3751.012,7958.57,-13049.73,-4.836663,11.23487,33.6692,-0.7740928,0.07563794,0.6260982,-0.05532064,-0.1319088,0.004571601,-0.002699389,-56.50001
406,-3751.98,7960.817,-13043,-4.842981,11.2403,33.65121,-0.7733303,0.08570464,0.6264369,-0.04681644,-0.1319674,0.004638862,-0.002574935,-56.50001
406.2,-3752.949,7963.066,-13036.27,-4.849296,11.24572,33.63323,-0.772436,0.09576908,0.6266604,-0.03830953,-0.1320261,0.004702756,-0.00244875,-56.50001
406.4,-3753.92,7965.315,-13029.54,-4.855607,11.25114,33.61527,-0.7714096,0.1058295,0.6267688,-0.02980148,-0.1320847,0.004763238,-0.002320924,-56.50001
406.6,-3754.892,7967.566,-13022.82,-4.861915,11.25656,33.59733,-0.7702512,0.1158842,0.6267619,-0.02129384,-0.1321434,0.004820265,-0.002191548,-56.50001
406.8,-3755.865,7969.818,-13016.11,-4.868219,11.26198,33.57941,-0.7689605,0.1259315,0.6266398,-0.01278818,-0.1322021,0.004873795,-0.002060716,-56.50001
407,-3756.839,7972.071,-13009.39,-4.874519,11.26739,33.56151,-0.7675376,0.1359695,0.6264024,-0.00428607,-0.1322608,0.004923789,-0.001928521,-56.50001
407.2,-3757.814,7974.325,-13002.68,-4.880817,11.2728,33.54363,-0.7659823,0.1459965,0.6260498,0.004210933,-0.1323196,0.004970212,-0.001795058,-56.50001
407.4,-3758.791,7976.58,-12995.97,-4.88711,11.27821,33.52577,-0.7642947,0.1560109,0.625582,0.01270126,-0.1323784,0.00501303,-0.001660424,-56.50001
407.6,-3759.769,7978.836,-12989.27,-4.893401,11.28361,33.50793,-0.7624748,0.1660107,0.624999,0.02118334,-0.1324372,0.00505221,-0.001524714,-56.50001
407.8,-3760.749,7981.094,-12982.57,-4.899687,11.28901,33.4901,-0.7605226,0.1759943,0.6243011,0.02965561,-0.132496,0.005087727,-0.001388027,-56.50001
408,-3761.729,7983.352,-12975.88,-4.905988,11.29438,33.4723,-0.7584382,0.1859599,0.6234882,0.03811651,-0.1325549,0.005119552,-0.001250461,-56.50001
408.2,-3762.711,7985.611,-12969.18,-4.912719,11.29887,33.45451,-0.7562215,0.1959057,0.6225606,0.04656446,-0.1326137,0.005147664,-0.001112116,-56.50001
408.4,-3763.694,7987.872,-12962.49,-4.920031,11.30219,33.43674,-0.7538729,0.2058299,0.6215183,0.05499789,-0.1326727,0.005172041,-0.0009730906,-56.50001
408.6,-3764.679,7990.132,-12955.81,-4.92789,11.30441,33.419,-0.7513922,0.2157309,0.6203616,0.06341526,-0.1327316,0.005192665,-0.0008334867,-56.50001
408.8,-3765.666,7992.393,-12949.12,-4.936266,11.30558,33.40127,-0.7487797,0.2256068,0.6190906,0.07181498,-0.1327906,0.005209522,-0.0006934047,-56.50001
409,-3766.654,7994.654,-12942.45,-4.945128,11.30577,33.38356,-0.7460356,0.2354558,0.6177055,0.08019552,-0.1328495,0.005222599,-0.0005529462,-56.50001
409.2,-3767.644,7996.916,-12935.77,-4.954449,11.30504,33.36588,-0.7431601,0.2452762,0.6162066,0.08855528,-0.1329086,0.005231886,-0.000412213,-56.50001
409.4,-3768.635,7999.176,-12929.1,-4.964203,11.30343,33.34821,-0.7401533,0.2550662,0.6145942,0.09689274,-0.1329676,0.005237376,-0.0002713072,-56.50001
409.6,-3769.629,8001.437,-12922.43,-4.974364,11.301,33.33057,-0.7370156,0.264824,0.6128685,0.1052063,-0.1330267,0.005239065,-0.0001303312,-56.50001
409.8,-3770.625,8003.697,-12915.77,-4.984908,11.29779,33.31295,-0.7337471,0.2745479,0.6110299,0.1134945,-0.1330857,0.005236952,1.061241e-05,-56.50001
410,-3771.623,8005.956,-12909.11,-4.995815,11.29384,33.29535,-0.7303482,0.2842361,0.6090786,0.1217557,-0.1331449,0.005231037,0.0001514211,-56.50001
410.2,-3772.624,8008.214,-12902.45,-5.007062,11.28921,33.27776,-0.7268192,0.2938868,0.6070151,0.1299884,-0.133204,0.005221325,0.0002919924,-56.50001
410.4,-3773.626,8010.471,-12895.8,-5.01863,11.28392,33.2602,-0.7231604,0.3034983,0.6048396,0.138191,-0.1332632,0.005207823,0.0004322235,-56.50001
410.6,-3774.631,8012.728,-12889.15,-5.030501,11.27802,33.24266,-0.7193723,0.3130687,0.6025527,0.146362,-0.1333224,0.00519054,0.0005720123,-56.50001
410.8,-3775.638,8014.982,-12882.5,-5.042656,11.27154,33.22514,-0.7154551,0.3225964,0.6001545,0.1544999,-0.1333816,0.005169488,0.0007112566,-56.50001
411,-3776.648,8017.236,-12875.86,-5.055079,11.26452,33.20764,-0.7114092,0.3320795,0.5976457,0.1626032,-0.1334409,0.005144683,0.0008498546,-56.50001
411.2,-3777.66,8019.488,-12869.22,-5.067755,11.25698,33.19016,-0.7072352,0.3415163,0.5950267,0.1706703,-0.1335001,0.005116143,0.0009877046,-56.50001
411.4,-3778.675,8021.739,-12862.58,-5.080668,11.24895,33.1727,-0.7029334,0.350905,0.5922979,0.1786997,-0.1335594,0.005083888,0.001124706,-56.50001
411.6,-3779.693,8023.988,-12855.95,-5.093805,11.24047,33.15525,-0.6985044,0.3602439,0.5894598,0.1866898,-0.1336187,0.005047941,0.001260758,-56.50001
411.8,-3780.713,8026.235,-12849.32,-5.107152,11.23156,33.13783,-0.6939487,0.3695312,0.5865129,0.1946393,-0.1336781,0.005008329,0.00139576,-56.50001
412,-3781.736,8028.48,-12842.69,-5.120697,11.22225,33.12043,-0.6892668,0.3787652,0.5834579,0.2025466,-0.1337375,0.004965081,0.001529615,-56.50001
412.2,-3782.761,8030.724,-12836.07,-5.134429,11.21255,33.10304,-0.6844592,0.3879442,0.5802952,0.2104101,-0.1337969,0.004918228,0.001662222,-56.50001
412.4,-3783.789,8032.965,-12829.45,-5.148335,11.20249,33.08567,-0.6795266,0.3970663,0.5770254,0.2182284,-0.1338563,0.004867804,0.001793485,-56.50001
412.6,-3784.82,8035.205,-12822.83,-5.162406,11.1921,33.06833,-0.6744695,0.4061299,0.5736492,0.2260001,-0.1339158,0.004813847,0.001923306,-56.50001
412.8,-3785.854,8037.442,-12816.22,-5.176631,11.18139,33.05099,-0.6692886,0.4151332,0.570167,0.2337237,-0.1339752,0.004756395,0.002051591,-56.50001
413,-3786.891,8039.678,-12809.62,-5.191003,11.17037,33.03368,-0.6639845,0.4240746,0.5665797,0.2413976,-0.1340347,0.004695491,0.002178243,-56.50001
413.2,-3787.931,8041.911,-12803.01,-5.205511,11.15907,33.01639,-0.6585579,0.4329522,0.5628878,0.2490204,-0.1340943,0.00463118,0.002303171,-56.50001
413.4,-3788.973,8044.141,-12796.41,-5.220147,11.14751,32.99911,-0.6530095,0.4417644,0.5590921,0.2565908,-0.1341538,0.004563509,0.00242628,-56.50001
413.6,-3790.019,8046.37,-12789.81,-5.234903,11.1357,32.98185,-0.6473401,0.4505095,0.5551932,0.2641071,-0.1342134,0.004492527,0.00254748,-56.50001
413.8,-3791.067,8048.595,-12783.22,-5.249773,11.12365,32.96461,-0.6415503,0.4591857,0.5511918,0.2715681,-0.134273,0.004418287,0.002666682,-56.50001
414,-3792.119,8050.819,-12776.62,-5.264749,11.11138,32.94739,-0.635641,0.4677915,0.5470887,0.2789723,-0.1343326,0.004340845,0.002783796,-56.50001
414.2,-3793.173,8053.04,-12770.04,-5.279825,11.0989,32.93018,-0.6296129,0.476325,0.5428848,0.2863182,-0.1343923,0.004260256,0.002898736,-56.50001
414.4,-3794.231,8055.258,-12763.45,-5.294993,11.08622,32.913,-0.623467,0.4847847,0.5385806,0.2936046,-0.134452,0.004176581,0.003011416,-56.50001
414.6,-3795.291,8057.475,-12756.87,-5.31025,11.07336,32.89583,-0.6172039,0.4931689,0.5341771,0.3008299,-0.1345117,0.004089881,0.003121752,-56.50001
414.8,-3796.355,8059.688,-12750.29,-5.325589,11.06033,32.87867,-0.6108246,0.5014759,0.5296751,0.3079928,-0.1345714,0.004000221,0.003229662,-56.50001
415,-3797.421,8061.898,-12743.72,-5.341004,11.04713,32.86154,-0.6043301,0.509704,0.5250754,0.3150919,-0.1346312,0.003907668,0.003335067,-56.50001
415.2,-3798.491,8064.106,-12737.15,-5.356492,11.03378,32.84442,-0.597721,0.5178516,0.5203789,0.3221259,-0.134691,0.00381229,0.003437886,-56.50001
415.4,-3799.564,8066.312,-12730.58,-5.372046,11.02029,32.82732,-0.5909986,0.5259172,0.5155864,0.3290934,-0.1347508,0.003714158,0.003538043,-56.50001
415.6,-3800.64,8068.515,-12724.02,-5.387664,11.00666,32.81024,-0.5841637,0.5338989,0.5106989,0.3359931,-0.1348106,0.003613345,0.003635463,-56.50001
415.8,-3801.719,8070.715,-12717.46,-5.40334,10.99291,32.79317,-0.5772173,0.5417954,0.5057173,0.3428236,-0.1348705,0.003509926,0.003730074,-56.50001
416,-3802.801,8072.912,-12710.9,-5.419072,10.97903,32.77612,-0.5701603,0.549605,0.5006425,0.3495836,-0.1349304,0.003403978,0.003821804,-56.50001
416.2,-3803.887,8075.106,-12704.35,-5.434855,10.96505,32.75909,-0.562994,0.557326,0.4954754,0.3562719,-0.1349903,0.003295581,0.003910584,-56.50001
416.4,-3804.975,8077.298,-12697.8,-5.450686,10.95096,32.74208,-0.5557192,0.5649568,0.4902172,0.3628871,-0.1350502,0.003184815,0.003996348,-56.50001
416.6,-3806.067,8079.487,-12691.25,-5.466561,10.93677,32.72508,-0.5483372,0.5724961,0.4848687,0.3694279,-0.1351102,0.003071764,0.004079032,-56.50001
416.8,-3807.162,8081.672,-12684.71,-5.482478,10.92249,32.7081,-0.5408489,0.5799421,0.4794309,0.3758931,-0.1351702,0.002956511,0.004158573,-56.50001
417,-3808.26,8083.855,-12678.17,-5.498433,10.90812,32.69114,-0.5332555,0.5872934,0.473905,0.3822815,-0.1352302,0.002839144,0.004234911,-56.50001
417.2,-3809.361,8086.036,-12671.63,-5.514424,10.89367,32.67419,-0.5255582,0.5945484,0.4682918,0.3885918,-0.1352902,0.00271975,0.004307989,-56.50001
417.4,-3810.466,8088.213,-12665.1,-5.530449,10.87915,32.65726,-0.5177581,0.6017056,0.4625926,0.3948228,-0.1353503,0.002598419,0.00437775,-56.50001
417.6,-3811.573,8090.388,-12658.57,-5.546504,10.86455,32.64035,-0.5098565,0.6087635,0.4568084,0.4009732,-0.1354104,0.002475242,0.004444143,-56.50001
417.8,-3812.684,8092.559,-12652.04,-5.562589,10.84989,32.62346,-0.5018544,0.6157206,0.4509403,0.4070419,-0.1354705,0.002350313,0.004507118,-56.50001
418,-3813.799,8094.728,-12645.52,-5.5787,10.83517,32.60658,-0.4937533,0.6225754,0.4449894,0.4130277,-0.1355306,0.002223724,0.004566627,-56.50001
418.2,-3814.916,8096.893,-12639,-5.594835,10.82038,32.58972,-0.4855544,0.6293266,0.4389569,0.4189294,-0.1355908,0.002095572,0.004622623,-56.50001
418.4,-3816.036,8099.056,-12632.48,-5.610992,10.80555,32.57288,-0.4772589,0.6359726,0.4328439,0.4247459,-0.135651,0.001965953,0.004675066,-56.50001
418.6,-3817.16,8101.215,-12625.97,-5.627171,10.79066,32.55605,-0.4688681,0.6425119,0.4266516,0.430476,-0.1357112,0.001834965,0.004723914,-56.50001
418.8,-3818.287,8103.372,-12619.46,-5.643368,10.77573,32.53925,-0.4603834,0.6489433,0.4203811,0.4361186,-0.1357715,0.001702707,0.004769132,-56.50001
419,-3819.417,8105.525,-12612.95,-5.659583,10.76075,32.52245,-0.4518061,0.6552653,0.4140337,0.4416726,-0.1358317,0.00156928,0.004810683,-56.50001
419.2,-3820.551,8107.676,-12606.45,-5.675814,10.74574,32.50568,-0.4431376,0.6614765,0.4076107,0.447137,-0.135892,0.001434784,0.004848538,-56.50001
419.4,-3821.688,8109.824,-12599.95,-5.69206,10.73068,32.48892,-0.4343792,0.6675756,0.4011131,0.4525106,-0.1359523,0.001299321,0.004882665,-56.50001
419.6,-3822.828,8111.968,-12593.46,-5.708318,10.71559,32.47218,-0.4255325,0.6735612,0.3945423,0.4577923,-0.1360127,0.001162995,0.00491304,-56.50001
419.8,-3823.971,8114.11,-12586.96,-5.724588,10.70047,32.45546,-0.4165988,0.6794319,0.3878996,0.4629813,-0.1360731,0.001025908,0.004939639,-56.50001
420,-3825.118,8116.249,-12580.47,-5.74087,10.68531,32.43875,-0.4075795,0.6851865,0.3811862,0.4680764,-0.1361334,0.0008881651,0.004962442,-56.50001
420.2,-3826.268,8118.384,-12573.99,-5.75716,10.67013,32.42206,-0.3984762,0.6908237,0.3744034,0.4730766,-0.1361939,0.0007498713,0.00498143,-56.50001
420.4,-3827.421,8120.517,-12567.5,-5.77346,10.65492,32.40539,-0.3892903,0.6963422,0.3675526,0.477981,-0.1362543,0.0006111317,0.004996589,-56.50001
420.6,-3828.577,8122.646,-12561.03,-5.789766,10.63969,32.38873,-0.3800233,0.7017406,0.360635,0.4827885,-0.1363148,0.0004720523,0.005007908,-56.50001
420.8,-3829.737,8124.772,-12554.55,-5.80608,10.62444,32.37209,-0.3706769,0.7070179,0.353652,0.4874983,-0.1363753,0.0003327391,0.005015376,-56.50001
421,-3830.899,8126.896,-12548.08,-5.822399,10.60916,32.35547,-0.3612524,0.7121727,0.3466051,0.4921093,-0.1364358,0.0001932986,0.00501899,-56.50001
421.2,-3832.065,8129.016,-12541.61,-5.838723,10.59387,32.33887,-0.3517516,0.717204,0.3394954,0.4966207,-0.1364964,5.383751e-05,0.005018745,-56.50001
421.4,-3833.235,8131.133,-12535.14,-5.855052,10.57856,32.32228,-0.342176,0.7221104,0.3323244,0.5010316,-0.1365569,-8.553739e-05,0.005014641,-56.50001
421.6,-3834.407,8133.248,-12528.68,-5.871383,10.56323,32.30571,-0.3325271,0.7268907,0.3250936,0.5053412,-0.1366175,-0.0002247193,0.005006681,-56.50001
421.8,-3835.583,8135.359,-12522.22,-5.887717,10.54789,32.28915,-0.3228067,0.731544,0.3178043,0.5095484,-0.1366782,-0.0003636015,0.004994871,-56.50001
422,-3836.763,8137.467,-12515.76,-5.904053,10.53254,32.27262,-0.3130164,0.736069,0.3104579,0.5136526,-0.1367388,-0.0005020772,0.004979219,-56.50001
422.2,-3837.945,8139.572,-12509.31,-5.920305,10.5172,32.2561,-0.3031577,0.7404647,0.303056,0.5176529,-0.1367995,-0.0006400401,0.004959739,-56.50001
422.4,-3839.131,8141.674,-12502.86,-5.936343,10.50189,32.23959,-0.2932326,0.7447299,0.2955998,0.5215484,-0.1368602,-0.000777384,0.004936443,-56.50001
422.6,-3840.32,8143.772,-12496.41,-5.952178,10.48661,32.2231,-0.2832425,0.7488637,0.2880909,0.5253385,-0.1369209,-0.0009140033,0.004909351,-56.50001
422.8,-3841.511,8145.868,-12489.97,-5.967824,10.47138,32.20663,-0.2731893,0.7528648,0.2805308,0.5290223,-0.1369817,-0.001049792,0.004878482,-56.50001
423,-3842.707,8147.961,-12483.53,-5.983287,10.45617,32.19017,-0.2630746,0.7567325,0.2729209,0.5325991,-0.1370425,-0.001184647,0.004843859,-56.50001
423.2,-3843.905,8150.051,-12477.09,-5.998581,10.44099,32.17373,-0.2529003,0.7604656,0.2652628,0.5360683,-0.1371033,-0.001318462,0.004805511,-56.50001
423.4,-3845.106,8152.137,-12470.66,-6.013715,10.42585,32.1573,-0.242668,0.7640632,0.2575579,0.5394289,-0.1371641,-0.001451135,0.004763465,-56.50001
423.6,-3846.31,8154.221,-12464.23,-6.028697,10.41073,32.14088,-0.2323796,0.7675243,0.2498078,0.5426806,-0.137225,-0.001582563,0.004717755,-56.50001
423.8,-3847.518,8156.302,-12457.81,-6.043535,10.39564,32.12449,-0.2220369,0.770848,0.2420139,0.5458226,-0.1372859,-0.001712644,0.004668415,-56.50001
424,-3848.728,8158.379,-12451.38,-6.058239,10.38058,32.10811,-0.2116416,0.7740334,0.2341779,0.5488541,-0.1373468,-0.001841278,0.004615483,-56.50001
424.2,-3849.941,8160.454,-12444.96,-6.072814,10.36554,32.09175,-0.2011957,0.7770796,0.2263012,0.5517746,-0.1374077,-0.001968364,0.004559,-56.50001
424.4,-3851.157,8162.525,-12438.54,-6.087269,10.35052,32.07541,-0.1907009,0.7799858,0.2183854,0.5545836,-0.1374687,-0.002093803,0.004499009,-56.50001
424.6,-3852.376,8164.594,-12432.13,-6.10161,10.33553,32.05908,-0.1801592,0.7827512,0.2104322,0.5572805,-0.1375297,-0.002217499,0.004435557,-56.50001
424.8,-3853.597,8166.66,-12425.72,-6.115844,10.32056,32.04277,-0.1695723,0.7853749,0.2024429,0.5598646,-0.1375907,-0.002339355,0.004368694,-56.50001
425,-3854.822,8168.722,-12419.31,-6.129976,10.30561,32.02647,-0.1589422,0.7878561,0.1944194,0.5623356,-0.1376517,-0.002459276,0.00429847,-56.50001
425.2,-3856.05,8170.782,-12412.91,-6.144011,10.29068,32.0102,-0.1482708,0.7901941,0.186363,0.5646927,-0.1377128,-0.002577169,0.00422494,-56.50001
425.4,-3857.28,8172.839,-12406.51,-6.157957,10.27577,31.99394,-0.13756,0.7923881,0.1782756,0.5669357,-0.1377739,-0.002692941,0.004148162,-56.50001
425.6,-3858.513,8174.893,-12400.11,-6.171816,10.26088,31.97769,-0.1268117,0.7944375,0.1701585,0.569064,-0.137835,-0.002806501,0.004068193,-56.50001
425.8,-3859.749,8176.943,-12393.72,-6.185594,10.24601,31.96147,-0.1160279,0.7963416,0.1620135,0.5710772,-0.1378962,-0.002917763,0.003985099,-56.50001
426,-3860.987,8178.991,-12387.33,-6.199295,10.23116,31.94526,-0.1052105,0.7980997,0.1538422,0.5729749,-0.1379573,-0.003026637,0.003898943,-56.50001
426.2,-3862.228,8181.036,-12380.94,-6.212923,10.21632,31.92906,-0.09436146,0.7997111,0.1456462,0.5747567,-0.1380185,-0.003133039,0.003809791,-56.50001
426.4,-3863.472,8183.077,-12374.56,-6.226483,10.2015,31.91289,-0.08348282,0.8011753,0.1374271,0.5764222,-0.1380797,-0.003236886,0.003717714,-56.50001
426.6,-3864.719,8185.116,-12368.18,-6.239977,10.1867,31.89673,-0.07257654,0.8024917,0.1291866,0.577971,-0.138141,-0.003338095,0.003622784,-56.50001
426.8,-3865.968,8187.152,-12361.8,-6.25341,10.17191,31.88058,-0.06164461,0.8036598,0.1209263,0.5794029,-0.1382023,-0.003436588,0.003525074,-56.50001
427,-3867.22,8189.185,-12355.42,-6.266785,10.15714,31.86446,-0.05068906,0.8046789,0.112648,0.5807176,-0.1382636,-0.003532286,0.003424661,-56.50001
427.2,-3868.475,8191.215,-12349.05,-6.280104,10.14238,31.84835,-0.0397119,0.8055487,0.1043531,0.5819147,-0.1383249,-0.003625115,0.003321625,-56.50001
427.4,-3869.732,8193.242,-12342.68,-6.29337,10.12764,31.83226,-0.02871517,0.8062686,0.0960435,0.582994,-0.1383863,-0.003715001,0.003216045,-56.50001
427.6,-3870.992,8195.266,-12336.32,-6.306587,10.11291,31.81618,-0.0177009,0.8068383,0.08772075,0.5839553,-0.1384477,-0.003801873,0.003108005,-56.50001
427.8,-3872.255,8197.287,-12329.96,-6.319757,10.0982,31.80012,-0.006671163,0.8072572,0.07938654,0.5847983,-0.1385091,-0.003885662,0.00299759,-56.50001
428,-3873.52,8199.305,-12323.6,-6.332881,10.08349,31.78408,0.004371994,0.807525,0.07104255,0.585523,-0.1385705,-0.003966304,0.002884886,-56.50001
428.2,-3874.788,8201.32,-12317.25,-6.345963,10.0688,31.76805,0.0154265,0.8076414,0.06269047,0.5861291,-0.138632,-0.004043732,0.002769982,-56.50001
428.4,-3876.058,8203.333,-12310.89,-6.359005,10.05413,31.75204,0.02649027,0.8076059,0.05433196,0.5866165,-0.1386935,-0.004117887,0.00265297,-56.50001
428.6,-3877.332,8205.342,-12304.54,-6.372009,10.03946,31.73605,0.03756123,0.8074184,0.04596872,0.5869851,-0.138755,-0.004188708,0.00253394,-56.50001
428.8,-3878.607,8207.349,-12298.2,-6.384976,10.02481,31.72007,0.04863727,0.8070785,0.03760244,0.5872348,-0.1388165,-0.004256141,0.002412988,-56.50001
429,-3879.885,8209.352,-12291.86,-6.397909,10.01017,31.70411,0.0597163,0.806586,0.02923481,0.5873656,-0.1388781,-0.004320131,0.002290209,-56.50001
429.2,-3881.166,8211.353,-12285.52,-6.410808,9.99554,31.68816,0.07079621,0.8059407,0.02086752,0.5873773,-0.1389397,-0.004380628,0.002165699,-56.50001
429.4,-3882.45,8213.351,-12279.18,-6.423676,9.980922,31.67223,0.08187489,0.8051423,0.01250226,0.58727,-0.1390013,-0.004437583,0.002039559,-56.50001
429.6,-3883.736,8215.345,-12272.85,-6.43652,9.966306,31.65632,0.09295022,0.8041908,0.004140732,0.5870436,-0.139063,-0.00449095,0.001911887,-56.50001
429.8,-3885.024,8217.337,-12266.52,-6.449444,9.951556,31.64043,0.1040201,0.803086,-0.004215372,0.5866984,-0.1391247,-0.004540687,0.001782785,-56.50001
430,-3886.316,8219.325,-12260.19,-6.462476,9.936634,31.62455,0.1150823,0.8018277,-0.01256435,0.5862342,-0.1391864,-0.004586755,0.001652356,-56.50001
430.2,-3887.609,8221.312,-12253.87,-6.47561,9.92155,31.60869,0.1261348,0.800416,-0.02090452,0.5856511,-0.1392481,-0.004629116,0.001520703,-56.50001
430.4,-3888.906,8223.294,-12247.55,-6.488839,9.906314,31.59285,0.1371754,0.7988508,-0.02923417,0.5849493,-0.1393099,-0.004667736,0.001387932,-56.50001
430.6,-3890.205,8225.273,-12241.23,-6.502157,9.890937,31.57703,0.148202,0.797132,-0.0375516,0.584129,-0.1393716,-0.004702584,0.001254148,-56.50001
430.8,-3891.507,8227.25,-12234.92,-6.515559,9.875426,31.56122,0.1592124,0.7952597,-0.04585513,0.5831901,-0.1394335,-0.004733632,0.001119457,-56.50001
431,-3892.811,8229.224,-12228.61,-6.529039,9.859792,31.54543,0.1702044,0.793234,-0.05414307,0.5821331,-0.1394953,-0.004760856,0.000983968,-56.50001
431.2,-3894.118,8231.194,-12222.3,-6.542591,9.844041,31.52966,0.181176,0.7910548,-0.0624137,0.5809578,-0.1395572,-0.004784232,0.0008477884,-56.50001
431.4,-3895.428,8233.161,-12216,-6.556212,9.82818,31.5139,0.192125,0.7887225,-0.07066536,0.5796648,-0.1396191,-0.004803743,0.0007110272,-56.50001
431.6,-3896.741,8235.126,-12209.69,-6.569896,9.812219,31.49816,0.2030491,0.7862369,-0.07889634,0.5782543,-0.139681,-0.004819371,0.0005737941,-56.50001
431.8,-3898.056,8237.087,-12203.4,-6.583639,9.796161,31.48244,0.2139463,0.7835984,-0.08710497,0.5767264,-0.139743,-0.004831105,0.000436199,-56.50001
432,-3899.374,8239.044,-12197.1,-6.597438,9.780014,31.46673,0.2248144,0.7808071,-0.09528955,0.5750814,-0.1398049,-0.004838935,0.0002983524,-56.50001
432.2,-3900.695,8240.998,-12190.81,-6.611289,9.763784,31.45104,0.2356512,0.7778633,-0.1034484,0.5733199,-0.1398669,-0.004842853,0.0001603649,-56.50001
432.4,-3902.019,8242.949,-12184.52,-6.625187,9.747477,31.43536,0.2464546,0.7747672,-0.1115799,0.5714419,-0.139929,-0.004842857,2.234738e-05,-56.50001
432.6,-3903.345,8244.897,-12178.23,-6.63913,9.731096,31.4197,0.2572223,0.7715192,-0.1196823,0.569448,-0.139991,-0.004838947,-0.000115589,-56.50001
432.8,-3904.675,8246.842,-12171.95,-6.653115,9.714648,31.40405,0.2679523,0.7681195,-0.127754,0.5673385,-0.1400531,-0.004831125,-0.0002533333,-56.50001
433,-3906.007,8248.783,-12165.67,-6.667139,9.698137,31.38842,0.2786424,0.7645684,-0.1357932,0.5651139,-0.1401152,-0.004819397,-0.0003907744,-56.50001
433.2,-3907.341,8250.722,-12159.4,-6.681198,9.681568,31.37281,0.2892904,0.7608665,-0.1437984,0.5627746,-0.1401774,-0.004803773,-0.0005278013,-56.50001
433.4,-3908.679,8252.656,-12153.12,-6.695291,9.664944,31.35721,0.2998942,0.757014,-0.151768,0.5603211,-0.1402396,-0.004784264,-0.0006643035,-56.50001
433.6,-3910.02,8254.587,-12146.85,-6.709415,9.648268,31.34162,0.3104516,0.7530115,-0.1597001,0.5577538,-0.1403018,-0.004760887,-0.0008001706,-56.50001
433.8,-3911.363,8256.516,-12140.59,-6.723567,9.631546,31.32605,0.3209605,0.7488595,-0.1675933,0.5550733,-0.140364,-0.004733659,-0.0009352926,-56.50001
434,-3912.709,8258.439,-12134.32,-6.737746,9.614779,31.3105,0.3314186,0.7445583,-0.1754458,0.5522802,-0.1404263,-0.004702604,-0.00106956,-56.50001
434.2,-3914.058,8260.361,-12128.06,-6.75195,9.597972,31.29496,0.341824,0.7401086,-0.1832561,0.5493749,-0.1404886,-0.004667745,-0.001202864,-56.50001
434.4,-3915.41,8262.279,-12121.81,-6.766175,9.581127,31.27944,0.3521743,0.735511,-0.1910225,0.5463582,-0.1405509,-0.00462911,-0.001335097,-56.50001
434.6,-3916.764,8264.193,-12115.55,-6.780422,9.564247,31.26393,0.3624676,0.730766,-0.1987434,0.5432305,-0.1406132,-0.004586732,-0.001466151,-56.50001
434.8,-3918.122,8266.104,-12109.3,-6.794688,9.547335,31.24844,0.3727017,0.7258742,-0.2064173,0.5399925,-0.1406756,-0.004540643,-0.001595919,-56.50001
435,-3919.482,8268.013,-12103.05,-6.808971,9.530393,31.23296,0.3828744,0.7208365,-0.2140424,0.5366449,-0.140738,-0.004490881,-0.001724296,-56.50001
435.2,-3920.845,8269.917,-12096.81,-6.82327,9.513423,31.2175,0.3929836,0.7156533,-0.2216173,0.5331885,-0.1408004,-0.004437487,-0.001851177,-56.50001
435.4,-3922.211,8271.818,-12090.56,-6.837584,9.496428,31.20205,0.4030273,0.7103255,-0.2291404,0.5296238,-0.1408629,-0.004380503,-0.001976459,-56.50001
435.6,-3923.581,8273.716,-12084.33,-6.851911,9.479409,31.18662,0.4130032,0.7048538,-0.23661,0.5259516,-0.1409253,-0.004319976,-0.00210004,-56.50001
435.8,-3924.952,8275.609,-12078.09,-6.86625,9.46237,31.1712,0.4229094,0.6992391,-0.2440246,0.5221727,-0.1409879,-0.004255955,-0.002221818,-56.50001
436,-3926.327,8277.5,-12071.86,-6.880599,9.445311,31.1558,0.4327437,0.693482,-0.2513827,0.5182879,-0.1410504,-0.004188492,-0.002341694,-56.50001
436.2,-3927.705,8279.388,-12065.63,-6.894959,9.428234,31.14042,0.442504,0.6875835,-0.2586828,0.5142979,-0.141113,-0.004117642,-0.00245957,-56.50001
436.4,-3929.085,8281.271,-12059.4,-6.909328,9.41114,31.12504,0.4521883,0.6815445,-0.2659232,0.5102035,-0.1411756,-0.004043463,-0.002575349,-56.50001
436.6,-3930.468,8283.152,-12053.18,-6.923704,9.394033,31.10969,0.4617946,0.6753658,-0.2731026,0.5060057,-0.1412382,-0.003966014,-0.002688937,-56.50001
436.8,-3931.854,8285.029,-12046.96,-6.938087,9.376912,31.09435,0.4713207,0.6690484,-0.2802193,0.5017053,-0.1413009,-0.003885361,-0.002800239,-56.50001
437,-3933.243,8286.903,-12040.74,-6.952476,9.359779,31.07902,0.4807646,0.6625933,-0.2872719,0.4973031,-0.1413635,-0.003801567,-0.002909165,-56.50001
437.2,-3934.635,8288.773,-12034.53,-6.96687,9.342636,31.06371,0.4901242,0.6560015,-0.2942589,0.4928001,-0.1414263,-0.003714703,-0.003015625,-56.50001
437.4,-3936.03,8290.64,-12028.31,-6.981269,9.325483,31.04841,0.4993977,0.649274,-0.3011788,0.4881973,-0.141489,-0.003624839,-0.003119532,-56.50001
437.6,-3937.428,8292.504,-12022.11,-6.995672,9.308321,31.03313,0.5085828,0.6424118,-0.3080303,0.4834955,-0.1415518,-0.003532048,-0.003220799,-56.50001
437.8,-3938.829,8294.363,-12015.9,-7.010077,9.291153,31.01787,0.5176777,0.6354162,-0.3148118,0.4786958,-0.1416146,-0.003436408,-0.003319343,-56.50001
438,-3940.232,8296.22,-12009.7,-7.024486,9.273977,31.00261,0.5266804,0.6282881,-0.3215218,0.473799,-0.1416774,-0.003337996,-0.003415083,-56.50001
438.2,-3941.638,8298.073,-12003.5,-7.038896,9.256797,30.98738,0.5355889,0.6210287,-0.3281591,0.4688064,-0.1417403,-0.003236894,-0.003507939,-56.50001
438.4,-3943.048,8299.923,-11997.3,-7.053307,9.239612,30.97216,0.5444012,0.6136393,-0.3347221,0.4637189,-0.1418032,-0.003133185,-0.003597835,-56.50001
438.6,-3944.46,8301.769,-11991.11,-7.067719,9.222424,30.95695,0.5531154,0.606121,-0.3412096,0.4585376,-0.1418661,-0.003026954,-0.003684696,-56.50001
438.8,-3945.875,8303.611,-11984.92,-7.082132,9.205232,30.94176,0.5617295,0.5984751,-0.34762,0.4532635,-0.141929,-0.00291829,-0.00376845,-56.50001
439,-3947.292,8305.451,-11978.73,-7.096545,9.188037,30.92658,0.5702417,0.5907028,-0.3539522,0.4478978,-0.141992,-0.002807282,-0.003849028,-56.50001
439.2,-3948.713,8307.287,-11972.55,-7.110957,9.170841,30.91142,0.5786499,0.5828055,-0.3602046,0.4424416,-0.142055,-0.002694021,-0.003926362,-56.50001
439.4,-3950.137,8309.119,-11966.37,-7.125368,9.153645,30.89627,0.5869525,0.5747845,-0.366376,0.436896,-0.142118,-0.002578601,-0.004000389,-56.50001
439.6,-3951.563,8310.948,-11960.19,-7.139777,9.136447,30.88114,0.5951474,0.5666412,-0.3724652,0.4312622,-0.1421811,-0.002461119,-0.004071046,-56.50001
439.8,-3952.993,8312.773,-11954.02,-7.154185,9.11925,30.86602,0.6032328,0.5583768,-0.3784707,0.4255414,-0.1422442,-0.002341672,-0.004138275,-56.50001
440,-3954.425,8314.596,-11947.85,-7.168591,9.102054,30.85092,0.6112069,0.5499929,-0.3843913,0.4197348,-0.1423073,-0.002220358,-0.004202019,-56.50001
440.2,-3955.86,8316.415,-11941.68,-7.182995,9.084858,30.83583,0.6190678,0.5414909,-0.3902257,0.4138436,-0.1423705,-0.002097279,-0.004262226,-56.50001
440.4,-3957.298,8318.229,-11935.51,-7.197397,9.067664,30.82076,0.6268139,0.5328722,-0.3959728,0.407869,-0.1424336,-0.001972537,-0.004318844,-56.50001
440.6,-3958.739,8320.042,-11929.35,-7.211795,9.050473,30.8057,0.6344432,0.5241385,-0.4016312,0.4018124,-0.1424969,-0.001846235,-0.004371827,-56.50001
440.8,-3960.183,8321.851,-11923.19,-7.22619,9.033283,30.79066,0.6419539,0.515291,-0.4071997,0.395675,-0.1425601,-0.00171848,-0.00442113,-56.50001
441,-3961.63,8323.655,-11917.03,-7.240582,9.016097,30.77563,0.6493444,0.5063316,-0.4126773,0.389458,-0.1426234,-0.001589378,-0.004466711,-56.50001
441.2,-3963.079,8325.457,-11910.88,-7.254971,8.998914,30.76062,0.6566131,0.4972617,-0.4180626,0.3831629,-0.1426867,-0.001459036,-0.004508533,-56.50001
441.4,-3964.532,8327.255,-11904.73,-7.269355,8.981734,30.74562,0.6637579,0.4880829,-0.4233546,0.3767909,-0.14275,-0.001327564,-0.004546559,-56.50001
441.6,-3965.987,8329.049,-11898.58,-7.283736,8.964559,30.73063,0.6707774,0.478797,-0.428552,0.3703434,-0.1428133,-0.001195071,-0.004580758,-56.50001
441.8,-3967.445,8330.841,-11892.44,-7.298112,8.947387,30.71566,0.6776699,0.4694054,-0.4336539,0.3638218,-0.1428767,-0.001061669,-0.004611101,-56.50001
442,-3968.906,8332.628,-11886.29,-7.312484,8.93022,30.70071,0.6844338,0.4599101,-0.438659,0.3572274,-0.1429401,-0.0009274686,-0.004637563,-56.50001
442.2,-3970.37,8334.412,-11880.16,-7.326851,8.913056,30.68577,0.6910673,0.4503125,-0.4435663,0.3505617,-0.1430036,-0.0007925837,-0.00466012,-56.50001
442.4,-3971.837,8336.193,-11874.02,-7.341214,8.895899,30.67084,0.6975689,0.4406146,-0.4483748,0.3438261,-0.143067,-0.000657127,-0.004678753,-56.50001
442.6,-3973.307,8337.971,-11867.89,-7.355572,8.878746,30.65593,0.7039371,0.4308181,-0.4530834,0.337022,-0.1431306,-0.0005212125,-0.004693447,-56.50001
442.8,-3974.779,8339.745,-11861.76,-7.369925,8.861599,30.64103,0.7101702,0.4209247,-0.4576911,0.3301509,-0.1431941,-0.0003849546,-0.004704189,-56.50001
443,-3976.255,8341.516,-11855.63,-7.384273,8.844457,30.62615,0.7162668,0.4109363,-0.4621969,0.3232142,-0.1432576,-0.0002484681,-0.00471097,-56.50001
443.2,-3977.733,8343.282,-11849.51,-7.398616,8.827321,30.61128,0.7222252,0.4008547,-0.4665997,0.3162135,-0.1433212,-0.000111868,-0.004713783,-56.50001
443.4,-3979.214,8345.047,-11843.39,-7.412953,8.81019,30.59643,0.7280441,0.3906818,-0.4708988,0.3091502,-0.1433849,2.473033e-05,-0.004712625,-56.50001
443.6,-3980.698,8346.807,-11837.27,-7.427286,8.793066,30.58159,0.733722,0.3804195,-0.4750931,0.3020258,-0.1434485,0.0001612115,-0.004707499,-56.50001
443.8,-3982.185,8348.563,-11831.15,-7.441612,8.775949,30.56677,0.7392575,0.3700697,-0.4791817,0.2948419,-0.1435122,0.0002974602,-0.004698408,-56.50001
444,-3983.675,8350.317,-11825.04,-7.455933,8.758837,30.55196,0.744649,0.3596344,-0.4831638,0.2876,-0.1435759,0.0004333609,-0.004685358,-56.50001
444.2,-3985.167,8352.067,-11818.93,-7.470249,8.741732,30.53716,0.7498953,0.3491155,-0.4870384,0.2803016,-0.1436397,0.0005687986,-0.004668362,-56.50001
444.4,-3986.663,8353.813,-11812.83,-7.484558,8.724633,30.52238,0.754995,0.338515,-0.4908047,0.2729484,-0.1437034,0.0007036583,-0.004647432,-56.50001
444.6,-3988.161,8355.557,-11806.72,-7.498862,8.707541,30.50761,0.7599468,0.3278349,-0.4944619,0.265542,-0.1437672,0.0008378256,-0.004622587,-56.50001
444.8,-3989.662,8357.297,-11800.62,-7.51316,8.690456,30.49286,0.7647493,0.3170772,-0.4980093,0.2580838,-0.143831,0.0009711866,-0.004593848,-56.50001
445,-3991.167,8359.033,-11794.53,-7.527452,8.673378,30.47812,0.7694014,0.3062441,-0.5014459,0.2505756,-0.1438949,0.001103628,-0.004561238,-56.50001
445.2,-3992.673,8360.767,-11788.43,-7.541738,8.656306,30.4634,0.7739016,0.2953375,-0.5047711,0.243019,-0.1439588,0.001235036,-0.004524785,-56.50001
445.4,-3994.183,8362.496,-11782.34,-7.556018,8.639243,30.44869,0.7782488,0.2843595,-0.5079842,0.2354155,-0.1440227,0.0013653,-0.00448452,-56.50001
445.6,-3995.696,8364.222,-11776.25,-7.570292,8.622186,30.434,0.7824419,0.2733124,-0.5110844,0.2277669,-0.1440867,0.001494308,-0.004440477,-56.50001
445.8,-3997.211,8365.944,-11770.17,-7.584559,8.605137,30.41932,0.7864796,0.2621982,-0.514071,0.2200748,-0.1441506,0.001621951,-0.004392693,-56.50001
446,-3998.729,8367.664,-11764.09,-7.598821,8.588094,30.40465,0.7903608,0.2510191,-0.5169435,0.2123408,-0.1442146,0.001748118,-0.004341209,-56.50001
446.2,-4000.251,8369.38,-11758.01,-7.613076,8.571059,30.39,0.7940845,0.2397772,-0.5197011,0.2045667,-0.1442787,0.001872703,-0.004286068,-56.50001
446.4,-4001.775,8371.093,-11751.93,-7.627325,8.554032,30.37536,0.7976494,0.2284748,-0.5223432,0.1967542,-0.1443427,0.001995598,-0.004227318,-56.50001
446.6,-4003.302,8372.802,-11745.86,-7.641567,8.537012,30.36073,0.8010547,0.2171141,-0.5248694,0.1889048,-0.1444068,0.002116698,-0.004165009,-56.50001
446.8,-4004.831,8374.507,-11739.79,-7.655804,8.52,30.34613,0.8042992,0.2056972,-0.5272789,0.1810204,-0.144471,0.002235899,-0.004099193,-56.50001
447,-4006.364,8376.21,-11733.72,-7.670033,8.502995,30.33153,0.807382,0.1942266,-0.5295714,0.1731027,-0.1445351,0.0023531,-0.004029927,-56.50001
447.2,-4007.899,8377.908,-11727.65,-7.684257,8.485999,30.31695,0.8103021,0.1827043,-0.5317461,0.1651533,-0.1445993,0.002468198,-0.00395727,-56.50001
447.4,-4009.438,8379.604,-11721.59,-7.698474,8.469009,30.30238,0.8130587,0.1711328,-0.5338028,0.1571741,-0.1446635,0.002581095,-0.003881285,-56.50001
447.6,-4010.979,8381.296,-11715.53,-7.712685,8.452028,30.28783,0.8156508,0.1595144,-0.5357409,0.1491668,-0.1447278,0.002691695,-0.003802035,-56.50001
447.8,-4012.523,8382.984,-11709.48,-7.726889,8.435055,30.27329,0.8180775,0.1478512,-0.53756,0.141133,-0.144792,0.0027999,-0.003719591,-56.50001
448,-4014.07,8384.67,-11703.42,-7.741086,8.418089,30.25876,0.820338,0.1361458,-0.5392596,0.1330747,-0.1448563,0.002905619,-0.003634022,-56.50001
448.2,-4015.619,8386.352,-11697.37,-7.755277,8.401131,30.24425,0.8224316,0.1244004,-0.5408395,0.1249935,-0.1449206,0.003008759,-0.003545401,-56.50001
448.4,-4017.172,8388.03,-11691.33,-7.769462,8.384181,30.22976,0.8243575,0.1126174,-0.5422992,0.1168912,-0.144985,0.003109232,-0.003453806,-56.50001
448.6,-4018.727,8389.706,-11685.28,-7.783639,8.367239,30.21527,0.826115,0.1007992,-0.5436385,0.1087696,-0.1450494,0.00320695,-0.003359315,-56.50001
448.8,-4020.285,8391.377,-11679.24,-7.797811,8.350305,30.2008,0.8277032,0.0889482,-0.544857,0.1006305,-0.1451138,0.003301829,-0.003262009,-56.50001
449,-4021.846,8393.046,-11673.2,-7.811976,8.333378,30.18635,0.8291217,0.07706679,-0.5459543,0.0924757,-0.1451783,0.003393787,-0.003161973,-56.50001
449.2,-4023.41,8394.711,-11667.16,-7.826134,8.31646,30.17191,0.8303698,0.06515741,-0.5469304,0.08430696,-0.1452427,0.003482744,-0.003059293,-56.50001
449.4,-4024.977,8396.372,-11661.13,-7.840286,8.29955,30.15748,0.8314468,0.05322249,-0.547785,0.07612609,-0.1453072,0.003568621,-0.002954057,-56.50001
449.6,-4026.546,8398.03,-11655.1,-7.854431,8.282648,30.14307,0.8323522,0.04126448,-0.5485179,0.06793489,-0.1453718,0.003651346,-0.002846358,-56.50001
449.8,-4028.118,8399.686,-11649.07,-7.868569,8.265754,30.12867,0.8330856,0.02928585,-0.5491288,0.05973519,-0.1454363,0.003730845,-0.002736289,-56.50001
450,-4029.693,8401.337,-11643.05,-7.882701,8.248867,30.11428,0.8336464,0.01728907,-0.5496177,0.05152878,-0.1455009,0.003807049,-0.002623944,-56.50001
450.2,-4031.271,8402.985,-11637.03,-7.896826,8.23199,30.09991,0.8340341,0.005276615,-0.5499845,0.04331749,-0.1455656,0.003879892,-0.002509422,-56.50001
450.4,-4032.852,8404.63,-11631.01,-7.910944,8.215119,30.08555,0.8342484,-0.006749012,-0.550229,0.03510313,-0.1456302,0.003949311,-0.002392822,-56.50001
450.6,-4034.436,8406.271,-11624.99,-7.925056,8.198257,30.07121,0.8342888,-0.01878531,-0.5503511,0.02688754,-0.1456949,0.004015243,-0.002274245,-56.50001
450.8,-4036.022,8407.909,-11618.98,-7.939161,8.181404,30.05688,0.8341551,-0.03082976,-0.550351,0.01867251,-0.1457596,0.004077632,-0.002153796,-56.50001
451,-4037.612,8409.544,-11612.97,-7.95326,8.164558,30.04256,0.8338468,-0.04287985,-0.5502285,0.01045989,-0.1458243,0.004136424,-0.002031578,-56.50001
451.2,-4039.204,8411.175,-11606.96,-7.967352,8.14772,30.02826,0.8333638,-0.05493303,-0.5499836,0.002251502,-0.1458891,0.004191565,-0.001907699,-56.50001
451.4,-4040.798,8412.803,-11600.96,-7.981437,8.130892,30.01397,0.8327059,-0.06698678,-0.5496165,-0.005950835,-0.1459539,0.004243008,-0.001782267,-56.50001
451.6,-4042.396,8414.427,-11594.96,-7.995515,8.11407,29.99969,0.8318726,-0.07903855,-0.5491272,-0.01414529,-0.1460187,0.004290707,-0.001655392,-56.50001
451.8,-4043.997,8416.048,-11588.96,-8.009587,8.097257,29.98543,0.8308641,-0.09108579,-0.5485158,-0.02233004,-0.1460836,0.004334621,-0.001527185,-56.50001
452,-4045.6,8417.666,-11582.96,-8.023653,8.080452,29.97118,0.8296801,-0.1031259,-0.5477824,-0.03050325,-0.1461485,0.004374711,-0.001397757,-56.50001
452.2,-4047.206,8419.28,-11576.97,-8.037711,8.063655,29.95695,0.8283205,-0.1151564,-0.5469272,-0.03866311,-0.1462134,0.004410941,-0.001267223,-56.50001
452.4,-4048.815,8420.892,-11570.98,-8.051763,8.046866,29.94273,0.8267853,-0.1271747,-0.5459503,-0.04680778,-0.1462783,0.004443279,-0.001135697,-56.50001
452.6,-4050.427,8422.499,-11565,-8.065808,8.030086,29.92852,0.8250745,-0.1391781,-0.544852,-0.05493545,-0.1463433,0.004471696,-0.001003296,-56.50001
452.8,-4052.041,8424.104,-11559.01,-8.079847,8.013313,29.91433,0.823188,-0.1511642,-0.5436325,-0.06304429,-0.1464083,0.004496168,-0.000870134,-56.50001
453,-4053.659,8425.704,-11553.03,-8.093879,7.996549,29.90014,0.821126,-0.1631303,-0.5422921,-0.0711325,-0.1464733,0.004516671,-0.00073633,-56.50001
453.2,-4055.279,8427.302,-11547.05,-8.107904,7.979793,29.88598,0.8188886,-0.1750738,-0.5408311,-0.07919824,-0.1465384,0.004533189,-0.0006020016,-56.50001
453.4,-4056.902,8428.896,-11541.07,-8.121922,7.963045,29.87182,0.8164759,-0.1869922,-0.5392497,-0.08723971,-0.1466035,0.004545706,-0.0004672671,-56.50001
453.6,-4058.528,8430.487,-11535.1,-8.135935,7.946305,29.85769,0.813888,-0.1988829,-0.5375484,-0.09525512,-0.1466686,0.004554211,-0.0003322457,-56.50001
453.8,-4060.156,8432.075,-11529.13,-8.14994,7.929573,29.84356,0.8111253,-0.2107432,-0.5357276,-0.1032426,-0.1467337,0.004558696,-0.0001970566,-56.50001
454,-4061.788,8433.659,-11523.16,-8.163939,7.912849,29.82945,0.8081879,-0.2225706,-0.5337875,-0.1112005,-0.1467989,0.004559156,-6.181953e-05,-56.50001
454.2,-4063.422,8435.24,-11517.2,-8.177931,7.896133,29.81535,0.8050761,-0.2343626,-0.5317287,-0.1191269,-0.1468641,0.004555592,7.334575e-05,-56.50001
454.4,-4065.059,8436.817,-11511.24,-8.191916,7.879426,29.80126,0.8017903,-0.2461164,-0.5295516,-0.12702,-0.1469293,0.004548005,0.0002083194,-56.50001
454.6,-4066.698,8438.392,-11505.28,-8.205894,7.862727,29.78719,0.7983308,-0.2578295,-0.5272567,-0.1348781,-0.1469946,0.004536403,0.0003429817,-56.50001
454.8,-4068.341,8439.963,-11499.32,-8.219867,7.846036,29.77313,0.7946982,-0.2694994,-0.5248445,-0.1426993,-0.1470599,0.004520796,0.0004772131,-56.50001
455,-4069.987,8441.53,-11493.37,-8.233832,7.829353,29.75908,0.7908927,-0.2811234,-0.5223156,-0.150482,-0.1471252,0.004501197,0.0006108941,-56.50001
455.2,-4071.635,8443.095,-11487.42,-8.247791,7.812678,29.74505,0.7869149,-0.2926989,-0.5196704,-0.1582244,-0.1471905,0.004477622,0.0007439057,-56.50001
455.4,-4073.286,8444.655,-11481.47,-8.261744,7.796011,29.73103,0.7827653,-0.3042234,-0.5169097,-0.1659246,-0.1472559,0.004450094,0.0008761296,-56.50001
455.6,-4074.939,8446.213,-11475.53,-8.275689,7.779352,29.71703,0.7784445,-0.3156943,-0.514034,-0.173581,-0.1473213,0.004418636,0.001007448,-56.50001
455.8,-4076.596,8447.768,-11469.58,-8.289628,7.762702,29.70303,0.773953,-0.327109,-0.511044,-0.1811918,-0.1473867,0.004383276,0.001137743,-56.50001
456,-4078.255,8449.318,-11463.65,-8.30356,7.746059,29.68905,0.7692916,-0.338465,-0.5079402,-0.1887553,-0.1474522,0.004344045,0.001266899,-56.50001
456.2,-4079.917,8450.865,-11457.71,-8.317486,7.729425,29.67509,0.7644609,-0.3497596,-0.5047236,-0.1962697,-0.1475177,0.004300978,0.0013948,-56.50001
456.4,-4081.582,8452.41,-11451.78,-8.331406,7.712799,29.66113,0.7594616,-0.3609904,-0.5013947,-0.2037334,-0.1475832,0.004254114,0.001521332,-56.50001
456.6,-4083.25,8453.95,-11445.84,-8.345318,7.69618,29.6472,0.7542945,-0.3721547,-0.4979543,-0.2111447,-0.1476487,0.004203494,0.001646382,-56.50001
456.8,-4084.92,8455.488,-11439.92,-8.359224,7.67957,29.63327,0.7489604,-0.3832501,-0.4944032,-0.2185018,-0.1477143,0.004149163,0.001769836,-56.50001
457,-4086.594,8457.022,-11433.99,-8.373123,7.662968,29.61936,0.7434601,-0.394274,-0.4907423,-0.2258032,-0.1477799,0.004091169,0.001891585,-56.50001
457.2,-4088.27,8458.554,-11428.07,-8.387016,7.646374,29.60546,0.7377945,-0.4052239,-0.4869722,-0.233047,-0.1478455,0.004029565,0.002011519,-56.50001
457.4,-4089.948,8460.081,-11422.15,-8.400903,7.629788,29.59157,0.7319645,-0.4160972,-0.4830939,-0.2402317,-0.1479112,0.003964406,0.00212953,-56.50001
457.6,-4091.63,8461.605,-11416.23,-8.414783,7.61321,29.5777,0.7259711,-0.4268915,-0.4791083,-0.2473556,-0.1479769,0.003895749,0.002245512,-56.50001
457.8,-4093.314,8463.126,-11410.32,-8.428656,7.596641,29.56384,0.7198153,-0.4376042,-0.4750163,-0.2544171,-0.1480426,0.003823657,0.00235936,-56.50001
458,-4095.001,8464.644,-11404.41,-8.442522,7.580079,29.54999,0.713498,-0.4482329,-0.4708188,-0.2614146,-0.1481083,0.003748194,0.002470972,-56.50001
458.2,-4096.691,8466.158,-11398.5,-8.456382,7.563525,29.53615,0.7070203,-0.4587751,-0.4665167,-0.2683464,-0.1481741,0.003669428,0.002580247,-56.50001
458.4,-4098.384,8467.669,-11392.59,-8.470236,7.546979,29.52233,0.7003835,-0.4692283,-0.4621111,-0.275211,-0.1482399,0.00358743,0.002687086,-56.50001
458.6,-4100.08,8469.177,-11386.69,-8.484082,7.530441,29.50852,0.6935886,-0.4795901,-0.4576029,-0.2820068,-0.1483057,0.003502273,0.002791392,-56.50001
458.8,-4101.778,8470.682,-11380.79,-8.497923,7.513912,29.49473,0.6866367,-0.4898581,-0.4529932,-0.2887323,-0.1483716,0.003414035,0.002893072,-56.50001
459,-4103.479,8472.183,-11374.89,-8.511757,7.49739,29.48094,0.6795291,-0.5000297,-0.448283,-0.2953858,-0.1484375,0.003322795,0.002992032,-56.50001
459.2,-4105.182,8473.681,-11369,-8.525584,7.480876,29.46717,0.6722671,-0.5101027,-0.4434735,-0.3019658,-0.1485034,0.003228635,0.003088183,-56.50001
459.4,-4106.889,8475.175,-11363.1,-8.539405,7.464371,29.45342,0.664852,-0.5200747,-0.4385657,-0.3084709,-0.1485693,0.003131641,0.003181437,-56.50001
459.6,-4108.598,8476.666,-11357.22,-8.553219,7.447873,29.43967,0.6572852,-0.5299431,-0.4335607,-0.3148995,-0.1486353,0.0030319,0.003271711,-56.50001
459.8,-4110.31,8478.154,-11351.33,-8.567027,7.431383,29.42594,0.6495678,-0.5397058,-0.4284597,-0.3212501,-0.1487013,0.002929504,0.003358921,-56.50001
460,-4112.025,8479.639,-11345.45,-8.580828,7.414901,29.41223,0.6417015,-0.5493603,-0.4232639,-0.3275214,-0.1487673,0.002824543,0.003442988,-56.50001
460.2,-4113.742,8481.12,-11339.56,-8.594623,7.398427,29.39852,0.6336876,-0.5589043,-0.4179744,-0.3337117,-0.1488333,0.002717115,0.003523835,-56.50001
460.4,-4115.463,8482.599,-11333.69,-8.608411,7.381962,29.38483,0.6255276,-0.5683355,-0.4125926,-0.3398197,-0.1488994,0.002607316,0.00360139,-56.50001
460.6,-4117.186,8484.073,-11327.81,-8.622193,7.365504,29.37115,0.617223,-0.5776516,-0.4071195,-0.345844,-0.1489655,0.002495247,0.00367558,-56.50001
460.8,-4118.912,8485.544,-11321.94,-8.635968,7.349054,29.35748,0.6087755,-0.5868504,-0.4015566,-0.3517831,-0.1490317,0.00238101,0.003746337,-56.50001
461,-4120.64,8487.013,-11316.07,-8.649737,7.332612,29.34383,0.6001865,-0.5959296,-0.395905,-0.3576358,-0.1490978,0.002264708,0.003813598,-56.50001
461.2,-4122.372,8488.478,-11310.2,-8.6635,7.316178,29.33019,0.5914577,-0.6048869,-0.3901661,-0.3634005,-0.149164,0.002146448,0.003877301,-56.50001
461.4,-4124.105,8489.939,-11304.33,-8.677256,7.299752,29.31656,0.5825909,-0.6137202,-0.3843412,-0.3690761,-0.1492302,0.002026338,0.003937386,-56.50001
461.6,-4125.842,8491.397,-11298.47,-8.691006,7.283333,29.30295,0.5735876,-0.6224273,-0.3784316,-0.3746611,-0.1492965,0.001904487,0.003993798,-56.50001
461.8,-4127.582,8492.853,-11292.61,-8.704748,7.266923,29.28934,0.5644496,-0.631006,-0.3724389,-0.3801543,-0.1493628,0.001781008,0.004046486,-56.50001
462,-4129.324,8494.304,-11286.76,-8.718485,7.250521,29.27575,0.5551788,-0.6394542,-0.3663642,-0.3855543,-0.1494291,0.001656013,0.004095401,-56.50001
462.2,-4131.069,8495.753,-11280.9,-8.732215,7.234126,29.26217,0.5457768,-0.6477697,-0.3602091,-0.39086,-0.1494954,0.001529616,0.004140499,-56.50001
462.4,-4132.817,8497.198,-11275.05,-8.745939,7.21774,29.24861,0.5362455,-0.6559504,-0.353975,-0.3960701,-0.1495618,0.001401935,0.004181736,-56.50001
462.6,-4134.568,8498.64,-11269.2,-8.759656,7.201361,29.23506,0.5265869,-0.6639944,-0.3476632,-0.4011833,-0.1496282,0.001273086,0.004219075,-56.50001
462.8,-4136.321,8500.078,-11263.36,-8.773367,7.18499,29.22152,0.5168028,-0.6718994,-0.3412754,-0.4061984,-0.1496946,0.001143187,0.004252481,-56.50001
463,-4138.077,8501.514,-11257.52,-8.787071,7.168627,29.20799,0.5068951,-0.6796636,-0.334813,-0.4111144,-0.149761,0.001012359,0.004281925,-56.50001
463.2,-4139.836,8502.945,-11251.67,-8.80077,7.152272,29.19448,0.4968659,-0.6872849,-0.3282775,-0.41593,-0.1498275,0.0008807217,0.004307376,-56.50001
463.4,-4141.597,8504.375,-11245.84,-8.814462,7.135925,29.18098,0.4867171,-0.6947613,-0.3216704,-0.420644,-0.149894,0.0007483963,0.004328813,-56.50001
463.6,-4143.362,8505.8,-11240,-8.828147,7.119585,29.16749,0.4764508,-0.7020909,-0.3149932,-0.4252555,-0.1499605,0.0006155054,0.004346216,-56.50001
463.8,-4145.128,8507.223,-11234.17,-8.841825,7.103254,29.15401,0.466069,-0.7092719,-0.3082476,-0.4297633,-0.1500271,0.0004821715,0.004359566,-56.50001
464,-4146.898,8508.642,-11228.34,-8.855498,7.08693,29.14055,0.4555739,-0.7163022,-0.3014351,-0.4341663,-0.1500937,0.0003485181,0.004368853,-56.50001
464.2,-4148.671,8510.058,-11222.51,-8.869164,7.070614,29.1271,0.4449676,-0.7231802,-0.2945574,-0.4384635,-0.1501603,0.0002146688,0.004374067,-56.50001
464.4,-4150.446,8511.47,-11216.69,-8.882824,7.054306,29.11366,0.4342523,-0.7299038,-0.287616,-0.4426539,-0.150227,8.074776e-05,0.004375204,-56.50001
464.6,-4152.224,8512.879,-11210.87,-8.896478,7.038005,29.10023,0.4234301,-0.7364714,-0.2806125,-0.4467365,-0.1502936,-5.312088e-05,0.00437226,-56.50001
464.8,-4154.005,8514.285,-11205.05,-8.910125,7.021713,29.08682,0.4125033,-0.7428811,-0.2735487,-0.4507104,-0.1503603,-0.0001868128,0.00436524,-56.50001
465,-4155.788,8515.688,-11199.23,-8.923765,7.005428,29.07342,0.4014741,-0.7491313,-0.2664261,-0.4545745,-0.1504271,-0.0003202038,0.00435415,-56.50001
465.2,-4157.574,8517.087,-11193.42,-8.9374,6.989151,29.06003,0.3903449,-0.7552202,-0.2592465,-0.458328,-0.1504938,-0.0004531697,0.004338998,-56.50001
465.4,-4159.363,8518.483,-11187.61,-8.951028,6.972882,29.04665,0.379118,-0.7611461,-0.2520116,-0.46197,-0.1505606,-0.0005855869,0.004319801,-56.50001
465.6,-4161.155,8519.876,-11181.8,-8.96465,6.956621,29.03329,0.3677956,-0.7669075,-0.244723,-0.4654996,-0.1506274,-0.0007173317,0.004296573,-56.50001
465.8,-4162.949,8521.266,-11176,-8.978265,6.940367,29.01994,0.3563802,-0.7725027,-0.2373825,-0.468916,-0.1506943,-0.0008482815,0.004269339,-56.50001
466,-4164.746,8522.652,-11170.19,-8.991875,6.924121,29.0066,0.3448742,-0.7779301,-0.2299919,-0.4722184,-0.1507611,-0.0009783137,0.004238121,-56.50001
466.2,-4166.545,8524.035,-11164.39,-9.005477,6.907883,28.99327,0.33328,-0.7831883,-0.2225528,-0.475406,-0.150828,-0.001107307,0.00420295,-56.50001
466.4,-4168.348,8525.415,-11158.6,-9.019073,6.891653,28.97996,0.3216,-0.7882756,-0.215067,-0.478478,-0.150895,-0.001235141,0.004163858,-56.50001
466.6,-4170.153,8526.792,-11152.8,-9.032663,6.87543,28.96665,0.3098368,-0.7931907,-0.2075364,-0.4814337,-0.1509619,-0.001361695,0.004120881,-56.50001
466.8,-4171.961,8528.166,-11147.01,-9.045964,6.85945,28.95336,0.2979928,-0.797932,-0.1999626,-0.4842725,-0.1510289,-0.001486851,0.004074058,-56.50001
467,-4173.771,8529.536,-11141.22,-9.058515,6.844094,28.94007,0.2860706,-0.8024982,-0.1923476,-0.4869935,-0.1510959,-0.001610492,0.004023435,-56.50001
467.2,-4175.584,8530.903,-11135.43,-9.070353,6.829331,28.92678,0.2740727,-0.806888,-0.1846931,-0.4895961,-0.151163,-0.001732502,0.003969058,-56.50001
467.4,-4177.4,8532.268,-11129.65,-9.081526,6.815121,28.91351,0.2620018,-0.8111,-0.1770009,-0.4920799,-0.15123,-0.001852765,0.003910977,-56.50001
467.6,-4179.217,8533.63,-11123.87,-9.092077,6.801429,28.90024,0.2498604,-0.8151329,-0.1692729,-0.494444,-0.1512971,-0.001971169,0.003849248,-56.50001
467.8,-4181.037,8534.988,-11118.09,-9.102047,6.788222,28.88698,0.2376511,-0.8189855,-0.1615109,-0.4966881,-0.1513643,-0.002087601,0.003783928,-56.50001
468,-4182.858,8536.345,-11112.31,-9.111473,6.775467,28.87373,0.2253767,-0.8226565,-0.1537168,-0.4988115,-0.1514314,-0.002201953,0.003715077,-56.50001
468.2,-4184.681,8537.698,-11106.54,-9.12039,6.763136,28.86049,0.2130397,-0.8261448,-0.1458924,-0.5008137,-0.1514986,-0.002314117,0.003642762,-56.50001
468.4,-4186.506,8539.05,-11100.77,-9.128832,6.751203,28.84727,0.200643,-0.8294492,-0.1380396,-0.5026942,-0.1515658,-0.002423986,0.003567049,-56.50001
468.6,-4188.333,8540.399,-11095,-9.136829,6.739639,28.83406,0.1881891,-0.8325687,-0.1301603,-0.5044526,-0.1516331,-0.002531456,0.003488011,-56.50001
468.8,-4190.161,8541.746,-11089.24,-9.144411,6.728423,28.82086,0.1756809,-0.8355022,-0.1222563,-0.5060886,-0.1517004,-0.002636426,0.00340572,-56.50001
469,-4191.99,8543.091,-11083.47,-9.151604,6.717531,28.80767,0.1631211,-0.8382487,-0.1143297,-0.5076016,-0.1517677,-0.002738797,0.003320256,-56.50001
469.2,-4193.821,8544.433,-11077.71,-9.158434,6.706943,28.7945,0.1505125,-0.8408071,-0.1063822,-0.5089913,-0.151835,-0.00283847,0.003231699,-56.50001
469.4,-4195.654,8545.773,-11071.96,-9.164924,6.696639,28.78134,0.1378578,-0.8431767,-0.09841577,-0.5102574,-0.1519024,-0.002935353,0.003140133,-56.50001
469.6,-4197.487,8547.111,-11066.2,-9.171096,6.6866,28.7682,0.12516,-0.8453564,-0.09043236,-0.5113996,-0.1519697,-0.003029351,0.003045643,-56.50001
469.8,-4199.322,8548.448,-11060.45,-9.176971,6.67681,28.75506,0.1124218,-0.8473455,-0.08243386,-0.5124175,-0.1520372,-0.003120377,0.00294832,-56.50001
470,-4201.158,8549.782,-11054.7,-9.18257,6.667252,28.74195,0.09964605,-0.849143,-0.07442221,-0.513311,-0.1521046,-0.003208343,0.002848256,-56.50001
470.2,-4202.995,8551.115,-11048.95,-9.187908,6.657912,28.72884,0.08683567,-0.8507483,-0.06639934,-0.5140798,-0.1521721,-0.003293166,0.002745545,-56.50001
470.4,-4204.833,8552.445,-11043.21,-9.193004,6.648775,28.71575,0.07399354,-0.8521606,-0.05836718,-0.5147237,-0.1522396,-0.003374765,0.002640286,-56.50001
470.6,-4206.672,8553.774,-11037.46,-9.197873,6.639829,28.70267,0.06112254,-0.8533792,-0.05032767,-0.5152426,-0.1523071,-0.003453061,0.002532578,-56.50001
470.8,-4208.512,8555.102,-11031.73,-9.20253,6.63106,28.68961,0.04822558,-0.8544036,-0.04228276,-0.5156364,-0.1523747,-0.00352798,0.002422524,-56.50001
471,-4210.353,8556.427,-11025.99,-9.206989,6.622458,28.67655,0.03530561,-0.8552331,-0.03423439,-0.515905,-0.1524423,-0.003599449,0.002310229,-56.50001
471.2,-4212.195,8557.751,-11020.26,-9.211264,6.614012,28.66352,0.02236555,-0.8558671,-0.02618452,-0.5160482,-0.1525099,-0.003667402,0.0021958,-56.50001
471.4,-4214.038,8559.072,-11014.52,-9.215364,6.605712,28.65049,0.009408371,-0.8563051,-0.01813509,-0.5160661,-0.1525776,-0.003731771,0.002079346,-56.50001
471.6,-4215.881,8560.393,-11008.79,-9.219303,6.597549,28.63748,-0.003562969,-0.8565467,-0.01008806,-0.5159585,-0.1526453,-0.003792496,0.001960978,-56.50001
471.8,-4217.726,8561.712,-11003.07,-9.22309,6.589513,28.62448,-0.01654549,-0.8565915,-0.002045381,-0.5157257,-0.152713,-0.003849519,0.00184081,-56.50001
472,-4219.57,8563.028,-10997.35,-9.226736,6.581597,28.61149,-0.0295362,-0.8564391,0.005990993,-0.5153677,-0.1527807,-0.003902783,0.001718957,-56.50001
472.2,-4221.416,8564.344,-10991.62,-9.23025,6.573792,28.59851,-0.04253211,-0.8560891,0.01401911,-0.5148844,-0.1528485,-0.003952238,0.001595535,-56.50001
472.4,-4223.263,8565.658,-10985.91,-9.233641,6.566093,28.58555,-0.0555302,-0.8555413,0.02203701,-0.514276,-0.1529163,-0.003997836,0.001470663,-56.50001
472.6,-4225.109,8566.971,-10980.19,-9.236916,6.558492,28.5726,-0.06852746,-0.8547955,0.03004274,-0.5135427,-0.1529841,-0.004039533,0.00134446,-56.50001
472.8,-4226.957,8568.281,-10974.48,-9.240083,6.550982,28.55967,-0.08152086,-0.8538514,0.03803435,-0.5126847,-0.153052,-0.004077289,0.001217049,-56.50001
473,-4228.806,8569.591,-10968.77,-9.24315,6.543558,28.54674,-0.09450737,-0.8527089,0.04600988,-0.5117021,-0.1531199,-0.004111066,0.001088551,-56.50001
473.2,-4230.654,8570.899,-10963.06,-9.246121,6.536215,28.53383,-0.107484,-0.8513678,0.0539674,-0.5105953,-0.1531878,-0.004140833,0.00095909,-56.50001
473.4,-4232.504,8572.205,-10957.35,-9.249005,6.528947,28.52093,-0.1204476,-0.8498283,0.06190495,-0.5093643,-0.1532558,-0.00416656,0.0008287914,-56.50001
473.6,-4234.354,8573.511,-10951.65,-9.251806,6.52175,28.50804,-0.1333951,-0.8480902,0.06982059,-0.5080097,-0.1533237,-0.004188222,0.0006977806,-56.50001
473.8,-4236.205,8574.814,-10945.95,-9.254531,6.514619,28.49517,-0.1463236,-0.8461536,0.07771239,-0.5065317,-0.1533918,-0.004205797,0.0005661842,-56.50001
474,-4238.056,8576.116,-10940.25,-9.257183,6.50755,28.48231,-0.15923,-0.8440185,0.0855784,-0.5049306,-0.1534598,-0.004219269,0.0004341293,-56.50001
474.2,-4239.908,8577.417,-10934.56,-9.259768,6.500539,28.46946,-0.1721111,-0.8416852,0.09341671,-0.5032068,-0.1535279,-0.004228625,0.0003017437,-56.50001
474.4,-4241.76,8578.717,-10928.86,-9.262291,6.493583,28.45662,-0.184964,-0.8391538,0.1012254,-0.5013608,-0.153596,-0.004233853,0.0001691557,-56.50001
474.6,-4243.612,8580.015,-10923.17,-9.264754,6.486677,28.44379,-0.1977856,-0.8364245,0.1090025,-0.4993931,-0.1536641,-0.004234951,3.649371e-05,-56.50001
474.8,-4245.466,8581.312,-10917.49,-9.267162,6.47982,28.43097,-0.2105727,-0.8334975,0.1167461,-0.4973041,-0.1537323,-0.004231915,-9.611349e-05,-56.50001
475,-4247.319,8582.606,-10911.8,-9.26952,6.473007,28.41817,-0.2233224,-0.8303733,0.1244544,-0.4950942,-0.1538005,-0.00422475,-0.0002285371,-56.50001
475.2,-4249.173,8583.9,-10906.12,-9.271829,6.466237,28.40538,-0.2360315,-0.8270523,0.1321254,-0.4927642,-0.1538687,-0.00421346,-0.0003606484,-56.50001
475.4,-4251.028,8585.193,-10900.44,-9.274093,6.459506,28.3926,-0.2486971,-0.8235347,0.1397572,-0.4903145,-0.153937,-0.004198058,-0.0004923187,-56.50001
475.6,-4252.883,8586.484,-10894.76,-9.276315,6.452812,28.37984,-0.2613159,-0.8198211,0.147348,-0.4877457,-0.1540052,-0.004178558,-0.0006234199,-56.50001
475.8,-4254.739,8587.774,-10889.09,-9.278498,6.446153,28.36708,-0.2738851,-0.8159121,0.1548958,-0.4850585,-0.1540736,-0.004154978,-0.0007538241,-56.50001
476,-4256.595,8589.062,-10883.42,-9.280644,6.439526,28.35434,-0.2864014,-0.8118081,0.1623989,-0.4822535,-0.1541419,-0.004127341,-0.000883404,-56.50001
476.2,-4258.451,8590.35,-10877.75,-9.282756,6.432931,28.3416,-0.2988619,-0.8075098,0.1698553,-0.4793315,-0.1542103,-0.004095674,-0.001012033,-56.50001
476.4,-4260.308,8591.636,-10872.08,-9.284836,6.426364,28.32888,-0.3112635,-0.8030178,0.1772632,-0.4762931,-0.1542787,-0.004060009,-0.001139586,-56.50001
476.6,-4262.165,8592.921,-10866.41,-9.286886,6.419825,28.31617,-0.3236032,-0.7983329,0.1846208,-0.4731392,-0.1543471,-0.004020378,-0.001265937,-56.50001
476.8,-4264.022,8594.204,-10860.75,-9.288907,6.413311,28.30348,-0.335878,-0.7934558,0.1919262,-0.4698704,-0.1544156,-0.003976821,-0.001390963,-56.50001
477,-4265.88,8595.486,-10855.09,-9.290903,6.406821,28.29079,-0.3480847,-0.7883874,0.1991776,-0.4664876,-0.1544841,-0.00392938,-0.00151454,-56.50001
477.2,-4267.739,8596.767,-10849.44,-9.292873,6.400353,28.27812,-0.3602204,-0.7831283,0.2063733,-0.4629917,-0.1545526,-0.003878101,-0.001636549,-56.50001
477.4,-4269.598,8598.046,-10843.78,-9.294822,6.393908,28.26546,-0.3722821,-0.7776797,0.2135114,-0.4593835,-0.1546212,-0.003823035,-0.001756869,-56.50001
477.6,-4271.457,8599.324,-10838.13,-9.296748,6.387482,28.2528,-0.3842667,-0.7720424,0.2205902,-0.4556639,-0.1546898,-0.003764236,-0.001875381,-56.50001
477.8,-4273.316,8600.601,-10832.48,-9.298655,6.381075,28.24016,-0.3961713,-0.7662174,0.2276079,-0.4518339,-0.1547584,-0.00370176,-0.00199197,-56.50001
478,-4275.176,8601.877,-10826.83,-9.300542,6.374686,28.22754,-0.4079929,-0.7602057,0.2345627,-0.4478943,-0.1548271,-0.003635669,-0.002106519,-56.50001
478.2,-4277.037,8603.151,-10821.19,-9.302412,6.368314,28.21492,-0.4197285,-0.7540086,0.2414529,-0.4438462,-0.1548958,-0.003566029,-0.002218917,-56.50001
478.4,-4278.897,8604.424,-10815.55,-9.304265,6.361958,28.20231,-0.4313753,-0.747627,0.2482768,-0.4396906,-0.1549645,-0.003492906,-0.002329051,-56.50001
478.6,-4280.758,8605.695,-10809.91,-9.306121,6.355707,28.18972,-0.4429301,-0.7410622,0.2550327,-0.4354285,-0.1550332,-0.003416375,-0.002436814,-56.50001
478.8,-4282.62,8606.966,-10804.27,-9.308015,6.349731,28.17714,-0.4543901,-0.7343155,0.2617189,-0.431061,-0.155102,-0.003336508,-0.002542099,-56.50001
479,-4284.481,8608.235,-10798.64,-9.309944,6.344018,28.16456,-0.4657524,-0.727388,0.2683338,-0.4265892,-0.1551708,-0.003253386,-0.002644801,-56.50001
479.2,-4286.344,8609.504,-10793.01,-9.311908,6.338549,28.152,-0.4770141,-0.7202812,0.2748755,-0.4220142,-0.1552397,-0.003167091,-0.002744818,-56.50001
479.4,-4288.206,8610.771,-10787.38,-9.313903,6.333308,28.13945,-0.4881722,-0.7129964,0.2813426,-0.4173372,-0.1553086,-0.003077707,-0.002842052,-56.50001
479.6,-4290.069,8612.037,-10781.75,-9.315927,6.32828,28.12691,-0.499224,-0.7055351,0.2877334,-0.4125593,-0.1553775,-0.002985323,-0.002936406,-56.50001
479.8,-4291.933,8613.303,-10776.13,-9.317978,6.323451,28.11438,-0.5101666,-0.6978986,0.2940463,-0.4076817,-0.1554464,-0.002890031,-0.003027785,-56.50001
480,-4293.796,8614.566,-10770.5,-9.320054,6.318808,28.10187,-0.5209972,-0.6900885,0.3002797,-0.4027057,-0.1555154,-0.002791925,-0.0031161,-56.50001
480.2,-4295.661,8615.83,-10764.89,-9.322154,6.314339,28.08936,-0.5317129,-0.6821065,0.306432,-0.3976325,-0.1555844,-0.002691102,-0.003201262,-56.50001
480.4,-4297.525,8617.093,-10759.27,-9.324276,6.310031,28.07687,-0.542311,-0.6739541,0.3125017,-0.3924634,-0.1556534,-0.002587662,-0.003283185,-56.50001
480.6,-4299.39,8618.354,-10753.65,-9.326418,6.305875,28.06438,-0.5527886,-0.6656328,0.3184873,-0.3871996,-0.1557225,-0.002481709,-0.00336179,-56.50001
480.8,-4301.256,8619.614,-10748.04,-9.328579,6.301859,28.05191,-0.5631431,-0.6571446,0.3243872,-0.3818426,-0.1557916,-0.002373347,-0.003436995,-56.50001
481,-4303.122,8620.875,-10742.43,-9.330758,6.297976,28.03945,-0.5733717,-0.6484911,0.3301999,-0.3763937,-0.1558607,-0.002262684,-0.003508728,-56.50001
481.2,-4304.988,8622.134,-10736.83,-9.332952,6.294215,28.027,-0.5834718,-0.6396741,0.3359241,-0.3708542,-0.1559299,-0.002149832,-0.003576915,-56.50001
481.4,-4306.855,8623.393,-10731.22,-9.335163,6.290569,28.01456,-0.5934405,-0.6306953,0.3415582,-0.3652256,-0.1559991,-0.002034902,-0.003641488,-56.50001
481.6,-4308.722,8624.65,-10725.62,-9.337387,6.287031,28.00214,-0.6032754,-0.6215568,0.3471008,-0.3595093,-0.1560683,-0.001918009,-0.003702382,-56.50001
481.8,-4310.59,8625.907,-10720.02,-9.339624,6.283593,27.98972,-0.6129738,-0.6122605,0.3525505,-0.3537067,-0.1561376,-0.00179927,-0.003759537,-56.50001
482,-4312.458,8627.163,-10714.43,-9.341873,6.280247,27.97732,-0.622533,-0.6028082,0.3579059,-0.3478193,-0.1562068,-0.001678804,-0.003812895,-56.50001
482.2,-4314.327,8628.419,-10708.83,-9.344134,6.276989,27.96492,-0.6319506,-0.5932021,0.3631657,-0.3418486,-0.1562762,-0.001556732,-0.003862401,-56.50001
482.4,-4316.196,8629.675,-10703.24,-9.346405,6.273813,27.95254,-0.6412238,-0.5834441,0.3683285,-0.3357961,-0.1563455,-0.001433176,-0.003908007,-56.50001
482.6,-4318.065,8630.929,-10697.65,-9.348685,6.270713,27.94017,-0.6503504,-0.5735365,0.3733931,-0.3296634,-0.1564149,-0.00130826,-0.003949665,-56.50001
482.8,-4319.935,8632.183,-10692.06,-9.350975,6.267684,27.92781,-0.6593277,-0.5634812,0.3783581,-0.323452,-0.1564843,-0.00118211,-0.003987335,-56.50001
483,-4321.806,8633.436,-10686.48,-9.353272,6.264721,27.91546,-0.6681533,-0.5532805,0.3832222,-0.3171635,-0.1565538,-0.001054852,-0.004020976,-56.50001
483.2,-4323.676,8634.688,-10680.9,-9.355578,6.26182,27.90313,-0.6768247,-0.5429366,0.3879843,-0.3107995,-0.1566233,-0.0009266146,-0.004050557,-56.50001
483.4,-4325.548,8635.94,-10675.32,-9.35789,6.258976,27.8908,-0.6853396,-0.5324519,0.3926431,-0.3043616,-0.1566928,-0.000797527,-0.004076045,-56.50001
483.6,-4327.419,8637.192,-10669.74,-9.360209,6.256187,27.87848,-0.6936957,-0.5218285,0.3971974,-0.2978515,-0.1567623,-0.0006677193,-0.004097416,-56.50001
483.8,-4329.292,8638.443,-10664.17,-9.362534,6.253448,27.86618,-0.7018905,-0.5110688,0.4016461,-0.2912709,-0.1568319,-0.0005373227,-0.004114647,-56.50001
484,-4331.165,8639.693,-10658.59,-9.364864,6.250756,27.85388,-0.7099218,-0.5001754,0.405988,-0.2846214,-0.1569015,-0.0004064689,-0.004127721,-56.50001
484.2,-4333.038,8640.943,-10653.03,-9.367199,6.248109,27.8416,-0.7177874,-0.4891504,0.4102221,-0.2779047,-0.1569712,-0.0002752902,-0.004136624,-56.50001
484.4,-4334.912,8642.192,-10647.46,-9.369539,6.245502,27.82933,-0.725485,-0.4779965,0.4143471,-0.2711226,-0.1570408,-0.0001439194,-0.004141347,-56.50001
484.6,-4336.786,8643.441,-10641.89,-9.371883,6.242934,27.81707,-0.7330123,-0.4667161,0.4183621,-0.2642767,-0.1571105,-1.248982e-05,-0.004141886,-56.50001
484.8,-4338.66,8644.689,-10636.33,-9.374231,6.240401,27.80482,-0.7403673,-0.4553117,0.4222661,-0.257369,-0.1571803,0.0001188654,-0.004138238,-56.50001
485,-4340.535,8645.938,-10630.77,-9.376583,6.237903,27.79258,-0.7475479,-0.4437861,0.426058,-0.250401,-0.1572501,0.0002500128,-0.004130408,-56.50001
485.2,-4342.411,8647.186,-10625.21,-9.378938,6.235435,27.78035,-0.7545518,-0.4321417,0.4297369,-0.2433747,-0.1573199,0.0003808191,-0.004118402,-56.50001
485.4,-4344.287,8648.432,-10619.66,-9.381296,6.232996,27.76814,-0.7613773,-0.4203812,0.4333018,-0.2362918,-0.1573897,0.0005111512,-0.004102235,-56.50001
485.6,-4346.164,8649.679,-10614.11,-9.383657,6.230586,27.75593,-0.7680221,-0.4085073,0.4367519,-0.2291542,-0.1574596,0.0006408765,-0.00408192,-56.50001
485.8,-4348.041,8650.924,-10608.56,-9.38602,6.2282,27.74373,-0.7744843,-0.3965228,0.4400861,-0.2219636,-0.1575295,0.0007698626,-0.004057479,-56.50001
486,-4349.918,8652.17,-10603.01,-9.388385,6.225839,27.73155,-0.7807621,-0.3844304,0.4433037,-0.214722,-0.1575994,0.000897978,-0.004028936,-56.50001
486.2,-4351.796,8653.414,-10597.46,-9.390887,6.223432,27.71938,-0.7868536,-0.3722329,0.4464039,-0.2074313,-0.1576694,0.001025092,-0.003996321,-56.50001
486.4,-4353.674,8654.659,-10591.92,-9.393942,6.22077,27.70721,-0.7927568,-0.3599331,0.4493857,-0.2000932,-0.1577394,0.001151074,-0.003959666,-56.50001
486.6,-4355.553,8655.902,-10586.38,-9.397542,6.217857,27.69506,-0.79847,-0.3475339,0.4522486,-0.1927098,-0.1578094,0.001275796,-0.003919008,-56.50001
486.8,-4357.433,8657.146,-10580.84,-9.401649,6.21471,27.68293,-0.8039915,-0.3350381,0.4549916,-0.1852829,-0.1578795,0.00139913,-0.003874389,-56.50001
487,-4359.314,8658.389,-10575.31,-9.406228,6.211343,27.6708,-0.8093195,-0.3224488,0.4576142,-0.1778144,-0.1579496,0.001520949,-0.003825854,-56.50001
487.2,-4361.196,8659.631,-10569.78,-9.411248,6.207773,27.65869,-0.8144524,-0.3097689,0.4601156,-0.1703064,-0.1580197,0.001641129,-0.003773453,-56.50001
487.4,-4363.079,8660.872,-10564.25,-9.416679,6.204013,27.64658,-0.8193884,-0.2970012,0.4624953,-0.1627606,-0.1580898,0.001759546,-0.003717239,-56.50001
487.6,-4364.962,8662.112,-10558.72,-9.422491,6.200077,27.63449,-0.8241261,-0.284149,0.4647525,-0.1551792,-0.15816,0.001876077,-0.00365727,-56.50001
487.8,-4366.848,8663.352,-10553.19,-9.428659,6.195976,27.62241,-0.828664,-0.2712152,0.4668866,-0.1475641,-0.1582303,0.001990605,-0.003593608,-56.50001
488,-4368.734,8664.591,-10547.67,-9.435159,6.191722,27.61034,-0.8330005,-0.2582029,0.4688973,-0.1399172,-0.1583005,0.002103009,-0.003526316,-56.50001
488.2,-4370.622,8665.828,-10542.15,-9.441967,6.187326,27.59828,-0.8371341,-0.2451152,0.4707838,-0.1322405,-0.1583708,0.002213175,-0.003455466,-56.50001
488.4,-4372.511,8667.065,-10536.63,-9.449062,6.182797,27.58623,-0.8410636,-0.2319553,0.4725458,-0.1245361,-0.1584411,0.002320988,-0.003381128,-56.50001
488.6,-4374.401,8668.302,-10531.11,-9.456425,6.178145,27.57419,-0.8447875,-0.2187262,0.4741827,-0.116806,-0.1585115,0.002426338,-0.00330338,-56.50001
488.8,-4376.293,8669.537,-10525.6,-9.464035,6.173379,27.56216,-0.8483046,-0.2054312,0.4756942,-0.1090521,-0.1585819,0.002529115,-0.003222303,-56.50001
489,-4378.187,8670.771,-10520.09,-9.471878,6.168505,27.55015,-0.8516136,-0.1920735,0.4770798,-0.1012765,-0.1586523,0.002629213,-0.003137978,-56.50001
489.2,-4380.082,8672.004,-10514.58,-9.479937,6.163533,27.53814,-0.8547132,-0.1786564,0.4783393,-0.09348135,-0.1587227,0.002726529,-0.003050494,-56.50001
489.4,-4381.979,8673.236,-10509.07,-9.488195,6.158467,27.52615,-0.8576024,-0.165183,0.4794722,-0.08566853,-0.1587932,0.00282096,-0.002959941,-56.50001
489.6,-4383.877,8674.468,-10503.57,-9.49664,6.153316,27.51416,-0.8602801,-0.1516567,0.4804783,-0.07784015,-0.1588637,0.00291241,-0.002866412,-56.50001
489.8,-4385.777,8675.697,-10498.07,-9.50526,6.148086,27.50219,-0.8627451,-0.1380808,0.4813572,-0.06999826,-0.1589343,0.003000782,-0.002770005,-56.50001
490,-4387.68,8676.927,-10492.57,-9.514039,6.142781,27.49022,-0.8649966,-0.1244585,0.4821089,-0.06214491,-0.1590049,0.003085986,-0.002670818,-56.50001
490.2,-4389.583,8678.154,-10487.07,-9.522969,6.137407,27.47827,-0.8670335,-0.1107933,0.4827331,-0.05428218,-0.1590755,0.003167932,-0.002568956,-56.50001
490.4,-4391.489,8679.382,-10481.58,-9.532039,6.131969,27.46633,-0.8688549,-0.09708852,0.4832296,-0.04641212,-0.1591461,0.003246536,-0.002464523,-56.50001
490.6,-4393.396,8680.607,-10476.08,-9.541238,6.126472,27.45439,-0.8704601,-0.08334752,0.4835983,-0.03853682,-0.1592168,0.003321714,-0.002357629,-56.50001
490.8,-4395.305,8681.832,-10470.59,-9.550558,6.12092,27.44247,-0.8718482,-0.06957372,0.4838392,-0.03065835,-0.1592875,0.003393388,-0.002248385,-56.50001
491,-4397.216,8683.056,-10465.11,-9.559989,6.115316,27.43056,-0.8730184,-0.05577053,0.483952,-0.02277878,-0.1593582,0.003461484,-0.002136904,-56.50001
491.2,-4399.129,8684.278,-10459.62,-9.569525,6.109664,27.41865,-0.8739702,-0.04194139,0.4839369,-0.01490019,-0.159429,0.00352593,-0.002023302,-56.50001
491.4,-4401.044,8685.5,-10454.14,-9.579157,6.10397,27.40676,-0.8747029,-0.02808977,0.4837939,-0.007024673,-0.1594998,0.003586659,-0.001907698,-56.50001
491.6,-4402.961,8686.72,-10448.66,-9.588879,6.098233,27.39488,-0.8752158,-0.01421911,0.4835229,0.0008457006,-0.1595706,0.003643606,-0.001790214,-56.50001
491.8,-4404.879,8687.939,-10443.18,-9.598683,6.092459,27.38301,-0.8755085,-0.0003329199,0.483124,0.008708845,-0.1596415,0.003696712,-0.001670971,-56.50001
492,-4406.8,8689.157,-10437.71,-9.608564,6.08665,27.37114,-0.8755806,0.01356532,0.4825974,0.01656268,-0.1597124,0.003745921,-0.001550094,-56.50001
492.2,-4408.723,8690.374,-10432.23,-9.618518,6.080808,27.35929,-0.8754315,0.0274721,0.4819432,0.02440512,-0.1597833,0.003791181,-0.001427711,-56.50001
492.4,-4410.648,8691.589,-10426.76,-9.628538,6.074936,27.34745,-0.875061,0.0413839,0.4811617,0.03223409,-0.1598543,0.003832445,-0.001303949,-56.50001
492.6,-4412.574,8692.804,-10421.29,-9.638619,6.069037,27.33562,-0.8744687,0.05529718,0.4802528,0.0400475,-0.1599253,0.003869668,-0.001178938,-56.50001
492.8,-4414.503,8694.017,-10415.83,-9.648758,6.063112,27.3238,-0.8736545,0.06920841,0.4792171,0.04784329,-0.1599963,0.003902812,-0.00105281,-56.50001
493,-4416.434,8695.229,-10410.36,-9.658949,6.057163,27.31198,-0.8726181,0.08311404,0.4780546,0.05561938,-0.1600673,0.003931841,-0.0009256977,-56.50001
493.2,-4418.367,8696.439,-10404.9,-9.669188,6.051192,27.30018,-0.8713593,0.09701052,0.4767658,0.06337371,-0.1601384,0.003956724,-0.0007977341,-56.50001
493.4,-4420.302,8697.649,-10399.44,-9.679474,6.0452,27.28839,-0.8698782,0.1108943,0.4753509,0.07110419,-0.1602096,0.003977436,-0.0006690545,-56.50001
493.6,-4422.239,8698.857,-10393.99,-9.6898,6.03919,27.27661,-0.8681747,0.1247617,0.4738105,0.07880878,-0.1602807,0.003993953,-0.0005397946,-56.50001
493.8,-4424.178,8700.065,-10388.53,-9.700166,6.033163,27.26484,-0.8662488,0.1386093,0.4721448,0.08648543,-0.1603519,0.004006258,-0.0004100907,-56.50001
494,-4426.119,8701.271,-10383.08,-9.710567,6.02712,27.25307,-0.8641007,0.1524334,0.4703543,0.09413207,-0.1604231,0.004014337,-0.00028008,-56.50001
494.2,-4428.062,8702.476,-10377.63,-9.721,6.021063,27.24132,-0.8617305,0.1662305,0.4684395,0.1017467,-0.1604943,0.004018183,-0.0001499,-56.50001
494.4,-4430.007,8703.68,-10372.19,-9.731464,6.014992,27.22962,-0.8591384,0.179997,0.466401,0.1093272,-0.1605656,0.00401779,-1.968849e-05,-56.48171
494.6,-4431.955,8704.882,-10366.74,-9.741954,6.00891,27.21819,-0.8563247,0.1937293,0.4642392,0.1168716,-0.1606369,0.004013159,0.0001104166,-56.44631
494.8,-4433.904,8706.083,-10361.3,-9.752469,6.002818,27.20703,-0.8532897,0.2074237,0.4619548,0.1243779,-0.1607083,0.004004295,0.0002402771,-56.41094
495,-4435.855,8707.283,-10355.86,-9.763006,5.996716,27.1961,-0.8500338,0.2210768,0.4595484,0.131844,-0.1607796,0.003991205,0.0003697553,-56.37557
495.2,-4437.809,8708.481,-10350.42,-9.773563,5.990604,27.18538,-0.8465575,0.2346849,0.4570206,0.1392681,-0.160851,0.003973905,0.0004987136,-56.34023
495.4,-4439.765,8709.68,-10344.98,-9.784141,5.984486,27.17484,-0.8428612,0.2482444,0.4543721,0.1466479,-0.1609225,0.003952412,0.0006270147,-56.30489
495.6,-4441.723,8710.876,-10339.55,-9.794734,5.97836,27.16444,-0.8389456,0.2617518,0.4516037,0.1539817,-0.1609939,0.003926748,0.000754522,-56.26957
495.8,-4443.683,8712.07,-10334.12,-9.805345,5.972227,27.15419,-0.8348113,0.2752035,0.448716,0.1612673,-0.1610654,0.003896942,0.0008810996,-56.23426
496,-4445.645,8713.265,-10328.69,-9.815969,5.966088,27.14405,-0.8304589,0.2885959,0.4457099,0.1685029,-0.161137,0.003863024,0.001006613,-56.19897
496.2,-4447.609,8714.457,-10323.26,-9.826609,5.959943,27.13402,-0.8258891,0.3019254,0.4425861,0.1756865,-0.1612085,0.00382503,0.001130927,-56.16369
496.4,-4449.576,8715.648,-10317.83,-9.837259,5.953794,27.12407,-0.8211029,0.3151884,0.4393456,0.1828162,-0.1612801,0.003783001,0.001253909,-56.12842
496.6,-4451.544,8716.839,-10312.41,-9.847921,5.94764,27.11421,-0.816101,0.3283815,0.4359892,0.18989,-0.1613517,0.003736981,0.001375429,-56.09318
496.8,-4453.515,8718.027,-10306.99,-9.858593,5.941482,27.10441,-0.8108843,0.3415011,0.4325178,0.196906,-0.1614234,0.003687019,0.001495355,-56.05793
497,-4455.487,8719.215,-10301.57,-9.869275,5.93532,27.09468,-0.8054538,0.3545437,0.4289324,0.2038624,-0.1614951,0.003633169,0.001613559,-56.0227
497.2,-4457.462,8720.401,-10296.15,-9.879965,5.929155,27.085,-0.7998107,0.3675056,0.4252339,0.2107572,-0.1615668,0.003575487,0.001729914,-55.98748
497.4,-4459.439,8721.587,-10290.73,-9.890663,5.922987,27.07537,-0.7939559,0.3803835,0.4214234,0.2175885,-0.1616385,0.003514036,0.001844296,-55.95228
497.6,-4461.418,8722.771,-10285.32,-9.901367,5.916817,27.06578,-0.7878906,0.3931738,0.4175018,0.2243547,-0.1617103,0.003448882,0.001956581,-55.91709
497.8,-4463.4,8723.953,-10279.91,-9.912078,5.910645,27.05624,-0.781616,0.4058729,0.4134703,0.2310537,-0.1617821,0.003380093,0.002066648,-55.8819
498,-4465.383,8725.135,-10274.5,-9.922794,5.90447,27.04672,-0.7751335,0.4184776,0.40933,0.2376838,-0.1618539,0.003307745,0.002174379,-55.84673
498.2,-4467.369,8726.315,-10269.09,-9.933515,5.898295,27.03724,-0.7684442,0.4309842,0.4050819,0.2442432,-0.1619258,0.003231914,0.002279658,-55.81159
498.4,-4469.357,8727.494,-10263.68,-9.944241,5.892118,27.02778,-0.7615497,0.4433894,0.4007273,0.2507301,-0.1619977,0.003152681,0.002382371,-55.77643
498.6,-4471.347,8728.672,-10258.28,-9.954969,5.885939,27.01835,-0.7544512,0.4556898,0.3962673,0.2571427,-0.1620696,0.003070134,0.002482407,-55.74131
498.8,-4473.339,8729.849,-10252.88,-9.965702,5.87976,27.00894,-0.7471504,0.4678819,0.3917032,0.2634793,-0.1621416,0.002984359,0.002579658,-55.7062
499,-4475.333,8731.024,-10247.48,-9.976437,5.87358,26.99955,-0.7396489,0.4799623,0.3870362,0.2697382,-0.1622136,0.00289545,0.002674019,-55.67109
499.2,-4477.33,8732.198,-10242.08,-9.987175,5.8674,26.99018,-0.7319481,0.4919278,0.3822676,0.2759176,-0.1622856,0.002803502,0.002765387,-55.63599
499.4,-4479.328,8733.371,-10236.68,-9.997914,5.861219,26.98083,-0.7240498,0.5037749,0.3773987,0.2820159,-0.1623577,0.002708616,0.002853663,-55.60091
499.6,-4481.329,8734.543,-10231.28,-10.00866,5.855039,26.97149,-0.7159557,0.5155003,0.3724308,0.2880315,-0.1624297,0.002610892,0.002938751,-55.56585
499.8,-4483.332,8735.713,-10225.89,-10.0194,5.848858,26.96217,-0.7076676,0.5271008,0.3673653,0.2939625,-0.1625019,0.002510438,0.00302056,-55.53078
500,-4485.336,8736.882,-10220.5,-10.03014,5.842678,26.95286,-0.6991874,0.538573,0.3622037,0.2998076,-0.162574,0.002407363,0.003098999,-55.49575
500.2,-4487.343,8738.05,-10215.11,-10.04088,5.836497,26.94357,-0.6905169,0.5499138,0.3569472,0.3055649,-0.1626462,0.002301777,0.003173984,-55.46071
500.4,-4489.353,8739.217,-10209.72,-10.05163,5.830318,26.93428,-0.6816581,0.5611199,0.3515974,0.3112331,-0.1627184,0.002193796,0.003245432,-55.4257
500.6,-4491.364,8740.382,-10204.34,-10.06237,5.824139,26.92501,-0.672613,0.572188,0.3461557,0.3168105,-0.1627906,0.002083537,0.003313266,-55.39068
500.8,-4493.377,8741.547,-10198.95,-10.07312,5.81796,26.91575,-0.6633836,0.5831152,0.3406237,0.3222955,-0.1628629,0.00197112,0.003377411,-55.35569
501,-4495.394,8742.709,-10193.57,-10.08386,5.811783,26.90651,-0.6539721,0.5938982,0.3350028,0.3276867,-0.1629352,0.001856667,0.003437797,-55.3207
501.2,-4497.411,8743.871,-10188.19,-10.0946,5.805606,26.89727,-0.6443806,0.6045339,0.3292947,0.3329826,-0.1630076,0.001740303,0.003494359,-55.28573
501.4,-4499.431,8745.031,-10182.81,-10.10535,5.79943,26.88804,-0.6346115,0.6150191,0.3235008,0.3381818,-0.1630799,0.001622155,0.003547033,-55.25077
501.6,-4501.453,8746.191,-10177.43,-10.11609,5.793256,26.87882,-0.6246668,0.6253511,0.3176229,0.3432828,-0.1631523,0.001502352,0.003595763,-55.21583
501.8,-4503.478,8747.349,-10172.06,-10.12683,5.787082,26.86962,-0.614549,0.6355266,0.3116625,0.3482842,-0.1632247,0.001381026,0.003640495,-55.18088
502,-4505.504,8748.506,-10166.69,-10.13757,5.78091,26.86042,-0.6042606,0.6455427,0.3056213,0.3531846,-0.1632972,0.001258308,0.003681178,-55.14596
502.2,-4507.533,8749.661,-10161.31,-10.14831,5.774739,26.85123,-0.5938038,0.6553966,0.2995009,0.3579828,-0.1633697,0.001134334,0.003717769,-55.11104
502.4,-4509.563,8750.815,-10155.95,-10.15904,5.768569,26.84204,-0.5831811,0.6650851,0.2933031,0.3626772,-0.1634422,0.001009238,0.003750227,-55.07615
502.6,-4511.596,8751.969,-10150.58,-10.16978,5.762401,26.83287,-0.5723953,0.6746057,0.2870296,0.3672668,-0.1635148,0.0008831593,0.003778517,-55.04125
502.8,-4513.631,8753.121,-10145.21,-10.18051,5.756234,26.82371,-0.5614486,0.6839553,0.2806821,0.3717501,-0.1635873,0.0007562353,0.003802605,-55.00638
503,-4515.668,8754.271,-10139.85,-10.19124,5.750069,26.81455,-0.550344,0.6931311,0.2742623,0.376126,-0.1636599,0.0006286059,0.003822467,-54.97152
503.2,-4517.708,8755.421,-10134.49,-10.20197,5.743905,26.80541,-0.539084,0.7021306,0.2677722,0.3803933,-0.1637326,0.0005004114,0.00383808,-54.93667
503.4,-4519.749,8756.569,-10129.13,-10.2127,5.737742,26.79627,-0.5276714,0.7109509,0.2612135,0.3845507,-0.1638053,0.0003717932,0.003849426,-54.90182
503.6,-4521.793,8757.716,-10123.77,-10.22342,5.731582,26.78714,-0.5161089,0.7195893,0.2545879,0.3885972,-0.163878,0.000242893,0.003856492,-54.867
503.8,-4523.838,8758.861,-10118.41,-10.23414,5.725423,26.77801,-0.5043995,0.7280433,0.2478975,0.3925315,-0.1639507,0.0001138531,0.00385927,-54.83217
504,-4525.887,8760.006,-10113.06,-10.24486,5.719265,26.7689,-0.4925459,0.7363102,0.241144,0.3963526,-0.1640235,-1.518388e-05,0.003857758,-54.79737
504.2,-4527.937,8761.149,-10107.7,-10.25558,5.71311,26.75979,-0.4805511,0.7443875,0.2343293,0.4000596,-0.1640963,-0.0001440753,0.003851955,-54.76258
504.4,-4529.989,8762.291,-10102.35,-10.26629,5.706956,26.75069,-0.4684181,0.7522727,0.2274554,0.4036511,-0.1641691,-0.0002726784,0.00384187,-54.72779
504.6,-4532.043,8763.432,-10097,-10.27701,5.700804,26.7416,-0.4561499,0.7599635,0.2205241,0.4071265,-0.164242,-0.0004008508,0.003827511,-54.69303
504.8,-4534.1,8764.571,-10091.66,-10.28771,5.694654,26.73252,-0.4437495,0.7674572,0.2135374,0.4104846,-0.1643149,-0.0005284504,0.003808895,-54.65827
505,-4536.158,8765.71,-10086.31,-10.29842,5.688505,26.72345,-0.4312201,0.7747517,0.2064972,0.4137245,-0.1643878,-0.0006553353,0.003786043,-54.62353
505.2,-4538.219,8766.847,-10080.97,-10.30913,5.682359,26.71438,-0.4185649,0.7818445,0.1994057,0.4168454,-0.1644607,-0.0007813647,0.003758979,-54.58878
505.4,-4540.282,8767.982,-10075.62,-10.31983,5.676214,26.70532,-0.4057869,0.7887334,0.1922646,0.4198463,-0.1645337,-0.0009063983,0.003727733,-54.55407
505.6,-4542.347,8769.117,-10070.28,-10.33053,5.670071,26.69627,-0.3928894,0.7954164,0.1850761,0.4227264,-0.1646067,-0.001030297,0.00369234,-54.51935
505.8,-4544.414,8770.251,-10064.95,-10.34122,5.66393,26.68722,-0.3798758,0.801891,0.1778421,0.4254849,-0.1646798,-0.001152923,0.003652838,-54.48466
506,-4546.483,8771.383,-10059.61,-10.35192,5.657791,26.67819,-0.3667493,0.8081552,0.1705648,0.4281211,-0.1647529,-0.001274139,0.003609272,-54.44996
506.2,-4548.555,8772.514,-10054.28,-10.36261,5.651654,26.66916,-0.3535134,0.8142071,0.1632461,0.4306342,-0.164826,-0.00139381,0.00356169,-54.41529
506.4,-4550.628,8773.644,-10048.94,-10.37329,5.645519,26.66014,-0.3401712,0.8200446,0.1558881,0.4330235,-0.1648991,-0.001511801,0.003510144,-54.38062
506.6,-4552.704,8774.772,-10043.61,-10.38398,5.639385,26.65112,-0.3267264,0.8256656,0.1484929,0.4352884,-0.1649723,-0.001627982,0.003454692,-54.34597
506.8,-4554.782,8775.899,-10038.28,-10.39466,5.633254,26.64212,-0.3131824,0.8310684,0.1410626,0.4374282,-0.1650455,-0.001742223,0.003395396,-54.31133
507,-4556.862,8777.025,-10032.95,-10.40534,5.627125,26.63312,-0.2995427,0.8362511,0.1335992,0.4394423,-0.1651187,-0.001854394,0.003332322,-54.27671
507.2,-4558.944,8778.15,-10027.63,-10.41601,5.620997,26.62413,-0.2858108,0.8412119,0.126105,0.4413302,-0.165192,-0.00196437,0.00326554,-54.24209
507.4,-4561.028,8779.273,-10022.3,-10.42669,5.614872,26.61515,-0.2719903,0.845949,0.118582,0.4430913,-0.1652653,-0.002072028,0.003195125,-54.20748
507.6,-4563.115,8780.396,-10016.98,-10.43736,5.608749,26.60617,-0.2580848,0.8504608,0.1110323,0.4447251,-0.1653386,-0.002177246,0.003121155,-54.17289
507.8,-4565.203,8781.518,-10011.66,-10.44802,5.602628,26.5972,-0.244098,0.8547457,0.1034582,0.4462313,-0.165412,-0.002279907,0.003043714,-54.1383
508,-4567.294,8782.638,-10006.34,-10.45868,5.596509,26.58824,-0.2300335,0.8588021,0.09586162,0.4476093,-0.1654854,-0.002379894,0.002962889,-54.10374
508.2,-4569.387,8783.756,-10001.03,-10.46934,5.590391,26.57929,-0.215895,0.8626285,0.08824489,0.4488588,-0.1655588,-0.002477095,0.00287877,-54.06917
508.4,-4571.482,8784.873,-9995.712,-10.48,5.584276,26.57034,-0.2016863,0.8662235,0.08061013,0.4499795,-0.1656323,-0.0025714,0.002791451,-54.03463
508.6,-4573.579,8785.989,-9990.398,-10.49065,5.578163,26.56141,-0.1874111,0.8695856,0.07295952,0.4509709,-0.1657058,-0.002662702,0.002701031,-54.0001
508.8,-4575.678,8787.104,-9985.087,-10.50131,5.572052,26.55247,-0.1730732,0.8727136,0.06529522,0.451833,-0.1657793,-0.002750899,0.002607612,-53.96557
509,-4577.779,8788.219,-9979.777,-10.51195,5.565942,26.54355,-0.1586765,0.8756062,0.05761942,0.4525654,-0.1658528,-0.00283589,0.002511299,-53.93105
509.2,-4579.883,8789.331,-9974.47,-10.5226,5.559835,26.53464,-0.1442248,0.8782623,0.04993431,0.4531679,-0.1659264,-0.002917579,0.0024122,-53.89655
509.4,-4581.988,8790.442,-9969.164,-10.53324,5.55373,26.52573,-0.1297219,0.8806806,0.04224209,0.4536404,-0.166,-0.002995874,0.002310429,-53.86207
509.6,-4584.096,8791.553,-9963.859,-10.54388,5.547627,26.51683,-0.1151718,0.88286,0.03454496,0.4539827,-0.1660737,-0.003070685,0.002206099,-53.82758
509.8,-4586.206,8792.661,-9958.557,-10.55451,5.541526,26.50793,-0.1005784,0.8847997,0.02684511,0.4541947,-0.1661474,-0.003141928,0.002099328,-53.79313
510,-4588.318,8793.77,-9953.256,-10.56514,5.535427,26.49905,-0.08594554,0.8864986,0.01914475,0.4542765,-0.1662211,-0.003209521,0.001990239,-53.75867
510.2,-4590.432,8794.876,-9947.957,-10.57577,5.52933,26.49017,-0.07127728,0.8879558,0.01144608,0.4542279,-0.1662948,-0.003273388,0.001878954,-53.72422
510.4,-4592.548,8795.98,-9942.66,-10.5864,5.523236,26.4813,-0.05657758,0.8891706,0.003751313,0.4540491,-0.1663686,-0.003333454,0.0017656,-53.68979
510.6,-4594.667,8797.085,-9937.365,-10.59702,5.517143,26.47243,-0.04185044,0.8901421,-0.003937348,0.45374,-0.1664424,-0.003389653,0.001650305,-53.65537
510.8,-4596.787,8798.188,-9932.071,-10.60764,5.511052,26.46358,-0.02709988,0.8908698,-0.01161769,0.4533008,-0.1665162,-0.00344192,0.001533201,-53.62096
511,-4598.91,8799.289,-9926.779,-10.61826,5.504963,26.45473,-0.01232993,0.891353,-0.01928752,0.4527315,-0.1665901,-0.003490194,0.001414422,-53.58657
511.2,-4601.034,8800.39,-9921.489,-10.62887,5.498877,26.44589,0.002455356,0.891591,-0.02694462,0.4520325,-0.166664,-0.00353442,0.001294102,-53.55218
511.4,-4603.161,8801.489,-9916.201,-10.63948,5.492793,26.43705,0.0172519,0.8915835,-0.0345868,0.4512039,-0.166738,-0.003574549,0.001172378,-53.51781
511.6,-4605.29,8802.587,-9910.914,-10.65008,5.48671,26.42823,0.03205564,0.8913301,-0.04221184,0.4502459,-0.1668119,-0.003610532,0.00104939,-53.48345
511.8,-4607.421,8803.684,-9905.63,-10.66069,5.48063,26.41941,0.04686246,0.8908302,-0.04981756,0.4491588,-0.1668859,-0.00364233,0.0009252788,-53.44909
512,-4609.554,8804.779,-9900.347,-10.67129,5.474551,26.41059,0.06166826,0.8900838,-0.05740176,0.4479429,-0.16696,-0.003669905,0.0008001854,-53.41476
512.2,-4611.689,8805.873,-9895.065,-10.68188,5.468475,26.40179,0.07646894,0.8890905,-0.06496225,0.4465987,-0.167034,-0.003693225,0.0006742537,-53.38042
512.4,-4613.827,8806.967,-9889.786,-10.69248,5.462401,26.39299,0.09126035,0.8878503,-0.07249685,0.4451265,-0.1671081,-0.003712264,0.0005476277,-53.34611
512.6,-4615.967,8808.059,-9884.509,-10.70307,5.456329,26.3842,0.1060384,0.886363,-0.08000337,0.4435267,-0.1671823,-0.003726999,0.000420453,-53.3118
512.8,-4618.108,8809.149,-9879.232,-10.71365,5.450259,26.37542,0.1207989,0.8846287,-0.08747967,0.4417998,-0.1672564,-0.003737413,0.0002928754,-53.27752
513,-4620.252,8810.238,-9873.958,-10.72424,5.444191,26.36664,0.1355377,0.8826473,-0.09492354,0.4399464,-0.1673307,-0.003743494,0.0001650417,-53.24323
513.2,-4622.398,8811.327,-9868.686,-10.73482,5.438125,26.35787,0.1502507,0.880419,-0.1023329,0.437967,-0.1674049,-0.003745234,3.709889e-05,-53.20896
513.4,-4624.546,8812.414,-9863.415,-10.7454,5.432061,26.34911,0.1649337,0.8779441,-0.1097055,0.4358621,-0.1674791,-0.003742632,-9.080561e-05,-53.1747
513.6,-4626.696,8813.5,-9858.146,-10.75597,5.425999,26.34036,0.1795826,0.8752228,-0.1170392,0.4336323,-0.1675534,-0.003735689,-0.0002185244,-53.14045
513.8,-4628.849,8814.584,-9852.879,-10.76654,5.41994,26.33161,0.1941931,0.8722554,-0.124332,0.4312785,-0.1676278,-0.003724413,-0.00034591,-53.10621
514,-4631.003,8815.668,-9847.613,-10.77711,5.413882,26.32287,0.2087613,0.8690423,-0.1315817,0.4288011,-0.1677021,-0.003708818,-0.0004728153,-53.07198
514.2,-4633.159,8816.75,-9842.35,-10.78767,5.407826,26.31414,0.2232828,0.8655841,-0.1387861,0.426201,-0.1677765,-0.003688921,-0.0005990937,-53.03777
514.4,-4635.318,8817.831,-9837.088,-10.79823,5.401772,26.30541,0.2377535,0.8618813,-0.1459433,0.423479,-0.167851,-0.003664744,-0.0007245989,-53.00358
514.6,-4637.479,8818.91,-9831.827,-10.80879,5.395721,26.29669,0.2521693,0.8579345,-0.1530511,0.4206358,-0.1679254,-0.003636316,-0.0008491857,-52.96938
514.8,-4639.642,8819.989,-9826.569,-10.81935,5.389671,26.28798,0.266526,0.8537443,-0.1601074,0.4176723,-0.1679999,-0.003603669,-0.0009727094,-52.9352
515,-4641.806,8821.066,-9821.312,-10.8299,5.383624,26.27928,0.2808196,0.8493116,-0.1671102,0.4145893,-0.1680745,-0.00356684,-0.001095027,-52.90104
515.2,-4643.973,8822.143,-9816.058,-10.84045,5.377578,26.27058,0.2950458,0.8446372,-0.1740574,0.4113878,-0.168149,-0.003525872,-0.001215996,-52.86687
515.4,-4646.143,8823.217,-9810.804,-10.85099,5.371535,26.26189,0.3092005,0.839722,-0.1809471,0.4080687,-0.1682236,-0.003480813,-0.001335476,-52.83272
515.6,-4648.314,8824.291,-9805.553,-10.86154,5.365494,26.25321,0.3232796,0.834567,-0.1877771,0.4046331,-0.1682983,-0.003431714,-0.001453328,-52.79859
515.8,-4650.487,8825.363,-9800.303,-10.87207,5.359455,26.24453,0.3372791,0.8291732,-0.1945455,0.4010818,-0.1683729,-0.003378632,-0.001569414,-52.76447
516,-4652.663,8826.435,-9795.055,-10.88261,5.353417,26.23586,0.3511948,0.8235418,-0.2012503,0.397416,-0.1684476,-0.003321629,-0.001683599,-52.73035
516.2,-4654.84,8827.505,-9789.809,-10.89314,5.347382,26.2272,0.3650226,0.8176738,-0.2078896,0.3936368,-0.1685224,-0.003260772,-0.001795751,-52.69625
516.4,-4657.02,8828.573,-9784.563,-10.90367,5.341349,26.21855,0.3787585,0.8115706,-0.2144614,0.3897452,-0.1685971,-0.00319613,-0.001905737,-52.66216
516.6,-4659.202,8829.642,-9779.321,-10.9142,5.335318,26.2099,0.3923984,0.8052337,-0.2209637,0.3857425,-0.168672,-0.003127779,-0.002013429,-52.62809
516.8,-4661.386,8830.708,-9774.08,-10.92472,5.329289,26.20126,0.4059383,0.7986641,-0.2273948,0.3816299,-0.1687468,-0.003055799,-0.002118702,-52.59402
517,-4663.571,8831.773,-9768.841,-10.93524,5.323262,26.19263,0.4193742,0.7918636,-0.2337525,0.3774084,-0.1688217,-0.002980274,-0.002221431,-52.55996
517.2,-4665.76,8832.837,-9763.603,-10.94576,5.317237,26.184,0.4327021,0.7848336,-0.2400352,0.3730794,-0.1688966,-0.002901292,-0.002321496,-52.52592
517.4,-4667.95,8833.9,-9758.367,-10.95627,5.311214,26.17538,0.445918,0.7775757,-0.246241,0.3686443,-0.1689715,-0.002818945,-0.00241878,-52.49189
517.6,-4670.142,8834.962,-9753.133,-10.96678,5.305193,26.16677,0.4590179,0.7700916,-0.2523679,0.3641042,-0.1690465,-0.00273333,-0.002513169,-52.45786
517.8,-4672.336,8836.022,-9747.9,-10.97729,5.299174,26.15817,0.471998,0.7623831,-0.2584143,0.3594607,-0.1691215,-0.002644547,-0.00260455,-52.42385
518,-4674.533,8837.081,-9742.67,-10.98779,5.293158,26.14957,0.4848543,0.7544519,-0.2643784,0.3547149,-0.1691965,-0.0025527,-0.002692818,-52.38985
518.2,-4676.731,8838.14,-9737.44,-10.99829,5.287143,26.14098,0.4975829,0.7463001,-0.2702583,0.3498685,-0.1692716,-0.002457897,-0.002777867,-52.35586
518.4,-4678.932,8839.196,-9732.213,-11.00879,5.28113,26.1324,0.51018,0.7379294,-0.2760523,0.3449227,-0.1693467,-0.002360249,-0.002859597,-52.32189
518.6,-4681.135,8840.252,-9726.987,-11.01906,5.274594,26.12382,0.5226417,0.729342,-0.2817588,0.3398791,-0.1694219,-0.002259872,-0.002937912,-52.28792
518.8,-4683.34,8841.306,-9721.764,-11.02823,5.265543,26.11526,0.5349644,0.7205399,-0.287376,0.3347392,-0.169497,-0.002156884,-0.003012719,-52.25396
519,-4685.546,8842.357,-9716.541,-11.0363,5.253954,26.1067,0.5471441,0.7115253,-0.2929024,0.3295046,-0.1695722,-0.002051406,-0.00308393,-52.22002
519.2,-4687.754,8843.407,-9711.321,-11.04335,5.240014,26.09817,0.5591772,0.7023004,-0.2983361,0.3241768,-0.1696475,-0.001943562,-0.003151459,-52.18609
519.4,-4689.964,8844.454,-9706.103,-11.04945,5.22389,26.08965,0.5710599,0.6928675,-0.3036757,0.3187573,-0.1697228,-0.00183348,-0.003215228,-52.15217
519.6,-4692.174,8845.497,-9700.885,-11.05467,5.205741,26.08115,0.5827886,0.683229,-0.3089195,0.3132479,-0.1697981,-0.00172129,-0.00327516,-52.11825
519.8,-4694.385,8846.536,-9695.67,-11.05908,5.185714,26.07267,0.5943598,0.6733873,-0.314066,0.3076501,-0.1698734,-0.001607125,-0.003331183,-52.08436
520,-4696.598,8847.571,-9690.456,-11.06272,5.163946,26.0642,0.6057696,0.6633448,-0.3191137,0.3019657,-0.1699488,-0.001491121,-0.003383232,-52.05047
520.2,-4698.811,8848.602,-9685.244,-11.06566,5.140562,26.05574,0.6170146,0.6531041,-0.3240611,0.2961964,-0.1700243,-0.001373414,-0.003431244,-52.01659
520.4,-4701.024,8849.627,-9680.033,-11.06795,5.115679,26.0473,0.6280914,0.6426679,-0.3289067,0.2903438,-0.1700997,-0.001254144,-0.003475162,-51.98272
520.6,-4703.238,8850.647,-9674.825,-11.06964,5.089408,26.03887,0.6389964,0.6320388,-0.3336489,0.2844099,-0.1701752,-0.001133454,-0.003514933,-51.94886
520.8,-4705.452,8851.663,-9669.618,-11.07076,5.061849,26.03046,0.649726,0.6212196,-0.3382866,0.2783962,-0.1702507,-0.001011486,-0.00355051,-51.91501
521,-4707.666,8852.672,-9664.413,-11.07136,5.033095,26.02205,0.6602771,0.610213,-0.3428182,0.2723047,-0.1703263,-0.0008883866,-0.00358185,-51.88119
521.2,-4709.88,8853.676,-9659.209,-11.07148,5.003234,26.01366,0.6706461,0.599022,-0.3472425,0.2661372,-0.1704019,-0.0007643017,-0.003608916,-51.84736
521.4,-4712.094,8854.674,-9654.008,-11.07115,4.972347,26.00527,0.6808299,0.5876495,-0.351558,0.2598955,-0.1704775,-0.0006393794,-0.003631674,-51.81354
521.6,-4714.309,8855.665,-9648.808,-11.07041,4.940509,25.99689,0.6908251,0.5760984,-0.3557636,0.2535816,-0.1705532,-0.0005137689,-0.003650098,-51.77975
521.8,-4716.522,8856.649,-9643.608,-11.06928,4.90779,25.98852,0.7006285,0.5643718,-0.3598579,0.2471973,-0.1706289,-0.0003876205,-0.003664164,-51.74596
522,-4718.736,8857.628,-9638.412,-11.06779,4.874254,25.98015,0.7102369,0.5524728,-0.3638397,0.2407447,-0.1707046,-0.0002610849,-0.003673857,-51.71218
522.2,-4720.95,8858.6,-9633.217,-11.06597,4.839961,25.9718,0.7196473,0.5404046,-0.3677078,0.2342255,-0.1707804,-0.0001343137,-0.003679163,-51.67841
522.4,-4723.163,8859.563,-9628.023,-11.06385,4.804966,25.96344,0.7288565,0.5281704,-0.3714612,0.2276418,-0.1708562,-7.458844e-06,-0.003680077,-51.64464
522.6,-4725.375,8860.521,-9622.831,-11.06144,4.769322,25.95509,0.7378615,0.5157735,-0.3750986,0.2209956,-0.170932,0.0001193275,-0.003676597,-51.61091
522.8,-4727.587,8861.472,-9617.641,-11.05876,4.733077,25.94675,0.7466594,0.5032173,-0.378619,0.2142889,-0.1710079,0.000245893,-0.003668726,-51.57717
523,-4729.799,8862.414,-9612.452,-11.05585,4.696274,25.93841,0.7552472,0.490505,-0.3820214,0.2075238,-0.1710838,0.0003720855,-0.003656475,-51.54345
523.2,-4732.01,8863.35,-9607.266,-11.0527,4.658956,25.93007,0.7636222,0.4776402,-0.3853046,0.2007023,-0.1711598,0.0004977533,-0.003639857,-51.50973
523.4,-4734.22,8864.278,-9602.08,-11.04935,4.62116,25.92174,0.7717813,0.4646264,-0.3884677,0.1938264,-0.1712357,0.0006227449,-0.003618892,-51.47602
523.6,-4736.429,8865.198,-9596.896,-11.0458,4.582922,25.91341,0.779722,0.4514671,-0.3915099,0.1868983,-0.1713118,0.0007469098,-0.003593605,-51.44233
523.8,-4738.638,8866.111,-9591.715,-11.04207,4.544275,25.90509,0.7874416,0.438166,-0.3944301,0.1799201,-0.1713878,0.000870098,-0.003564027,-51.40865
524,-4740.846,8867.016,-9586.535,-11.03817,4.50525,25.89677,0.7949373,0.4247266,-0.3972274,0.1728939,-0.1714639,0.0009921608,-0.003530193,-51.37498
524.2,-4743.053,8867.913,-9581.356,-11.03412,4.465876,25.88845,0.8022067,0.4111528,-0.3999012,0.1658218,-0.17154,0.001112951,-0.003492143,-51.34131
524.4,-4745.26,8868.803,-9576.18,-11.02993,4.426177,25.88014,0.8092471,0.3974482,-0.4024505,0.1587061,-0.1716162,0.001232321,-0.003449923,-51.30767
524.6,-4747.465,8869.684,-9571.004,-11.0256,4.386179,25.87183,0.8160563,0.3836167,-0.4048746,0.1515487,-0.1716924,0.001350128,-0.003403584,-51.27402
524.8,-4749.67,8870.557,-9565.831,-11.02115,4.345905,25.86352,0.8226317,0.369662,-0.4071727,0.1443521,-0.1717686,0.001466228,-0.003353181,-51.24039
525,-4751.874,8871.422,-9560.659,-11.01658,4.305376,25.85522,0.828971,0.3555882,-0.4093442,0.1371183,-0.1718448,0.001580481,-0.003298777,-51.20678
525.2,-4754.077,8872.279,-9555.488,-11.01192,4.264611,25.84691,0.835072,0.3413992,-0.4113885,0.1298496,-0.1719211,0.001692747,-0.003240436,-51.17318
525.4,-4756.278,8873.128,-9550.32,-11.00715,4.223628,25.83862,0.8409324,0.3270989,-0.4133048,0.1225481,-0.1719975,0.001802891,-0.003178229,-51.13958
525.6,-4758.479,8873.969,-9545.153,-11.00229,4.182444,25.83033,0.8465502,0.3126914,-0.4150927,0.1152163,-0.1720738,0.001910777,-0.003112231,-51.10599
525.8,-4760.679,8874.801,-9539.988,-10.99735,4.141075,25.82204,0.8519233,0.2981808,-0.4167517,0.1078561,-0.1721502,0.002016276,-0.003042524,-51.07242
526,-4762.878,8875.625,-9534.824,-10.99234,4.099535,25.81375,0.8570496,0.2835712,-0.4182811,0.1004701,-0.1722267,0.002119257,-0.00296919,-51.03885
526.2,-4765.076,8876.44,-9529.662,-10.98725,4.057837,25.80547,0.8619273,0.2688666,-0.4196806,0.09306031,-0.1723031,0.002219595,-0.002892319,-51.0053
526.4,-4767.273,8877.248,-9524.502,-10.98209,4.015995,25.7972,0.8665545,0.2540714,-0.4209497,0.08562914,-0.1723796,0.002317169,-0.002812006,-50.97176
526.6,-4769.469,8878.047,-9519.344,-10.97688,3.974018,25.78893,0.8709294,0.2391898,-0.4220881,0.07817885,-0.1724562,0.002411857,-0.002728347,-50.93824
526.8,-4771.664,8878.838,-9514.187,-10.97161,3.931919,25.78066,0.8750501,0.2242261,-0.4230955,0.07071171,-0.1725328,0.002503545,-0.002641445,-50.90471
527,-4773.858,8879.619,-9509.031,-10.96628,3.889708,25.7724,0.8789153,0.2091844,-0.4239714,0.06323004,-0.1726094,0.002592119,-0.002551407,-50.87121
527.2,-4776.051,8880.394,-9503.878,-10.96091,3.847392,25.76414,0.8825231,0.1940693,-0.4247158,0.05573614,-0.172686,0.002677472,-0.002458341,-50.8377
527.4,-4778.242,8881.158,-9498.726,-10.9555,3.804982,25.75588,0.8858722,0.178885,-0.4253283,0.04823233,-0.1727627,0.002759499,-0.002362362,-50.80422
527.6,-4780.433,8881.915,-9493.575,-10.95004,3.762484,25.74763,0.8889611,0.163636,-0.4258089,0.04072092,-0.1728394,0.002838098,-0.002263588,-50.77074
527.8,-4782.622,8882.663,-9488.427,-10.94455,3.719907,25.73939,0.8917885,0.1483266,-0.4261573,0.03320423,-0.1729161,0.002913173,-0.002162139,-50.73728
528,-4784.811,8883.403,-9483.279,-10.93902,3.677256,25.73115,0.894353,0.1329615,-0.4263735,0.02568458,-0.1729929,0.002984631,-0.002058141,-50.70382
528.2,-4786.998,8884.135,-9478.134,-10.93346,3.634539,25.72292,0.8966534,0.117545,-0.4264573,0.01816431,-0.1730697,0.003052384,-0.00195172,-50.67037
528.4,-4789.184,8884.857,-9472.99,-10.92788,3.591761,25.71469,0.8986887,0.1020816,-0.4264089,0.01064575,-0.1731466,0.003116349,-0.001843008,-50.63694
528.6,-4791.369,8885.571,-9467.849,-10.92226,3.548928,25.70647,0.9004578,0.08657604,-0.4262283,0.003131208,-0.1732235,0.003176447,-0.001732138,-50.60352
528.8,-4793.553,8886.276,-9462.708,-10.91668,3.505676,25.69826,0.9019597,0.07103276,-0.4259154,-0.004376968,-0.1733004,0.003232602,-0.001619248,-50.5701
529,-4795.736,8886.974,-9457.569,-10.9112,3.461604,25.69007,0.9031935,0.05545635,-0.4254704,-0.01187645,-0.1733773,0.003284746,-0.001504476,-50.5367
529.2,-4797.917,8887.661,-9452.432,-10.90581,3.416773,25.68189,0.9041584,0.03985146,-0.4248936,-0.01936491,-0.1734543,0.003332814,-0.001387964,-50.5033
529.4,-4800.098,8888.34,-9447.296,-10.90051,3.371237,25.67373,0.9048536,0.02422272,-0.424185,-0.02684003,-0.1735314,0.003376746,-0.001269856,-50.46993
529.6,-4802.277,8889.01,-9442.162,-10.8953,3.325051,25.66559,0.9052784,0.00857478,-0.4233449,-0.03429947,-0.1736084,0.003416487,-0.001150299,-50.43656
529.8,-4804.456,8889.67,-9437.03,-10.89016,3.278262,25.65745,0.9054325,-0.007087682,-0.4223736,-0.04174091,-0.1736855,0.003451988,-0.001029439,-50.40319
530,-4806.634,8890.321,-9431.899,-10.88509,3.230917,25.64933,0.9053151,-0.02275998,-0.4212714,-0.04916204,-0.1737626,0.003483205,-0.0009074276,-50.36985
530.2,-4808.81,8890.962,-9426.771,-10.88008,3.183057,25.64121,0.9049259,-0.0384374,-0.4200387,-0.05656055,-0.1738398,0.003510098,-0.0007844155,-50.33651
530.4,-4810.986,8891.594,-9421.643,-10.87514,3.134721,25.6331,0.9042646,-0.05411523,-0.4186758,-0.06393411,-0.173917,0.003532635,-0.0006605554,-50.30318
530.6,-4813.16,8892.216,-9416.517,-10.87025,3.085945,25.62499,0.9033309,-0.06978873,-0.4171833,-0.07128044,-0.1739942,0.003550786,-0.0005360013,-50.26986
530.8,-4815.334,8892.828,-9411.393,-10.86541,3.036762,25.6169,0.9021246,-0.08545318,-0.4155615,-0.07859724,-0.1740715,0.003564528,-0.0004109082,-50.23655
531,-4817.506,8893.431,-9406.271,-10.86063,2.987204,25.6088,0.9006457,-0.1011038,-0.413811,-0.08588222,-0.1741488,0.003573845,-0.0002854318,-50.20325
531.2,-4819.678,8894.023,-9401.149,-10.85588,2.937299,25.60071,0.8988941,-0.1167359,-0.4119324,-0.0931331,-0.1742261,0.003578724,-0.0001597287,-50.16997
531.4,-4821.849,8894.605,-9396.03,-10.85119,2.887073,25.59263,0.89687,-0.1323446,-0.4099263,-0.1003476,-0.1743035,0.00357916,-3.39555e-05,-50.13669
531.6,-4824.019,8895.178,-9390.912,-10.84653,2.836552,25.58455,0.8945733,-0.1479252,-0.4077933,-0.1075235,-0.1743809,0.00357515,9.173057e-05,-50.10343
531.8,-4826.188,8895.74,-9385.796,-10.8419,2.785758,25.57647,0.8920045,-0.1634729,-0.4055342,-0.1146585,-0.1744583,0.003566701,0.0002171724,-50.07018
532,-4828.355,8896.292,-9380.682,-10.83732,2.734713,25.5684,0.8891639,-0.1789829,-0.4031496,-0.1217504,-0.1745358,0.003553821,0.0003422132,-50.03693
532.2,-4830.522,8896.834,-9375.568,-10.83276,2.683437,25.56033,0.8860518,-0.1944505,-0.4006402,-0.1287969,-0.1746133,0.003536528,0.0004666961,-50.0037
532.4,-4832.688,8897.366,-9370.458,-10.82823,2.631946,25.55227,0.8826687,-0.2098709,-0.3980071,-0.1357959,-0.1746908,0.003514842,0.0005904652,-49.97048
532.6,-4834.854,8897.887,-9365.348,-10.82373,2.580259,25.5442,0.8790153,-0.2252393,-0.3952508,-0.1427451,-0.1747684,0.00348879,0.0007133652,-49.93726
532.8,-4837.018,8898.397,-9360.24,-10.81926,2.528391,25.53615,0.8750921,-0.2405509,-0.3923724,-0.1496424,-0.174846,0.003458405,0.0008352416,-49.90406
533,-4839.181,8898.898,-9355.134,-10.81481,2.476357,25.52809,0.8709001,-0.255801,-0.3893728,-0.1564856,-0.1749237,0.003423724,0.0009559412,-49.87087
533.2,-4841.344,8899.389,-9350.028,-10.81039,2.424169,25.52004,0.8664399,-0.2709848,-0.3862529,-0.1632724,-0.1750013,0.003384792,0.001075312,-49.83768
533.4,-4843.505,8899.868,-9344.926,-10.80598,2.371841,25.512,0.8617125,-0.2860976,-0.3830137,-0.1700009,-0.175079,0.003341656,0.001193204,-49.80451
533.6,-4845.666,8900.337,-9339.824,-10.8016,2.319384,25.50395,0.8567188,-0.3011346,-0.3796563,-0.1766688,-0.1751568,0.00329437,0.001309468,-49.77135
533.8,-4847.826,8900.796,-9334.724,-10.79723,2.266808,25.49592,0.8514601,-0.3160911,-0.3761818,-0.1832741,-0.1752346,0.003242995,0.001423958,-49.73821
534,-4849.985,8901.244,-9329.625,-10.79288,2.214124,25.48788,0.8459374,-0.3309624,-0.3725913,-0.1898147,-0.1753124,0.003187595,0.001536529,-49.70507
534.2,-4852.143,8901.682,-9324.528,-10.78855,2.161342,25.47985,0.840152,-0.3457437,-0.3688858,-0.1962885,-0.1753902,0.003128239,0.001647038,-49.67194
534.4,-4854.3,8902.108,-9319.434,-10.78424,2.108468,25.47182,0.8341053,-0.3604304,-0.3650667,-0.2026934,-0.1754681,0.003065002,0.001755346,-49.63882
534.6,-4856.457,8902.524,-9314.34,-10.77993,2.055511,25.4638,0.8277987,-0.3750178,-0.3611352,-0.2090274,-0.175546,0.002997964,0.001861315,-49.6057
534.8,-4858.612,8902.931,-9309.248,-10.77565,2.00248,25.45579,0.8212336,-0.3895013,-0.3570924,-0.2152886,-0.175624,0.00292721,0.001964812,-49.57261
535,-4860.767,8903.326,-9304.157,-10.77137,1.949379,25.44777,0.8144117,-0.4038762,-0.3529398,-0.2214749,-0.1757019,0.002852828,0.002065704,-49.53953
535.2,-4862.921,8903.71,-9299.069,-10.76711,1.896216,25.43977,0.8073347,-0.4181379,-0.3486786,-0.2275843,-0.17578,0.002774914,0.002163863,-49.50645
535.4,-4865.074,8904.084,-9293.981,-10.76285,1.842997,25.43176,0.8000042,-0.4322819,-0.3443103,-0.233615,-0.175858,0.002693566,0.002259165,-49.47338
535.6,-4867.226,8904.447,-9288.896,-10.75861,1.789726,25.42376,0.7924223,-0.4463036,-0.3398362,-0.239565,-0.1759361,0.002608888,0.002351488,-49.44033
535.8,-4869.377,8904.8,-9283.812,-10.75438,1.736409,25.41577,0.7845907,-0.4601984,-0.3352578,-0.2454325,-0.1760142,0.002520985,0.002440715,-49.40728
536,-4871.528,8905.143,-9278.729,-10.75016,1.683051,25.40778,0.7765115,-0.4739618,-0.3305765,-0.2512155,-0.1760923,0.002429972,0.002526731,-49.37424
536.2,-4873.678,8905.474,-9273.649,-10.74593,1.629662,25.3998,0.7681868,-0.4875894,-0.325794,-0.2569122,-0.1761705,0.002335962,0.002609427,-49.34122
536.4,-4875.826,8905.794,-9268.57,-10.74122,1.576439,25.39181,0.7596188,-0.5010767,-0.3209116,-0.2625208,-0.1762487,0.002239077,0.002688698,-49.3082
536.6,-4877.974,8906.104,-9263.492,-10.73586,1.523459,25.38383,0.7508096,-0.5144193,-0.3159311,-0.2680396,-0.176327,0.002139438,0.00276444,-49.2752
536.8,-4880.121,8906.403,-9258.416,-10.72988,1.470706,25.37585,0.7417617,-0.5276128,-0.310854,-0.2734667,-0.1764053,0.002037175,0.002836558,-49.24221
537,-4882.266,8906.692,-9253.342,-10.72334,1.418163,25.36787,0.7324775,-0.5406529,-0.3056819,-0.2788004,-0.1764836,0.001932417,0.002904959,-49.20922
537.2,-4884.41,8906.971,-9248.27,-10.71628,1.365816,25.3599,0.7229595,-0.5535353,-0.3004166,-0.2840391,-0.1765619,0.001825298,0.002969556,-49.17625
537.4,-4886.552,8907.238,-9243.198,-10.70874,1.313652,25.35193,0.7132101,-0.5662557,-0.2950597,-0.289181,-0.1766403,0.001715955,0.003030264,-49.14329
537.6,-4888.693,8907.496,-9238.129,-10.70074,1.261658,25.34397,0.7032321,-0.5788098,-0.289613,-0.2942245,-0.1767187,0.001604529,0.003087007,-49.11034
537.8,-4890.833,8907.743,-9233.061,-10.69234,1.209824,25.33601,0.6930283,-0.5911936,-0.2840783,-0.2991681,-0.1767972,0.001491162,0.00313971,-49.0774
538,-4892.97,8907.98,-9227.994,-10.68355,1.158138,25.32805,0.6826014,-0.6034027,-0.2784573,-0.30401,-0.1768757,0.001376,0.003188306,-49.04445
538.2,-4895.106,8908.207,-9222.93,-10.67441,1.106591,25.32011,0.6719543,-0.6154332,-0.2727519,-0.3087488,-0.1769542,0.001259191,0.003232732,-49.01154
538.4,-4897.24,8908.423,-9217.866,-10.66494,1.055174,25.31216,0.66109,-0.627281,-0.2669639,-0.3133829,-0.1770327,0.001140885,0.003272931,-48.97863
538.6,-4899.372,8908.629,-9212.805,-10.65517,1.003877,25.30423,0.6500115,-0.638942,-0.2610953,-0.3179109,-0.1771113,0.001021234,0.00330885,-48.94573
538.8,-4901.502,8908.824,-9207.744,-10.64512,0.9526939,25.2963,0.638722,-0.6504124,-0.2551478,-0.3223314,-0.1771899,0.0009003934,0.003340443,-48.91283
539,-4903.63,8909.01,-9202.686,-10.63481,0.9016168,25.28838,0.6272246,-0.6616881,-0.2491236,-0.3266428,-0.1772686,0.0007785179,0.003367669,-48.87997
539.2,-4905.756,8909.185,-9197.629,-10.62426,0.8506391,25.28046,0.6155226,-0.6727655,-0.2430245,-0.3308439,-0.1773473,0.0006557654,0.003390492,-48.84708
539.4,-4907.88,8909.35,-9192.574,-10.61349,0.7997546,25.27256,0.6036193,-0.6836405,-0.2368525,-0.3349332,-0.177426,0.0005322944,0.003408882,-48.81423
539.6,-4910.001,8909.505,-9187.52,-10.60252,0.7489575,25.26465,0.5915182,-0.6943097,-0.2306096,-0.3389094,-0.1775048,0.0004082647,0.003422816,-48.78138
539.8,-4912.121,8909.649,-9182.468,-10.59136,0.6982425,25.25676,0.5792227,-0.704769,-0.2242979,-0.3427714,-0.1775835,0.0002838369,0.003432275,-48.74854
540,-4914.238,8909.784,-9177.417,-10.58002,0.6476046,25.24887,0.5667363,-0.715015,-0.2179195,-0.3465177,-0.1776624,0.0001591722,0.003437247,-48.71572
540.2,-4916.353,8909.908,-9172.368,-10.56852,0.5970393,25.24099,0.5540628,-0.7250441,-0.2114764,-0.3501473,-0.1777412,3.443241e-05,0.003437724,-48.6829
540.4,-4918.465,8910.023,-9167.321,-10.55687,0.5465423,25.23311,0.5412057,-0.7348528,-0.2049708,-0.353659,-0.1778201,-9.022048e-05,0.003433706,-48.65009
540.6,-4920.575,8910.127,-9162.275,-10.54508,0.4961098,25.22524,0.5281689,-0.7444376,-0.1984047,-0.3570516,-0.177899,-0.0002146244,0.003425197,-48.61729
540.8,-4922.683,8910.222,-9157.23,-10.53317,0.445738,25.21738,0.5149561,-0.7537951,-0.1917804,-0.3603241,-0.177978,-0.0003386176,0.003412209,-48.58449
541,-4924.789,8910.306,-9152.188,-10.52114,0.3954236,25.20952,0.5015714,-0.7629219,-0.1850999,-0.3634754,-0.178057,-0.0004620385,0.003394757,-48.55172
541.2,-4926.892,8910.38,-9147.147,-10.50901,0.3451636,25.20167,0.4880184,-0.7718149,-0.1783656,-0.3665044,-0.178136,-0.0005847262,0.003372865,-48.51896
541.4,-4928.992,8910.443,-9142.107,-10.49677,0.2949549,25.19383,0.4743015,-0.7804708,-0.1715796,-0.3694102,-0.1782151,-0.0007065206,0.003346561,-48.4862
541.6,-4931.09,8910.498,-9137.069,-10.48444,0.244795,25.18599,0.4604245,-0.7888864,-0.1647441,-0.372192,-0.1782942,-0.0008272626,0.003315878,-48.45345
541.8,-4933.186,8910.542,-9132.033,-10.47202,0.1946814,25.17816,0.4463916,-0.7970588,-0.1578614,-0.3748487,-0.1783733,-0.0009467945,0.003280857,-48.42072
542,-4935.279,8910.575,-9126.998,-10.45953,0.1446117,25.17033,0.4322072,-0.8049849,-0.1509338,-0.3773795,-0.1784524,-0.00106496,0.003241542,-48.38799
542.2,-4937.37,8910.6,-9121.965,-10.44697,0.09458385,25.16251,0.4178753,-0.8126618,-0.1439635,-0.3797836,-0.1785316,-0.001181604,0.003197986,-48.35528
542.4,-4939.458,8910.613,-9116.934,-10.43434,0.0445959,25.1547,0.4034003,-0.8200866,-0.1369528,-0.3820603,-0.1786109,-0.001296573,0.003150244,-48.32256
542.6,-4941.543,8910.617,-9111.903,-10.42165,-0.005353994,25.14689,0.3887867,-0.8272566,-0.1299042,-0.3842088,-0.1786901,-0.001409717,0.00309838,-48.28988
542.8,-4943.626,8910.611,-9106.874,-10.4089,-0.05526753,25.1391,0.3740388,-0.834169,-0.1228197,-0.3862285,-0.1787694,-0.001520888,0.00304246,-48.25718
543,-4945.707,8910.595,-9101.848,-10.3961,-0.1051463,25.1313,0.359161,-0.8408213,-0.115702,-0.3881186,-0.1788488,-0.001629938,0.002982559,-48.22451
543.2,-4947.785,8910.569,-9096.822,-10.38326,-0.1549916,25.12351,0.3441581,-0.8472108,-0.1085531,-0.3898786,-0.1789281,-0.001736724,0.002918754,-48.19184
543.4,-4949.86,8910.533,-9091.798,-10.37037,-0.204805,25.11573,0.3290345,-0.8533351,-0.1013757,-0.3915079,-0.1790075,-0.001841107,0.00285113,-48.15919
543.6,-4951.933,8910.487,-9086.775,-10.35744,-0.2545876,25.10796,0.3137949,-0.8591919,-0.09417193,-0.393006,-0.179087,-0.001942947,0.002779774,-48.12655
543.8,-4954.003,8910.432,-9081.755,-10.34447,-0.3043406,25.10019,0.298444,-0.8647788,-0.0869443,-0.3943724,-0.1791664,-0.002042111,0.002704781,-48.09391
544,-4956.071,8910.365,-9076.735,-10.33147,-0.354065,25.09242,0.2829865,-0.8700935,-0.07969517,-0.3956067,-0.1792459,-0.002138468,0.00262625,-48.06129
544.2,-4958.136,8910.29,-9071.718,-10.31844,-0.4037619,25.08467,0.2674271,-0.8751339,-0.07242694,-0.3967085,-0.1793255,-0.002231889,0.002544284,-48.02866
544.4,-4960.198,8910.204,-9066.702,-10.30538,-0.4534321,25.07692,0.2517709,-0.8798981,-0.06514204,-0.3976775,-0.179405,-0.002322252,0.002458991,-47.99605
544.6,-4962.258,8910.108,-9061.688,-10.2923,-0.5030765,25.06917,0.2360225,-0.8843839,-0.05784288,-0.3985133,-0.1794846,-0.002409436,0.002370483,-47.96346
544.8,-4964.315,8910.003,-9056.674,-10.27919,-0.5526959,25.06143,0.2201869,-0.8885894,-0.0505319,-0.3992157,-0.1795643,-0.002493327,0.002278878,-47.93088
545,-4966.37,8909.887,-9051.662,-10.26607,-0.602291,25.0537,0.2042691,-0.8925129,-0.04321152,-0.3997845,-0.1796439,-0.002573811,0.002184297,-47.89831
545.2,-4968.422,8909.762,-9046.652,-10.25292,-0.6518626,25.04597,0.1882741,-0.8961526,-0.03588419,-0.4002195,-0.1797237,-0.002650784,0.002086865,-47.86574
545.4,-4970.471,8909.626,-9041.645,-10.23976,-0.7014111,25.03825,0.1722068,-0.899507,-0.02855234,-0.4005206,-0.1798034,-0.002724141,0.001986712,-47.83318
545.6,-4972.518,8909.481,-9036.638,-10.22657,-0.7509372,25.03053,0.1560725,-0.9025744,-0.02121842,-0.4006878,-0.1798832,-0.002793786,0.001883969,-47.80063
545.8,-4974.562,8909.326,-9031.632,-10.21338,-0.8004414,25.02283,0.1398761,-0.9053534,-0.01388488,-0.4007209,-0.179963,-0.002859625,0.001778775,-47.7681
546,-4976.603,8909.161,-9026.628,-10.20017,-0.8499243,25.01512,0.1236228,-0.9078426,-0.006554165,-0.40062,-0.1800428,-0.00292157,0.001671267,-47.73559
546.2,-4978.642,8908.986,-9021.626,-10.18695,-0.8993863,25.00742,0.1073178,-0.9100407,0.0007712704,-0.4003851,-0.1801227,-0.002979539,0.00156159,-47.70307
546.4,-4980.678,8908.802,-9016.625,-10.17372,-0.9488278,24.99973,0.09096622,-0.9119466,0.008088979,-0.4000164,-0.1802026,-0.003033454,0.00144989,-47.67057
546.6,-4982.711,8908.606,-9011.626,-10.16048,-0.9982492,24.99205,0.07457338,-0.9135591,0.01539651,-0.399514,-0.1802826,-0.003083243,0.001336315,-47.63807
546.8,-4984.742,8908.402,-9006.628,-10.14724,-1.047651,24.98437,0.05814448,-0.9148774,0.02269142,-0.398878,-0.1803626,-0.003128839,0.001221018,-47.60558
547,-4986.77,8908.188,-9001.632,-10.13398,-1.097033,24.97669,0.04168482,-0.9159003,0.02997126,-0.3981088,-0.1804426,-0.00317018,0.001104152,-47.57311
547.2,-4988.795,8907.963,-8996.638,-10.12072,-1.146397,24.96902,0.02519968,-0.9166273,0.03723359,-0.3972066,-0.1805227,-0.003207212,0.0009858729,-47.54064
547.4,-4990.818,8907.729,-8991.645,-10.10746,-1.195741,24.96136,0.008694397,-0.9170574,0.04447598,-0.3961717,-0.1806027,-0.003239883,0.0008663401,-47.50818
547.6,-4992.838,8907.485,-8986.653,-10.09418,-1.245067,24.95371,-0.00782569,-0.9171901,0.05169599,-0.3950045,-0.1806829,-0.003268151,0.0007457132,-47.47574
547.8,-4994.856,8907.23,-8981.663,-10.08091,-1.294375,24.94606,-0.02435522,-0.9170249,0.05889119,-0.3937054,-0.180763,-0.003291977,0.0006241541,-47.4433
548,-4996.871,8906.967,-8976.675,-10.06763,-1.343665,24.93841,-0.04088882,-0.9165614,0.06605917,-0.3922749,-0.1808432,-0.003311327,0.0005018261,-47.41088
548.2,-4998.883,8906.693,-8971.688,-10.05435,-1.392937,24.93077,-0.05742109,-0.9157991,0.07319751,-0.3907134,-0.1809235,-0.003326178,0.0003788934,-47.37847
548.4,-5000.893,8906.41,-8966.702,-10.04107,-1.442191,24.92314,-0.07394662,-0.9147379,0.08030381,-0.3890215,-0.1810037,-0.003336506,0.0002555214,-47.34606
548.6,-5002.899,8906.116,-8961.719,-10.02778,-1.491428,24.91551,-0.09046001,-0.9133776,0.08737568,-0.3871999,-0.1810841,-0.0033423,0.0001318763,-47.31367
548.8,-5004.904,8905.813,-8956.736,-10.01449,-1.540648,24.90789,-0.1069558,-0.9117182,0.09441072,-0.3852491,-0.1811644,-0.00334355,8.124602e-06,-47.28129
549,-5006.905,8905.5,-8951.755,-10.00121,-1.589851,24.90028,-0.1234286,-0.9097598,0.1014066,-0.3831699,-0.1812448,-0.003340254,-0.0001155667,-47.24891
549.2,-5008.904,8905.178,-8946.776,-9.987917,-1.639037,24.89267,-0.139873,-0.9075025,0.1083609,-0.3809629,-0.1813252,-0.003332417,-0.0002390306,-47.21654
549.4,-5010.9,8904.845,-8941.798,-9.974629,-1.688206,24.88506,-0.1562834,-0.9049465,0.1152713,-0.3786289,-0.1814056,-0.003320049,-0.0003621002,-47.18419
549.6,-5012.894,8904.502,-8936.822,-9.961341,-1.737358,24.87746,-0.1726545,-0.9020922,0.1221354,-0.3761688,-0.1814861,-0.003303166,-0.0004846091,-47.15185
549.8,-5014.885,8904.149,-8931.848,-9.948053,-1.786494,24.86987,-0.1889808,-0.8989401,0.128951,-0.3735833,-0.1815666,-0.00328179,-0.0006063913,-47.11951
550,-5016.874,8903.787,-8926.874,-9.934768,-1.835614,24.86229,-0.2052569,-0.8954908,0.1357157,-0.3708735,-0.1816472,-0.003255951,-0.0007272818,-47.08718
550.2,-5018.859,8903.416,-8921.902,-9.921482,-1.884717,24.8547,-0.2214772,-0.8917447,0.1424273,-0.3680402,-0.1817278,-0.003225683,-0.0008471166,-47.05486
550.4,-5020.842,8903.033,-8916.933,-9.908198,-1.933805,24.84713,-0.2376365,-0.8877029,0.1490834,-0.3650844,-0.1818084,-0.003191028,-0.0009657329,-47.02256
550.6,-5022.822,8902.642,-8911.964,-9.894916,-1.982876,24.83956,-0.2537292,-0.883366,0.1556818,-0.3620072,-0.1818891,-0.003152031,-0.00108297,-46.99026
550.8,-5024.8,8902.24,-8906.996,-9.881636,-2.031931,24.832,-0.2697499,-0.8787351,0.1622203,-0.3588096,-0.1819698,-0.003108745,-0.001198667,-46.95798
551,-5026.775,8901.829,-8902.03,-9.868357,-2.08097,24.82444,-0.2856932,-0.8738111,0.1686966,-0.3554927,-0.1820505,-0.003061229,-0.001312668,-46.9257
551.2,-5028.747,8901.408,-8897.066,-9.855081,-2.129993,24.81688,-0.3015537,-0.8685952,0.1751086,-0.3520577,-0.1821313,-0.003009547,-0.001424816,-46.89344
551.4,-5030.717,8900.978,-8892.104,-9.841807,-2.179001,24.80934,-0.3173259,-0.8630888,0.181454,-0.3485058,-0.1822121,-0.002953771,-0.001534959,-46.86118
551.6,-5032.684,8900.536,-8887.143,-9.828536,-2.227993,24.8018,-0.3330047,-0.8572932,0.1877308,-0.3448382,-0.1822929,-0.002893974,-0.001642947,-46.82892
551.8,-5034.648,8900.086,-8882.184,-9.815268,-2.276969,24.79426,-0.3485845,-0.8512098,0.1939367,-0.3410562,-0.1823738,-0.00283024,-0.001748631,-46.7967
552,-5036.61,8899.626,-8877.226,-9.802002,-2.325929,24.78673,-0.3640601,-0.84484,0.2000697,-0.3371612,-0.1824547,-0.002762654,-0.001851868,-46.76446
552.2,-5038.569,8899.155,-8872.269,-9.788739,-2.374874,24.77921,-0.3794261,-0.8381858,0.2061276,-0.3331543,-0.1825357,-0.002691309,-0.001952515,-46.73224
552.4,-5040.525,8898.676,-8867.313,-9.77548,-2.423804,24.77169,-0.3946773,-0.8312487,0.2121084,-0.3290372,-0.1826167,-0.002616302,-0.002050434,-46.70003
552.6,-5042.479,8898.187,-8862.36,-9.762223,-2.472718,24.76418,-0.4098083,-0.8240306,0.2180101,-0.3248111,-0.1826977,-0.002537736,-0.002145492,-46.66784
552.8,-5044.431,8897.687,-8857.408,-9.748971,-2.521617,24.75667,-0.424814,-0.8165336,0.2238306,-0.3204776,-0.1827788,-0.002455719,-0.002237557,-46.63566
553,-5046.379,8897.178,-8852.457,-9.735721,-2.5705,24.74917,-0.439689,-0.8087595,0.229568,-0.3160382,-0.1828599,-0.002370362,-0.002326504,-46.60348
553.2,-5048.325,8896.658,-8847.508,-9.722475,-2.619369,24.74167,-0.4544284,-0.8007107,0.2352202,-0.3114944,-0.182941,-0.002281783,-0.002412209,-46.57131
553.4,-5050.268,8896.13,-8842.561,-9.709232,-2.668221,24.73419,-0.4690268,-0.7923892,0.2407854,-0.3068478,-0.1830222,-0.002190104,-0.002494554,-46.53914
553.6,-5052.208,8895.591,-8837.614,-9.695992,-2.717059,24.7267,-0.4834793,-0.7837975,0.2462617,-0.3021,-0.1831034,-0.00209545,-0.002573426,-46.50699
553.8,-5054.146,8895.043,-8832.67,-9.682757,-2.765882,24.71922,-0.4977807,-0.774938,0.2516471,-0.2972527,-0.1831847,-0.001997952,-0.002648716,-46.47486
554,-5056.082,8894.485,-8827.727,-9.669526,-2.814689,24.71175,-0.5119259,-0.7658133,0.2569399,-0.2923076,-0.183266,-0.001897743,-0.00272032,-46.44272
554.2,-5058.014,8893.917,-8822.785,-9.656298,-2.863481,24.70428,-0.52591,-0.756426,0.2621382,-0.2872665,-0.1833473,-0.001794963,-0.002788139,-46.4106
554.4,-5059.944,8893.34,-8817.845,-9.643074,-2.912258,24.69682,-0.539728,-0.7467787,0.2672402,-0.282131,-0.1834287,-0.001689753,-0.002852078,-46.3785
554.6,-5061.871,8892.752,-8812.906,-9.629853,-2.96102,24.68936,-0.5533751,-0.7368744,0.2722442,-0.2769029,-0.1835101,-0.001582258,-0.002912049,-46.3464
554.8,-5063.796,8892.155,-8807.97,-9.616637,-3.009767,24.68191,-0.5668463,-0.7267159,0.2771485,-0.2715842,-0.1835915,-0.001472628,-0.00296797,-46.31431
555,-5065.718,8891.548,-8803.033,-9.603425,-3.058499,24.67447,-0.5801368,-0.7163063,0.2819513,-0.2661766,-0.183673,-0.001361012,-0.003019761,-46.28222
555.2,-5067.637,8890.932,-8798.1,-9.590217,-3.107216,24.66703,-0.593242,-0.7056486,0.2866511,-0.2606821,-0.1837545,-0.001247567,-0.003067351,-46.25014
555.4,-5069.554,8890.306,-8793.167,-9.577012,-3.155918,24.6596,-0.6061569,-0.6947461,0.2912462,-0.2551025,-0.183836,-0.00113245,-0.003110674,-46.21808
555.6,-5071.468,8889.669,-8788.235,-9.563812,-3.204606,24.65217,-0.6188771,-0.683602,0.2957351,-0.24944,-0.1839176,-0.00101582,-0.003149669,-46.18603
555.8,-5073.379,8889.023,-8783.306,-9.550616,-3.253278,24.64474,-0.6313977,-0.6722197,0.3001161,-0.2436963,-0.1839993,-0.0008978394,-0.003184281,-46.15398
556,-5075.289,8888.368,-8778.378,-9.537424,-3.301935,24.63733,-0.6437144,-0.6606027,0.3043878,-0.2378736,-0.1840809,-0.0007786725,-0.003214463,-46.12195
556.2,-5077.194,8887.703,-8773.451,-9.524236,-3.350577,24.62992,-0.6558226,-0.6487545,0.3085488,-0.2319739,-0.1841626,-0.0006584849,-0.003240172,-46.08993
556.4,-5079.098,8887.027,-8768.525,-9.511052,-3.399205,24.62251,-0.6677179,-0.6366788,0.3125975,-0.2259992,-0.1842443,-0.0005374441,-0.003261371,-46.05791
556.6,-5080.999,8886.343,-8763.603,-9.497872,-3.447818,24.61511,-0.6793959,-0.6243793,0.3165326,-0.2199517,-0.1843261,-0.0004157191,-0.003278031,-46.02592
556.8,-5082.897,8885.648,-8758.68,-9.484697,-3.496416,24.60771,-0.6908522,-0.6118599,0.3203528,-0.2138336,-0.1844079,-0.0002934798,-0.003290129,-45.99392
557,-5084.793,8884.944,-8753.759,-9.471526,-3.544999,24.60032,-0.7020828,-0.5991243,0.3240567,-0.2076468,-0.1844898,-0.000170897,-0.003297646,-45.96194
557.2,-5086.686,8884.23,-8748.84,-9.458359,-3.593567,24.59294,-0.7130832,-0.5861766,0.3276429,-0.2013938,-0.1845717,-4.814202e-05,-0.003300573,-45.92995
557.4,-5088.576,8883.507,-8743.922,-9.445196,-3.64212,24.58556,-0.7238495,-0.5730209,0.3311105,-0.1950765,-0.1846536,7.461308e-05,-0.003298904,-45.89799
557.6,-5090.464,8882.773,-8739.006,-9.432037,-3.690659,24.57819,-0.7343776,-0.5596613,0.334458,-0.1886973,-0.1847356,0.0001971963,-0.003292643,-45.86603
557.8,-5092.349,8882.031,-8734.091,-9.418883,-3.739183,24.57082,-0.7446635,-0.546102,0.3376844,-0.1822585,-0.1848176,0.0003194358,-0.003281797,-45.83408
558,-5094.231,8881.278,-8729.177,-9.405733,-3.787693,24.56346,-0.7547033,-0.5323473,0.3407885,-0.1757622,-0.1848996,0.0004411597,-0.003266381,-45.80215
558.2,-5096.111,8880.516,-8724.266,-9.392588,-3.836187,24.5561,-0.7644933,-0.5184017,0.3437694,-0.1692108,-0.1849817,0.0005621971,-0.003246416,-45.77022
558.4,-5097.988,8879.744,-8719.354,-9.379446,-3.884667,24.54875,-0.7740296,-0.5042695,0.3466258,-0.1626067,-0.1850638,0.0006823777,-0.003221931,-45.7383
558.6,-5099.863,8878.962,-8714.445,-9.366309,-3.933132,24.5414,-0.7833086,-0.4899554,0.349357,-0.1559521,-0.1851459,0.0008015322,-0.00319296,-45.7064
558.8,-5101.735,8878.171,-8709.538,-9.353176,-3.981583,24.53406,-0.7923267,-0.4754639,0.3519619,-0.1492494,-0.1852281,0.0009194927,-0.003159543,-45.67449
559,-5103.604,8877.369,-8704.632,-9.340048,-4.030019,24.52673,-0.8010803,-0.4607997,0.3544396,-0.142501,-0.1853104,0.001036093,-0.003121726,-45.64261
559.2,-5105.471,8876.559,-8699.728,-9.326923,-4.07844,24.5194,-0.8095661,-0.4459676,0.3567893,-0.1357093,-0.1853926,0.001151168,-0.003079564,-45.61072
559.4,-5107.335,8875.738,-8694.824,-9.313804,-4.126847,24.51208,-0.8177808,-0.4309723,0.3590102,-0.1288766,-0.1854749,0.001264555,-0.003033115,-45.57886
559.6,-5109.197,8874.907,-8689.923,-9.300689,-4.175239,24.50476,-0.825721,-0.4158188,0.3611014,-0.1220055,-0.1855573,0.001376094,-0.002982445,-45.547
559.8,-5111.055,8874.067,-8685.022,-9.287577,-4.223617,24.49744,-0.8333835,-0.4005121,0.3630624,-0.1150984,-0.1856396,0.001485626,-0.002927625,-45.51514
560,-5112.912,8873.218,-8680.124,-9.27447,-4.271979,24.49014,-0.8407654,-0.3850571,0.3648925,-0.1081576,-0.1857221,0.001592998,-0.002868733,-45.4833
560.2,-5114.765,8872.359,-8675.227,-9.261368,-4.320328,24.48283,-0.8478636,-0.3694589,0.3665909,-0.1011858,-0.1858045,0.001698055,-0.002805851,-45.45147
560.4,-5116.616,8871.49,-8670.33,-9.248269,-4.368661,24.47554,-0.8546752,-0.3537228,0.3681571,-0.09418527,-0.185887,0.001800649,-0.002739069,-45.41965
560.6,-5118.464,8870.611,-8665.437,-9.235175,-4.416981,24.46824,-0.8611974,-0.3378538,0.3695907,-0.08715865,-0.1859695,0.001900634,-0.002668481,-45.38784
560.8,-5120.31,8869.724,-8660.543,-9.222086,-4.465285,24.46096,-0.8674273,-0.3218574,0.3708911,-0.0801084,-0.1860521,0.001997868,-0.002594188,-45.35602
561,-5122.153,8868.825,-8655.651,-9.209001,-4.513576,24.45368,-0.8733627,-0.3057387,0.3720579,-0.07303703,-0.1861347,0.002092212,-0.002516295,-45.32424
561.2,-5123.994,8867.918,-8650.762,-9.195919,-4.561852,24.4464,-0.8790007,-0.2895032,0.3730906,-0.06594707,-0.1862174,0.002183532,-0.002434912,-45.29246
561.4,-5125.832,8867.001,-8645.873,-9.182842,-4.610113,24.43913,-0.884339,-0.2731564,0.373989,-0.05884105,-0.1863,0.002271697,-0.002350156,-45.26067
561.6,-5127.667,8866.074,-8640.986,-9.16977,-4.65836,24.43187,-0.8893753,-0.2567037,0.3747528,-0.05172152,-0.1863827,0.002356581,-0.002262147,-45.2289
561.8,-5129.5,8865.138,-8636.101,-9.156702,-4.706592,24.42461,-0.8941073,-0.2401506,0.3753816,-0.04459102,-0.1864655,0.002438063,-0.00217101,-45.19715
562,-5131.33,8864.191,-8631.216,-9.143639,-4.754809,24.41735,-0.898533,-0.2235028,0.3758754,-0.03745211,-0.1865483,0.002516026,-0.002076876,-45.16541
562.2,-5133.157,8863.235,-8626.333,-9.130579,-4.803013,24.4101,-0.9026502,-0.2067658,0.3762339,-0.03030734,-0.1866311,0.002590358,-0.001979879,-45.13367
562.4,-5134.982,8862.27,-8621.452,-9.117524,-4.851202,24.40286,-0.9064571,-0.1899454,0.3764571,-0.02315927,-0.186714,0.002660954,-0.001880158,-45.10193
562.6,-5136.804,8861.295,-8616.572,-9.104473,-4.899376,24.39562,-0.9099517,-0.1730473,0.3765449,-0.01601046,-0.1867969,0.00272771,-0.001777856,-45.07023
562.8,-5138.624,8860.311,-8611.694,-9.091427,-4.947536,24.38839,-0.9131326,-0.1560773,0.3764973,-0.00886349,-0.1868798,0.002790532,-0.001673118,-45.0385
563,-5140.44,8859.316,-8606.817,-9.078385,-4.995682,24.38116,-0.9159979,-0.1390411,0.3763143,-0.001720919,-0.1869628,0.002849329,-0.001566096,-45.00681
563.2,-5142.255,8858.312,-8601.941,-9.065348,-5.043813,24.37394,-0.9185462,-0.1219446,0.3759961,0.005414685,-0.1870458,0.002904016,-0.001456943,-44.97512
563.4,-5144.067,8857.299,-8597.067,-9.052314,-5.09193,24.36673,-0.9207761,-0.1047937,0.3755428,0.01254076,-0.1871289,0.002954514,-0.001345815,-44.94344
563.6,-5145.876,8856.275,-8592.194,-9.039285,-5.140033,24.35951,-0.9226863,-0.08759431,0.3749546,0.01965473,-0.187212,0.00300075,-0.001232874,-44.91176
563.8,-5147.683,8855.242,-8587.323,-9.02626,-5.188121,24.35231,-0.9242756,-0.07035236,0.3742316,0.02675404,-0.1872951,0.003042658,-0.00111828,-44.8801
564,-5149.486,8854.2,-8582.454,-9.01324,-5.236195,24.34511,-0.925543,-0.05307383,0.3733743,0.03383613,-0.1873783,0.003080176,-0.0010022,-44.84846
564.2,-5151.288,8853.147,-8577.586,-9.000223,-5.284255,24.33791,-0.9264876,-0.03576472,0.3723829,0.04089845,-0.1874615,0.003113251,-0.0008848002,-44.81681
564.4,-5153.086,8852.086,-8572.719,-8.987211,-5.3323,24.33072,-0.9271083,-0.01843106,0.3712579,0.04793845,-0.1875447,0.003141833,-0.000766251,-44.78518
564.6,-5154.883,8851.015,-8567.854,-8.974204,-5.380331,24.32354,-0.9274046,-0.001078912,0.3699996,0.0549536,-0.187628,0.003165883,-0.0006467236,-44.75355
564.8,-5156.676,8849.935,-8562.989,-8.961201,-5.428348,24.31636,-0.9273758,0.01628566,0.3686085,0.06194134,-0.1877113,0.003185363,-0.0005263907,-44.72193
565,-5158.467,8848.844,-8558.127,-8.948202,-5.47635,24.30918,-0.9270213,0.03365657,0.3670852,0.06889916,-0.1877946,0.003200246,-0.0004054267,-44.69033
565.2,-5160.255,8847.743,-8553.266,-8.935207,-5.524338,24.30201,-0.9263409,0.05102769,0.3654303,0.07582454,-0.187878,0.003210511,-0.0002840068,-44.65873
565.4,-5162.041,8846.634,-8548.406,-8.922217,-5.572312,24.29485,-0.9253342,0.0683929,0.3636444,0.08271497,-0.1879614,0.003216141,-0.0001623073,-44.62714
565.6,-5163.824,8845.515,-8543.548,-8.909231,-5.620271,24.28769,-0.924001,0.08574606,0.3617281,0.08956797,-0.1880449,0.003217129,-4.050482e-05,-44.59556
565.8,-5165.605,8844.386,-8538.69,-8.89625,-5.668217,24.28054,-0.9223414,0.103081,0.3596823,0.09638103,-0.1881284,0.003213472,8.12235e-05,-44.56399
566,-5167.383,8843.247,-8533.835,-8.883272,-5.716148,24.27339,-0.9203553,0.1203916,0.3575076,0.1031517,-0.1882119,0.003205176,0.0002027006,-44.53243
566.2,-5169.158,8842.1,-8528.981,-8.870296,-5.763706,24.26624,-0.918043,0.1376717,0.3552048,0.1098775,-0.1882955,0.003192252,0.0003237495,-44.50088
566.4,-5170.931,8840.942,-8524.129,-8.857297,-5.807391,24.25901,-0.9154047,0.1549151,0.3527749,0.116556,-0.1883791,0.003174719,0.0004441938,-44.46934
566.6,-5172.701,8839.776,-8519.278,-8.84427,-5.846611,24.25171,-0.912441,0.1721156,0.3502188,0.1231848,-0.1884628,0.003152602,0.0005638577,-44.43781
566.8,-5174.469,8838.604,-8514.429,-8.831218,-5.881711,24.24438,-0.9091522,0.1892671,0.3475374,0.1297615,-0.1885464,0.003125933,0.0006825664,-44.40629
567,-5176.234,8837.424,-8509.58,-8.818143,-5.913008,24.23702,-0.9055391,0.2063634,0.3447317,0.1362837,-0.1886302,0.003094752,0.0008001464,-44.37478
567.2,-5177.996,8836.239,-8504.733,-8.805047,-5.940796,24.22965,-0.9016024,0.2233983,0.3418028,0.1427489,-0.1887139,0.003059102,0.0009164255,-44.34327
567.4,-5179.756,8835.048,-8499.889,-8.791933,-5.965347,24.22229,-0.897343,0.2403656,0.3387518,0.1491549,-0.1887977,0.003019036,0.001031234,-44.31177
567.6,-5181.513,8833.853,-8495.045,-8.778802,-5.986911,24.21494,-0.8927619,0.2572593,0.3355798,0.1554993,-0.1888816,0.002974613,0.001144402,-44.28029
567.8,-5183.267,8832.653,-8490.202,-8.765656,-6.00572,24.2076,-0.8878603,0.2740731,0.332288,0.1617798,-0.1889654,0.002925897,0.001255765,-44.24882
568,-5185.019,8831.451,-8485.361,-8.752497,-6.021986,24.20028,-0.8826394,0.290801,0.3288776,0.1679941,-0.1890493,0.00287296,0.001365159,-44.21735
568.2,-5186.768,8830.245,-8480.522,-8.739325,-6.035909,24.19299,-0.8771005,0.3074368,0.32535,0.17414,-0.1891333,0.002815879,0.001472423,-44.18589
568.4,-5188.515,8829.036,-8475.685,-8.726143,-6.047667,24.18572,-0.8712451,0.3239745,0.3217064,0.1802151,-0.1892172,0.002754738,0.001577399,-44.15444
568.6,-5190.259,8827.826,-8470.848,-8.71295,-6.057431,24.17847,-0.8650748,0.3404079,0.3179483,0.1862173,-0.1893013,0.002689626,0.001679932,-44.12301
568.8,-5192,8826.613,-8466.013,-8.699749,-6.065354,24.17125,-0.8585914,0.3567311,0.314077,0.1921445,-0.1893853,0.002620639,0.001779872,-44.09159
569,-5193.739,8825.4,-8461.18,-8.686541,-6.071579,24.16405,-0.8517965,0.3729379,0.3100939,0.1979943,-0.1894694,0.002547878,0.00187707,-44.06017
569.2,-5195.475,8824.186,-8456.348,-8.673326,-6.07624,24.15686,-0.8446923,0.3890225,0.3060006,0.2037647,-0.1895535,0.002471452,0.001971383,-44.02875
569.4,-5197.208,8822.97,-8451.517,-8.660104,-6.079456,24.1497,-0.8372807,0.4049788,0.3017987,0.2094535,-0.1896377,0.002391471,0.002062672,-43.99735
569.6,-5198.938,8821.754,-8446.688,-8.646878,-6.081341,24.14256,-0.829564,0.4208008,0.2974896,0.2150587,-0.1897219,0.002308055,0.002150801,-43.96596
569.8,-5200.667,8820.537,-8441.859,-8.633647,-6.081998,24.13544,-0.8215443,0.4364828,0.293075,0.2205783,-0.1898061,0.002221327,0.002235639,-43.93459
570,-5202.392,8819.32,-8437.033,-8.620413,-6.081523,24.12833,-0.8132242,0.4520187,0.2885566,0.2260101,-0.1898904,0.002131414,0.002317062,-43.90322
570.2,-5204.115,8818.104,-8432.208,-8.607175,-6.080004,24.12124,-0.8046061,0.4674029,0.283936,0.2313523,-0.1899747,0.00203845,0.002394947,-43.87185
570.4,-5205.835,8816.889,-8427.385,-8.593934,-6.077521,24.11417,-0.7956927,0.4826294,0.279215,0.2366028,-0.190059,0.001942573,0.002469179,-43.84051
570.6,-5207.552,8815.674,-8422.562,-8.580691,-6.074152,24.1071,-0.7864867,0.4976927,0.2743954,0.2417597,-0.1901434,0.001843924,0.002539648,-43.80915
570.8,-5209.267,8814.459,-8417.742,-8.567448,-6.069964,24.10005,-0.7769911,0.5125868,0.269479,0.2468211,-0.1902278,0.001742651,0.002606249,-43.77782
571,-5210.979,8813.246,-8412.923,-8.554202,-6.065022,24.09301,-0.7672087,0.5273063,0.2644676,0.2517852,-0.1903123,0.001638903,0.002668882,-43.7465
571.2,-5212.689,8812.033,-8408.104,-8.540956,-6.059383,24.08598,-0.7571427,0.5418454,0.2593631,0.2566501,-0.1903967,0.001532835,0.002727453,-43.71519
571.4,-5214.396,8810.822,-8403.288,-8.527709,-6.053104,24.07896,-0.7467962,0.5561988,0.2541675,0.2614141,-0.1904813,0.001424605,0.002781876,-43.68387
571.6,-5216.1,8809.612,-8398.473,-8.514462,-6.046234,24.07195,-0.7361726,0.5703607,0.2488827,0.2660753,-0.1905658,0.001314375,0.002832068,-43.65258
571.8,-5217.802,8808.403,-8393.659,-8.501216,-6.03882,24.06495,-0.7252752,0.5843259,0.2435106,0.2706322,-0.1906504,0.001202308,0.002877954,-43.62128
572,-5219.5,8807.196,-8388.847,-8.487969,-6.030903,24.05796,-0.7141077,0.5980888,0.2380534,0.2750829,-0.1907351,0.001088572,0.002919466,-43.59
572.2,-5221.197,8805.991,-8384.036,-8.474724,-6.022524,24.05097,-0.7026736,0.6116443,0.232513,0.2794259,-0.1908197,0.0009733362,0.002956541,-43.55874
572.4,-5222.89,8804.787,-8379.227,-8.461479,-6.013719,24.04399,-0.6909767,0.6249869,0.2268916,0.2836596,-0.1909044,0.0008567743,0.002989124,-43.52747
572.6,-5224.581,8803.586,-8374.419,-8.448236,-6.004521,24.03702,-0.6790208,0.6381117,0.2211913,0.2877823,-0.1909892,0.0007390603,0.003017165,-43.49622
572.8,-5226.27,8802.386,-8369.612,-8.434993,-5.994961,24.03005,-0.6668099,0.6510133,0.2154143,0.2917927,-0.1910739,0.0006203706,0.003040621,-43.46497
573,-5227.955,8801.188,-8364.807,-8.421753,-5.985067,24.02309,-0.654348,0.6636868,0.2095626,0.2956891,-0.1911588,0.0005008833,0.003059458,-43.43374
573.2,-5229.638,8799.992,-8360.003,-8.408514,-5.974867,24.01614,-0.6416393,0.6761271,0.2036386,0.2994702,-0.1912436,0.0003807778,0.003073646,-43.40252
573.4,-5231.319,8798.798,-8355.2,-8.395277,-5.964384,24.00919,-0.628688,0.6883294,0.1976445,0.3031346,-0.1913285,0.0002602347,0.003083165,-43.3713
573.6,-5232.997,8797.606,-8350.399,-8.382042,-5.953641,24.00224,-0.6154985,0.7002888,0.1915826,0.306681,-0.1914134,0.0001394354,0.003087998,-43.34009
573.8,-5234.671,8796.416,-8345.6,-8.368809,-5.942657,23.9953,-0.6020753,0.7120005,0.1854551,0.3101079,-0.1914984,1.856182e-05,0.003088139,-43.30889
574,-5236.344,8795.229,-8340.801,-8.355578,-5.931453,23.98837,-0.5884229,0.72346,0.1792643,0.3134142,-0.1915834,-0.0001022038,0.003083588,-43.2777
574.2,-5238.014,8794.044,-8336.004,-8.34235,-5.920046,23.98144,-0.574546,0.7346624,0.1730127,0.3165987,-0.1916684,-0.0002226794,0.00307435,-43.24653
574.4,-5239.681,8792.861,-8331.208,-8.329124,-5.908452,23.97452,-0.5604492,0.7456034,0.1667026,0.31966,-0.1917535,-0.0003426827,0.003060439,-43.21535
574.6,-5241.345,8791.681,-8326.414,-8.315901,-5.896685,23.9676,-0.5461374,0.7562785,0.1603364,0.3225973,-0.1918386,-0.0004620325,0.003041877,-43.18419
574.8,-5243.007,8790.502,-8321.621,-8.302681,-5.88476,23.96069,-0.5316156,0.7666833,0.1539165,0.3254093,-0.1919237,-0.0005805481,0.00301869,-43.15304
575,-5244.667,8789.326,-8316.83,-8.289508,-5.872766,23.95378,-0.5168887,0.7768137,0.1474453,0.328095,-0.1920089,-0.00069805,0.002990914,-43.12189
575.2,-5246.323,8788.153,-8312.04,-8.276759,-5.861362,23.94687,-0.5019619,0.7866654,0.1409253,0.3306535,-0.1920941,-0.00081436,0.002958589,-43.09077
575.4,-5247.977,8786.982,-8307.251,-8.264488,-5.850646,23.93995,-0.4868404,0.7962344,0.1343591,0.3330837,-0.1921794,-0.0009293017,0.002921766,-43.05964
575.6,-5249.629,8785.812,-8302.464,-8.252657,-5.840567,23.93304,-0.4715294,0.8055167,0.127749,0.3353849,-0.1922647,-0.0010427,0.0028805,-43.02851
575.8,-5251.278,8784.646,-8297.678,-8.241232,-5.831075,23.92613,-0.4560343,0.8145084,0.1210977,0.3375562,-0.19235,-0.001154384,0.002834852,-42.99741
576,-5252.925,8783.48,-8292.894,-8.230181,-5.822123,23.91922,-0.4403605,0.8232057,0.1144076,0.3395967,-0.1924354,-0.001264181,0.002784892,-42.9663
576.2,-5254.57,8782.316,-8288.11,-8.219475,-5.813669,23.91232,-0.4245136,0.831605,0.1076813,0.3415057,-0.1925208,-0.001371926,0.002730696,-42.93522
576.4,-5256.213,8781.155,-8283.328,-8.209086,-5.805675,23.90542,-0.4084991,0.8397025,0.1009213,0.3432826,-0.1926062,-0.001477454,0.002672347,-42.90414
576.6,-5257.854,8779.994,-8278.548,-8.198993,-5.798103,23.89853,-0.3923228,0.8474951,0.09413036,0.3449267,-0.1926917,-0.001580604,0.002609932,-42.87307
576.8,-5259.493,8778.836,-8273.769,-8.189169,-5.790923,23.89164,-0.3759903,0.8549791,0.08731094,0.3464374,-0.1927772,-0.001681218,0.002543546,-42.842
577,-5261.13,8777.678,-8268.991,-8.179594,-5.784101,23.88475,-0.3595075,0.8621514,0.08046568,0.3478141,-0.1928627,-0.001779143,0.002473292,-42.81095
577.2,-5262.765,8776.522,-8264.215,-8.17025,-5.777612,23.87787,-0.3428803,0.8690087,0.07359719,0.3490564,-0.1929483,-0.001874227,0.002399275,-42.7799
577.4,-5264.398,8775.367,-8259.44,-8.161118,-5.771428,23.871,-0.3261147,0.8755482,0.06670812,0.3501638,-0.1930339,-0.001966327,0.00232161,-42.74886
577.6,-5266.029,8774.214,-8254.667,-8.152181,-5.765526,23.86413,-0.3092166,0.8817667,0.05980109,0.3511359,-0.1931196,-0.0020553,0.002240414,-42.71784
577.8,-5267.659,8773.061,-8249.895,-8.143425,-5.759883,23.85727,-0.2921922,0.8876615,0.05287876,0.3519724,-0.1932053,-0.00214101,0.002155812,-42.68682
578,-5269.287,8771.909,-8245.124,-8.134835,-5.75448,23.85042,-0.2750476,0.89323,0.04594379,0.352673,-0.193291,-0.002223324,0.002067933,-42.6558
578.2,-5270.913,8770.759,-8240.354,-8.126399,-5.749298,23.84357,-0.257789,0.8984693,0.03899882,0.3532375,-0.1933768,-0.002302117,0.001976912,-42.62481
578.4,-5272.537,8769.609,-8235.586,-8.118105,-5.744318,23.83673,-0.2404228,0.9033773,0.03204654,0.3536656,-0.1934626,-0.002377267,0.00188289,-42.59382
578.6,-5274.16,8768.461,-8230.819,-8.109941,-5.739526,23.82989,-0.2229552,0.9079514,0.02508962,0.3539574,-0.1935484,-0.002448658,0.001786009,-42.56283
578.8,-5275.781,8767.313,-8226.055,-8.101898,-5.734907,23.82306,-0.2053926,0.9121894,0.01813072,0.3541125,-0.1936343,-0.00251618,0.00168642,-42.53185
579,-5277.401,8766.167,-8221.29,-8.093966,-5.730447,23.81623,-0.1877414,0.9160892,0.01117253,0.3541312,-0.1937202,-0.002579729,0.001584276,-42.50089
579.2,-5279.019,8765.021,-8216.528,-8.086136,-5.726133,23.80941,-0.1700082,0.9196489,0.004217736,0.3540133,-0.1938062,-0.002639205,0.001479734,-42.46993
579.4,-5280.635,8763.877,-8211.767,-8.078402,-5.721955,23.80259,-0.1521994,0.9228665,-0.002730995,0.353759,-0.1938922,-0.002694518,0.001372954,-42.43899
579.6,-5282.25,8762.732,-8207.007,-8.070754,-5.717902,23.79578,-0.1343217,0.9257402,-0.00967098,0.3533683,-0.1939782,-0.002745581,0.001264103,-42.40804
579.8,-5283.863,8761.59,-8202.248,-8.063187,-5.713963,23.78898,-0.1163816,0.9282686,-0.01659954,0.3528416,-0.1940643,-0.002792315,0.001153348,-42.37711
580,-5285.476,8760.447,-8197.491,-8.055695,-5.710131,23.78218,-0.09838578,0.9304501,-0.02351401,0.3521789,-0.1941504,-0.002834647,0.00104086,-42.3462
580.2,-5287.086,8759.306,-8192.735,-8.048271,-5.706395,23.77538,-0.080341,0.9322833,-0.0304117,0.3513806,-0.1942365,-0.002872512,0.0009268144,-42.31528
580.4,-5288.695,8758.165,-8187.981,-8.040911,-5.70275,23.7686,-0.06225394,0.933767,-0.03728997,0.3504471,-0.1943227,-0.002905849,0.0008113871,-42.28438
580.6,-5290.302,8757.024,-8183.228,-8.033609,-5.699188,23.76181,-0.04413137,0.9349,-0.04414613,0.3493787,-0.1944089,-0.002934609,0.0006947573,-42.25349
580.8,-5291.908,8755.885,-8178.477,-8.026361,-5.695702,23.75504,-0.02598008,0.9356815,-0.05097755,0.3481759,-0.1944952,-0.002958744,0.0005771061,-42.2226
581,-5293.513,8754.746,-8173.726,-8.019164,-5.692287,23.74826,-0.007806888,0.9361105,-0.05778158,0.3468392,-0.1945815,-0.002978218,0.0004586164,-42.19172
581.2,-5295.116,8753.608,-8168.977,-8.012012,-5.688936,23.7415,0.01038136,0.9361864,-0.06455559,0.3453692,-0.1946678,-0.002993,0.0003394726,-42.16085
581.4,-5296.717,8752.471,-8164.229,-8.004904,-5.685646,23.73473,0.0285778,0.9359085,-0.07129695,0.3437664,-0.1947542,-0.003003066,0.0002198601,-42.13
581.6,-5298.318,8751.334,-8159.483,-7.997835,-5.682411,23.72798,0.04677555,0.9352764,-0.07800303,0.3420315,-0.1948406,-0.0030084,9.996547e-05,-42.09914
581.8,-5299.917,8750.197,-8154.738,-7.990754,-5.679158,23.72122,0.06496769,0.9342899,-0.08467124,0.3401652,-0.1949271,-0.003008994,-2.00243e-05,-42.0683
582,-5301.514,8749.062,-8149.995,-7.983199,-5.675236,23.71448,0.08314732,0.9329486,-0.091299,0.3381683,-0.1950136,-0.003004847,-0.0001399218,-42.03747
582.2,-5303.11,8747.928,-8145.252,-7.975092,-5.670534,23.70774,0.1013075,0.9312527,-0.09788373,0.3360415,-0.1951001,-0.002995964,-0.0002595396,-42.00664
582.4,-5304.704,8746.794,-8140.512,-7.966478,-5.665114,23.70102,0.1194413,0.9292021,-0.1044229,0.3337859,-0.1951866,-0.002982359,-0.0003786905,-41.97582
582.6,-5306.296,8745.662,-8135.772,-7.957397,-5.659034,23.69429,0.1375418,0.9267972,-0.1109139,0.3314022,-0.1952733,-0.002964053,-0.0004971879,-41.94501
582.8,-5307.887,8744.53,-8131.034,-7.947886,-5.652347,23.68758,0.1556019,0.9240381,-0.1173542,0.3288914,-0.1953599,-0.002941075,-0.0006148461,-41.91422
583,-5309.476,8743.4,-8126.297,-7.937979,-5.645099,23.68087,0.1736148,0.9209256,-0.1237414,0.3262546,-0.1954466,-0.00291346,-0.0007314803,-41.88343
583.2,-5311.062,8742.272,-8121.562,-7.927709,-5.637336,23.67417,0.1915736,0.9174601,-0.1300729,0.3234928,-0.1955333,-0.002881251,-0.0008469074,-41.85265
583.4,-5312.646,8741.146,-8116.827,-7.917103,-5.629099,23.66748,0.2094712,0.9136425,-0.1363463,0.3206071,-0.19562,-0.002844498,-0.000960946,-41.82187
583.6,-5314.229,8740.021,-8112.095,-7.906189,-5.620427,23.66079,0.2273007,0.9094737,-0.1425591,0.3175988,-0.1957068,-0.00280326,-0.001073417,-41.79111
583.8,-5315.809,8738.897,-8107.363,-7.894992,-5.611352,23.6541,0.2450552,0.9049547,-0.1487089,0.3144689,-0.1957937,-0.002757599,-0.001184142,-41.76037
584,-5317.387,8737.776,-8102.633,-7.883534,-5.601908,23.64742,0.2627277,0.9000867,-0.1547933,0.3112188,-0.1958806,-0.00270759,-0.001292947,-41.72962
584.2,-5318.962,8736.657,-8097.904,-7.871837,-5.592125,23.64075,0.2803114,0.8948711,-0.16081,0.3078498,-0.1959675,-0.002653308,-0.001399661,-41.69887
584.4,-5320.536,8735.54,-8093.177,-7.859919,-5.582029,23.63408,0.2977994,0.8893092,-0.1667565,0.3043632,-0.1960544,-0.002594841,-0.001504115,-41.66814
584.6,-5322.106,8734.424,-8088.45,-7.847799,-5.571645,23.62741,0.3151847,0.8834028,-0.1726306,0.3007605,-0.1961414,-0.002532281,-0.001606144,-41.63743
584.8,-5323.675,8733.311,-8083.726,-7.835493,-5.560997,23.62075,0.3324606,0.8771534,-0.1784299,0.2970431,-0.1962284,-0.002465724,-0.001705585,-41.60671
585,-5325.241,8732.2,-8079.002,-7.823015,-5.550106,23.61409,0.3496203,0.8705631,-0.1841522,0.2932124,-0.1963155,-0.002395278,-0.001802283,-41.57601
585.2,-5326.804,8731.091,-8074.28,-7.81038,-5.538991,23.60744,0.3666569,0.8636338,-0.1897953,0.2892701,-0.1964026,-0.002321053,-0.001896082,-41.54532
585.4,-5328.365,8729.984,-8069.559,-7.797601,-5.527671,23.60079,0.3835636,0.8563676,-0.1953569,0.2852177,-0.1964898,-0.002243167,-0.001986835,-41.51464
585.6,-5329.923,8728.88,-8064.84,-7.784689,-5.516162,23.59414,0.4003338,0.8487669,-0.2008348,0.2810569,-0.196577,-0.002161742,-0.002074397,-41.48395
585.8,-5331.479,8727.777,-8060.122,-7.771655,-5.50448,23.5875,0.4169608,0.840834,-0.206227,0.2767894,-0.1966642,-0.002076909,-0.002158629,-41.45328
586,-5333.032,8726.678,-8055.405,-7.75851,-5.492638,23.58087,0.4334379,0.8325715,-0.2115312,0.2724167,-0.1967515,-0.001988801,-0.002239397,-41.42263
586.2,-5334.582,8725.581,-8050.689,-7.745261,-5.480649,23.57423,0.4497584,0.8239821,-0.2167455,0.2679408,-0.1968388,-0.00189756,-0.002316571,-41.39197
586.4,-5336.13,8724.485,-8045.975,-7.731919,-5.468526,23.5676,0.4659159,0.8150686,-0.2218677,0.2633635,-0.1969261,-0.001803328,-0.002390029,-41.36133
586.6,-5337.675,8723.394,-8041.262,-7.718491,-5.456279,23.56098,0.4819038,0.8058339,-0.2268959,0.2586865,-0.1970135,-0.001706258,-0.002459654,-41.33071
586.8,-5339.217,8722.304,-8036.551,-7.704983,-5.443919,23.55436,0.4977156,0.7962812,-0.231828,0.2539117,-0.197101,-0.001606502,-0.002525334,-41.30009
587,-5340.757,8721.216,-8031.84,-7.691402,-5.431455,23.54774,0.5133449,0.7864137,-0.2366622,0.2490412,-0.1971884,-0.001504222,-0.002586963,-41.26946
587.2,-5342.293,8720.131,-8027.131,-7.677756,-5.418895,23.54113,0.5287855,0.7762346,-0.2413966,0.2440768,-0.1972759,-0.001399579,-0.002644444,-41.23885
587.4,-5343.828,8719.048,-8022.424,-7.664049,-5.406247,23.53452,0.5440308,0.7657475,-0.2460292,0.2390206,-0.1973635,-0.001292741,-0.002697684,-41.20826
587.6,-5345.359,8717.968,-8017.718,-7.650285,-5.393519,23.52791,0.5590749,0.754956,-0.2505583,0.2338745,-0.1974511,-0.001183879,-0.002746597,-41.17766
587.8,-5346.888,8716.891,-8013.013,-7.636471,-5.380718,23.52131,0.5739113,0.7438638,-0.254982,0.2286408,-0.1975387,-0.001073167,-0.002791105,-41.14709
588,-5348.414,8715.816,-8008.309,-7.622611,-5.36785,23.51471,0.5885341,0.7324748,-0.2592987,0.2233215,-0.1976264,-0.0009607828,-0.002831136,-41.11651
588.2,-5349.937,8714.744,-8003.607,-7.608708,-5.354919,23.50812,0.6029372,0.7207929,-0.2635067,0.2179187,-0.1977141,-0.0008469066,-0.002866626,-41.08594
588.4,-5351.458,8713.674,-7998.906,-7.594766,-5.341932,23.50153,0.6171146,0.7088223,-0.2676041,0.2124346,-0.1978018,-0.0007317213,-0.002897517,-41.0554
588.6,-5352.975,8712.606,-7994.206,-7.580789,-5.328894,23.49495,0.6310605,0.6965672,-0.2715896,0.2068716,-0.1978896,-0.000615412,-0.002923759,-41.02485
588.8,-5354.49,8711.542,-7989.508,-7.56678,-5.315808,23.48837,0.6447689,0.684032,-0.2754616,0.2012317,-0.1979774,-0.0004981658,-0.00294531,-40.9943
589,-5356.001,8710.48,-7984.811,-7.552741,-5.302679,23.48179,0.6582342,0.6712211,-0.2792183,0.1955173,-0.1980653,-0.0003801715,-0.002962134,-40.96377
589.2,-5357.511,8709.421,-7980.115,-7.538676,-5.28951,23.47522,0.6714508,0.6581392,-0.2828585,0.1897308,-0.1981532,-0.0002616194,-0.002974204,-40.93325
589.4,-5359.017,8708.365,-7975.421,-7.524586,-5.276306,23.46865,0.684413,0.6447909,-0.2863806,0.1838744,-0.1982412,-0.0001427008,-0.002981501,-40.90273
589.6,-5360.521,8707.311,-7970.728,-7.510475,-5.263069,23.46209,0.6971152,0.6311811,-0.2897834,0.1779506,-0.1983292,-2.360769e-05,-0.002984012,-40.87223
589.8,-5362.021,8706.26,-7966.036,-7.496343,-5.249802,23.45552,0.7095523,0.6173146,-0.2930654,0.1719617,-0.1984172,9.546733e-05,-0.002981733,-40.84173
590,-5363.519,8705.211,-7961.346,-7.482194,-5.236507,23.44897,0.7217188,0.6031967,-0.2962253,0.1659102,-0.1985053,0.0002143316,-0.002974668,-40.81124
590.2,-5365.014,8704.165,-7956.656,-7.468029,-5.223188,23.44242,0.7336096,0.5888326,-0.299262,0.1597986,-0.1985934,0.0003327926,-0.002962827,-40.78077
590.4,-5366.506,8703.122,-7951.969,-7.453848,-5.209847,23.43587,0.7452193,0.5742273,-0.3021742,0.1536292,-0.1986815,0.0004506582,-0.002946229,-40.7503
590.6,-5367.996,8702.081,-7947.282,-7.439655,-5.196486,23.42933,0.7565433,0.5593863,-0.3049607,0.1474047,-0.1987697,0.0005677371,-0.002924901,-40.71984
590.8,-5369.482,8701.043,-7942.597,-7.425451,-5.183106,23.42279,0.7675764,0.5443152,-0.3076206,0.1411276,-0.1988579,0.0006838392,-0.002898877,-40.68938
591,-5370.966,8700.008,-7937.913,-7.411235,-5.16971,23.41626,0.7783139,0.5290195,-0.3101527,0.1348005,-0.1989462,0.0007987757,-0.002868199,-40.65894
591.2,-5372.447,8698.976,-7933.23,-7.397011,-5.156299,23.40973,0.788751,0.513505,-0.3125561,0.1284258,-0.1990345,0.0009123595,-0.002832918,-40.6285
591.4,-5373.925,8697.945,-7928.549,-7.382778,-5.142874,23.4032,0.7988832,0.4977774,-0.3148298,0.1220063,-0.1991229,0.001024406,-0.002793089,-40.59807
591.6,-5375.4,8696.918,-7923.869,-7.368538,-5.129437,23.39668,0.808706,0.4818426,-0.3169729,0.1155444,-0.1992113,0.001134731,-0.002748778,-40.56765
591.8,-5376.872,8695.894,-7919.19,-7.354292,-5.11599,23.39016,0.818215,0.4657067,-0.3189846,0.109043,-0.1992997,0.001243156,-0.002700057,-40.53724
592,-5378.341,8694.872,-7914.513,-7.34004,-5.102533,23.38365,0.8274058,0.4493758,-0.3208642,0.1025046,-0.1993882,0.001349504,-0.002647004,-40.50684
592.2,-5379.808,8693.853,-7909.837,-7.325783,-5.089067,23.37714,0.8362745,0.432856,-0.3226108,0.09593184,-0.1994767,0.0014536,-0.002589707,-40.47645
592.4,-5381.272,8692.836,-7905.162,-7.311523,-5.075595,23.37064,0.8448169,0.4161537,-0.3242239,0.08932749,-0.1995653,0.001555273,-0.002528259,-40.44605
592.6,-5382.733,8691.822,-7900.489,-7.297259,-5.062115,23.36414,0.8530292,0.3992751,-0.3257027,0.08269424,-0.1996539,0.001654358,-0.00246276,-40.41567
592.8,-5384.191,8690.812,-7895.816,-7.282992,-5.04863,23.35765,0.8609076,0.3822268,-0.3270468,0.07603478,-0.1997425,0.001750692,-0.002393316,-40.38531
593,-5385.646,8689.803,-7891.146,-7.268723,-5.03514,23.35115,0.8684483,0.3650153,-0.3282557,0.06935187,-0.1998312,0.001844117,-0.002320043,-40.35494
593.2,-5387.098,8688.797,-7886.476,-7.254453,-5.021646,23.34467,0.8756479,0.3476471,-0.3293287,0.06264821,-0.1999199,0.001934479,-0.002243059,-40.32459
593.4,-5388.548,8687.794,-7881.808,-7.240181,-5.008148,23.33819,0.882503,0.3301291,-0.3302657,0.05592659,-0.2000086,0.002021629,-0.002162492,-40.29426
593.6,-5389.994,8686.794,-7877.141,-7.225908,-4.994647,23.33171,0.8890103,0.312468,-0.3310662,0.04918974,-0.2000974,0.002105424,-0.002078473,-40.26392
593.8,-5391.438,8685.796,-7872.475,-7.211635,-4.981143,23.32524,0.8951666,0.2946706,-0.3317299,0.04244043,-0.2001863,0.002185727,-0.00199114,-40.23359
594,-5392.879,8684.802,-7867.811,-7.197362,-4.967638,23.31877,0.900969,0.2767438,-0.3322567,0.03568144,-0.2002752,0.002262403,-0.001900638,-40.20327
594.2,-5394.317,8683.81,-7863.147,-7.183089,-4.954132,23.3123,0.9064146,0.2586947,-0.3326462,0.02891554,-0.2003641,0.002335327,-0.001807114,-40.17296
594.4,-5395.752,8682.819,-7858.486,-7.168817,-4.940624,23.30584,0.9115006,0.2405303,-0.3328985,0.02214552,-0.200453,0.002404378,-0.001710724,-40.14266
594.6,-5397.185,8681.833,-7853.825,-7.154545,-4.927116,23.29939,0.9162244,0.2222578,-0.3330134,0.01537417,-0.200542,0.002469442,-0.001611626,-40.11236
594.8,-5398.614,8680.849,-7849.166,-7.140274,-4.913608,23.29294,0.9205836,0.2038842,-0.332991,0.008604264,-0.2006311,0.002530411,-0.001509984,-40.08208
595,-5400.041,8679.867,-7844.508,-7.126005,-4.900099,23.28649,0.9245759,0.1854169,-0.3328312,0.001838599,-0.2007202,0.002587183,-0.001405966,-40.05181
595.2,-5401.464,8678.889,-7839.852,-7.111738,-4.886591,23.28005,0.9281991,0.1668631,-0.3325343,-0.004920038,-0.2008093,0.002639666,-0.001299744,-40.02154
595.4,-5402.885,8677.913,-7835.196,-7.097472,-4.873084,23.27361,0.931451,0.1482302,-0.3321003,-0.01166886,-0.2008984,0.00268777,-0.001191494,-39.99128
595.6,-5404.303,8676.939,-7830.542,-7.083208,-4.859577,23.26718,0.93433,0.1295255,-0.3315295,-0.01840508,-0.2009876,0.002731416,-0.001081395,-39.96102
595.8,-5405.719,8675.969,-7825.889,-7.068946,-4.846072,23.26075,0.9368342,0.1107567,-0.3308221,-0.02512592,-0.2010769,0.002770532,-0.0009696308,-39.93078
596,-5407.131,8675.001,-7821.238,-7.054687,-4.832568,23.25432,0.938962,0.09193098,-0.3299786,-0.0318286,-0.2011662,0.002805052,-0.0008563865,-39.90055
596.2,-5408.541,8674.036,-7816.587,-7.040429,-4.819066,23.2479,0.9407121,0.07305606,-0.3289992,-0.03851035,-0.2012555,0.002834918,-0.0007418504,-39.87032
596.4,-5409.947,8673.073,-7811.938,-7.026175,-4.805566,23.24149,0.9420831,0.05413947,-0.3278845,-0.04516841,-0.2013448,0.00286008,-0.0006262131,-39.84009
596.6,-5411.351,8672.114,-7807.291,-7.011922,-4.792067,23.23507,0.9430738,0.03518879,-0.3266348,-0.05180002,-0.2014342,0.002880497,-0.0005096673,-39.8099
596.8,-5412.752,8671.156,-7802.645,-6.997674,-4.778571,23.22867,0.9436833,0.01621168,-0.3252509,-0.05840244,-0.2015237,0.002896133,-0.0003924074,-39.77968
597,-5414.15,8670.202,-7798,-6.983427,-4.765077,23.22227,0.9439108,-0.0027842,-0.3237333,-0.06497293,-0.2016132,0.002906962,-0.0002746291,-39.7495
597.2,-5415.545,8669.251,-7793.355,-6.969183,-4.751585,23.21587,0.9437555,-0.02179116,-0.3220826,-0.07150877,-0.2017027,0.002912966,-0.0001565291,-39.71931
597.4,-5416.938,8668.302,-7788.713,-6.954943,-4.738096,23.20947,0.943217,-0.04080148,-0.3202997,-0.07800726,-0.2017922,0.002914135,-3.830499e-05,-39.68914
597.6,-5418.327,8667.355,-7784.072,-6.940706,-4.724609,23.20308,0.9422948,-0.05980743,-0.3183852,-0.08446568,-0.2018818,0.002910466,7.984531e-05,-39.65897
597.8,-5419.714,8666.412,-7779.432,-6.926472,-4.711125,23.1967,0.9409888,-0.07880125,-0.3163401,-0.09088137,-0.2019715,0.002901965,0.0001977239,-39.62881
598,-5421.098,8665.471,-7774.793,-6.912241,-4.697644,23.19032,0.9392989,-0.09777518,-0.3141652,-0.09725165,-0.2020611,0.002888646,0.0003151329,-39.59865
598.2,-5422.479,8664.533,-7770.156,-6.898014,-4.684166,23.18394,0.9372252,-0.1167214,-0.3118615,-0.1035739,-0.2021509,0.002870531,0.0004318754,-39.56852
598.4,-5423.857,8663.598,-7765.52,-6.88379,-4.670691,23.17757,0.9347679,-0.1356322,-0.3094299,-0.1098455,-0.2022406,0.00284765,0.0005477552,-39.53838
598.6,-5425.232,8662.665,-7760.885,-6.869569,-4.657219,23.1712,0.9319275,-0.1544998,-0.3068715,-0.1160637,-0.2023304,0.002820042,0.0006625772,-39.50825
598.8,-5426.605,8661.734,-7756.251,-6.855351,-4.64375,23.16483,0.9287046,-0.1733163,-0.3041875,-0.1222261,-0.2024202,0.002787752,0.0007761482,-39.47812
599,-5427.975,8660.807,-7751.619,-6.841138,-4.630284,23.15847,0.9250998,-0.192074,-0.301379,-0.1283301,-0.2025101,0.002750834,0.0008882769,-39.44802
599.2,-5429.341,8659.883,-7746.988,-6.826928,-4.616822,23.15212,0.9211141,-0.210765,-0.2984472,-0.1343731,-0.2026,0.002709351,0.000998774,-39.41791
599.4,-5430.705,8658.96,-7742.358,-6.812721,-4.603363,23.14577,0.9167485,-0.2293817,-0.2953934,-0.1403525,-0.20269,0.002663373,0.001107453,-39.38782
599.6,-5432.066,8658.041,-7737.729,-6.798518,-4.589907,23.13942,0.9120043,-0.2479163,-0.2922189,-0.146266,-0.20278,0.002612975,0.00121413,-39.35773
599.8,-5433.425,8657.124,-7733.102,-6.784319,-4.576454,23.13308,0.9068828,-0.2663609,-0.2889251,-0.1521111,-0.20287,0.002558245,0.001318625,-39.32766
600,-5434.78,8656.21,-7728.476,-6.770123,-4.563005,23.12674,0.9013855,-0.284708,-0.2855134,-0.1578852,-0.2029601,0.002499273,0.001420761,-39.2976
600.2,-5436.133,8655.299,-7723.852,-6.755931,-4.549559,23.12041,0.8955141,-0.3029496,-0.2819853,-0.163586,-0.2030502,0.002436159,0.001520364,-39.26754
600.4,-5437.482,8654.391,-7719.228,-6.741743,-4.536117,23.11408,0.8892704,-0.3210783,-0.2783422,-0.1692111,-0.2031404,0.002369011,0.001617266,-39.23748
600.6,-5438.83,8653.484,-7714.606,-6.727559,-4.522678,23.10775,0.8826566,-0.3390863,-0.2745859,-0.1747582,-0.2032305,0.002297941,0.001711301,-39.20743
600.8,-5440.173,8652.581,-7709.985,-6.713378,-4.509243,23.10143,0.8756747,-0.356966,-0.2707178,-0.180225,-0.2033208,0.00222307,0.001802311,-39.1774
601,-5441.515,8651.681,-7705.365,-6.699201,-4.495812,23.09512,0.868327,-0.3747098,-0.2667398,-0.185609,-0.203411,0.002144526,0.00189014,-39.14738
601.2,-5442.853,8650.783,-7700.747,-6.685028,-4.482384,23.0888,0.8606161,-0.3923101,-0.2626534,-0.1909082,-0.2035014,0.002062441,0.001974639,-39.11736
601.4,-5444.189,8649.888,-7696.129,-6.670858,-4.468959,23.0825,0.8525445,-0.4097596,-0.2584604,-0.1961203,-0.2035917,0.001976955,0.002055663,-39.08735
601.6,-5445.521,8648.996,-7691.514,-6.656693,-4.455539,23.07619,0.8441151,-0.4270506,-0.2541627,-0.2012431,-0.2036821,0.001888214,0.002133075,-39.05733
601.8,-5446.852,8648.105,-7686.899,-6.642531,-4.442122,23.06989,0.8353308,-0.4441758,-0.2497621,-0.2062744,-0.2037725,0.001796368,0.002206741,-39.02735
602,-5448.179,8647.219,-7682.286,-6.628373,-4.428709,23.0636,0.8261948,-0.4611278,-0.2452606,-0.2112122,-0.203863,0.001701574,0.002276537,-38.99735
602.2,-5449.503,8646.334,-7677.674,-6.614219,-4.415298,23.05731,0.8167102,-0.4778992,-0.24066,-0.2160544,-0.2039535,0.001603994,0.002342341,-38.96738
602.4,-5450.824,8645.453,-7673.063,-6.600069,-4.401893,23.05102,0.8068805,-0.494483,-0.2359624,-0.220799,-0.204044,0.001503795,0.002404043,-38.93741
602.6,-5452.143,8644.573,-7668.453,-6.585923,-4.38849,23.04474,0.7967093,-0.5108717,-0.2311697,-0.2254439,-0.2041346,0.001401148,0.002461534,-38.90745
602.8,-5453.458,8643.697,-7663.845,-6.57178,-4.375092,23.03846,0.7862002,-0.5270584,-0.2262841,-0.2299872,-0.2042252,0.001296229,0.002514718,-38.87749
603,-5454.771,8642.823,-7659.238,-6.557642,-4.361697,23.03219,0.7753572,-0.5430359,-0.2213077,-0.2344271,-0.2043159,0.001189217,0.002563502,-38.84754
603.2,-5456.082,8641.952,-7654.632,-6.543507,-4.348306,23.02592,0.7641842,-0.5587974,-0.2162426,-0.2387616,-0.2044066,0.001080296,0.002607803,-38.8176
603.4,-5457.389,8641.084,-7650.027,-6.529376,-4.334918,23.01965,0.7526855,-0.5743357,-0.211091,-0.2429889,-0.2044973,0.0009696524,0.002647543,-38.78768
603.6,-5458.693,8640.219,-7645.424,-6.515249,-4.321534,23.01339,0.7408653,-0.5896442,-0.2058551,-0.2471073,-0.2045881,0.0008574773,0.002682654,-38.75776
603.8,-5459.995,8639.355,-7640.822,-6.501126,-4.308155,23.00713,0.7287281,-0.604716,-0.2005373,-0.2511151,-0.2046789,0.000743963,0.002713077,-38.72785
604,-5461.294,8638.495,-7636.221,-6.487007,-4.294778,23.00088,0.7162784,-0.6195444,-0.1951398,-0.2550105,-0.2047698,0.0006293051,0.002738756,-38.69794
604.2,-5462.59,8637.638,-7631.622,-6.472891,-4.281406,22.99463,0.7035211,-0.634123,-0.1896649,-0.2587919,-0.2048607,0.0005137012,0.002759649,-38.66804
604.4,-5463.883,8636.783,-7627.023,-6.45878,-4.268037,22.98839,0.690461,-0.6484452,-0.184115,-0.2624578,-0.2049516,0.0003973506,0.002775719,-38.63816
604.6,-5465.173,8635.931,-7622.426,-6.444673,-4.254672,22.98215,0.6771032,-0.6625045,-0.1784926,-0.2660066,-0.2050426,0.0002804543,0.002786937,-38.60827
604.8,-5466.461,8635.081,-7617.831,-6.430569,-4.241311,22.97591,0.6634527,-0.6762946,-0.1728,-0.2694368,-0.2051336,0.0001632141,0.002793284,-38.57841
605,-5467.746,8634.234,-7613.236,-6.416469,-4.227953,22.96968,0.649515,-0.6898094,-0.1670398,-0.272747,-0.2052246,4.583304e-05,0.002794749,-38.54853
605.2,-5469.027,8633.39,-7608.643,-6.402373,-4.2146,22.96345,0.6352953,-0.7030428,-0.1612145,-0.2759357,-0.2053157,-7.148579e-05,0.002791329,-38.51868
605.4,-5470.307,8632.548,-7604.051,-6.388281,-4.20125,22.95723,0.6207994,-0.7159886,-0.1553265,-0.2790018,-0.2054069,-0.000188539,0.002783028,-38.48884
605.6,-5471.583,8631.709,-7599.46,-6.374194,-4.187904,22.95101,0.6060329,-0.7286411,-0.1493785,-0.2819438,-0.205498,-0.0003051236,0.002769863,-38.45899
605.8,-5472.856,8630.873,-7594.87,-6.360109,-4.174562,22.94479,0.5910016,-0.7409944,-0.1433729,-0.2847606,-0.2055892,-0.0004210371,0.002751854,-38.42916
606,-5474.127,8630.039,-7590.282,-6.346029,-4.161223,22.93858,0.5757115,-0.7530428,-0.1373125,-0.2874509,-0.2056805,-0.0005360779,0.002729032,-38.39933
606.2,-5475.395,8629.208,-7585.695,-6.331953,-4.147889,22.93238,0.5601686,-0.7647809,-0.1311999,-0.2900138,-0.2057718,-0.0006500461,0.002701438,-38.36951
606.4,-5476.66,8628.38,-7581.109,-6.317881,-4.134558,22.92617,0.5443791,-0.776203,-0.1250377,-0.292448,-0.2058631,-0.0007627431,0.002669118,-38.33971
606.6,-5477.922,8627.555,-7576.524,-6.303812,-4.121231,22.91998,0.5283495,-0.787304,-0.1188287,-0.2947525,-0.2059545,-0.0008739724,0.00263213,-38.30991
606.8,-5479.181,8626.731,-7571.941,-6.289747,-4.107907,22.91378,0.5120859,-0.7980785,-0.1125754,-0.2969266,-0.2060459,-0.0009835401,0.002590536,-38.28011
607,-5480.438,8625.911,-7567.359,-6.275687,-4.094587,22.90759,0.4955952,-0.8085217,-0.1062807,-0.2989691,-0.2061373,-0.001091255,0.002544409,-38.25033
607.2,-5481.691,8625.094,-7562.778,-6.26163,-4.081272,22.90141,0.4788838,-0.8186284,-0.0999473,-0.3008793,-0.2062288,-0.001196928,0.00249383,-38.22056
607.4,-5482.942,8624.279,-7558.198,-6.247577,-4.067959,22.89522,0.4619586,-0.8283939,-0.09357797,-0.3026564,-0.2063203,-0.001300375,0.002438886,-38.19079
607.6,-5484.19,8623.467,-7553.62,-6.233528,-4.054651,22.88905,0.4448265,-0.8378135,-0.08717547,-0.3042997,-0.2064119,-0.001401414,0.002379674,-38.16103
607.8,-5485.436,8622.657,-7549.043,-6.219482,-4.041347,22.88287,0.4274945,-0.8468827,-0.08074262,-0.3058085,-0.2065035,-0.001499869,0.002316296,-38.13128
608,-5486.678,8621.851,-7544.467,-6.205441,-4.028046,22.8767,0.4099695,-0.855597,-0.07428222,-0.3071822,-0.2065951,-0.001595567,0.002248863,-38.10154
608.2,-5487.918,8621.046,-7539.892,-6.191404,-4.014749,22.87054,0.3922589,-0.8639523,-0.0677971,-0.3084202,-0.2066868,-0.001688339,0.002177495,-38.0718
608.4,-5489.155,8620.244,-7535.318,-6.177371,-4.001456,22.86438,0.3743699,-0.8719443,-0.0612901,-0.309522,-0.2067785,-0.001778022,0.002102314,-38.04207
608.6,-5490.389,8619.445,-7530.746,-6.163341,-3.988166,22.85822,0.3563098,-0.8795691,-0.05476406,-0.3104872,-0.2068703,-0.001864459,0.002023455,-38.01235
608.8,-5491.62,8618.649,-7526.175,-6.149315,-3.97488,22.85207,0.3380863,-0.886823,-0.04822185,-0.3113155,-0.2069621,-0.001947496,0.001941054,-37.98264
609,-5492.849,8617.855,-7521.605,-6.135293,-3.961599,22.84592,0.3197067,-0.8937021,-0.04166633,-0.3120065,-0.2070539,-0.002026989,0.001855257,-37.95293
609.2,-5494.074,8617.064,-7517.037,-6.121275,-3.94832,22.83977,0.3011788,-0.900203,-0.03510037,-0.3125599,-0.2071458,-0.002102796,0.001766215,-37.92324
609.4,-5495.297,8616.276,-7512.47,-6.107261,-3.935046,22.83363,0.2825103,-0.9063225,-0.02852686,-0.3129756,-0.2072377,-0.002174783,0.001674084,-37.89355
609.6,-5496.517,8615.49,-7507.903,-6.093251,-3.921775,22.8275,0.2637089,-0.912057,-0.02194869,-0.3132535,-0.2073297,-0.002242823,0.001579027,-37.86387
609.8,-5497.734,8614.707,-7503.338,-6.079245,-3.908509,22.82136,0.2447827,-0.9174039,-0.01536874,-0.3133934,-0.2074217,-0.002306796,0.001481212,-37.8342
610,-5498.949,8613.927,-7498.775,-6.065242,-3.895245,22.81524,0.2257395,-0.9223599,-0.008789897,-0.3133953,-0.2075137,-0.002366587,0.001380811,-37.80454
610.2,-5500.161,8613.149,-7494.212,-6.051243,-3.881986,22.80911,0.2065873,-0.9269226,-0.002215062,-0.3132593,-0.2076058,-0.002422092,0.001278002,-37.77488
610.4,-5501.37,8612.374,-7489.651,-6.037249,-3.86873,22.80299,0.1873343,-0.9310892,0.004352876,-0.3129855,-0.2076979,-0.00247321,0.001172967,-37.74523
610.6,-5502.576,8611.602,-7485.091,-6.023258,-3.855479,22.79688,0.1679886,-0.9348574,0.01091103,-0.312574,-0.2077901,-0.002519852,0.001065893,-37.7156
610.8,-5503.779,8610.832,-7480.533,-6.009493,-3.842296,22.79076,0.1485583,-0.9382249,0.0174565,-0.3120252,-0.2078823,-0.002561934,0.000956968,-37.68596
611,-5504.979,8610.064,-7475.975,-5.996406,-3.829315,22.78465,0.1290519,-0.9411898,0.02398642,-0.3113392,-0.2079745,-0.002599381,0.0008463866,-37.65633
611.2,-5506.177,8609.3,-7471.418,-5.983954,-3.816523,22.77853,0.1094776,-0.94375,0.0304979,-0.3105164,-0.2080668,-0.002632126,0.0007343449,-37.62672
611.4,-5507.373,8608.538,-7466.864,-5.972088,-3.803906,22.77242,0.08984376,-0.945904,0.03698807,-0.3095573,-0.2081591,-0.00266011,0.0006210424,-37.59711
611.6,-5508.566,8607.778,-7462.31,-5.960758,-3.79145,22.76631,0.07015883,-0.94765,0.04345407,-0.3084623,-0.2082515,-0.002683284,0.0005066807,-37.56751
611.8,-5509.757,8607.021,-7457.757,-5.94992,-3.779141,22.7602,0.05043126,-0.9489868,0.04989305,-0.307232,-0.2083439,-0.002701605,0.0003914636,-37.53792
612,-5510.946,8606.267,-7453.206,-5.939535,-3.766968,22.7541,0.03066956,-0.9499131,0.05630216,-0.3058668,-0.2084364,-0.002715041,0.0002755966,-37.50834
612.2,-5512.133,8605.515,-7448.655,-5.929565,-3.754919,22.748,0.01088226,-0.9504279,0.06267857,-0.3043676,-0.2085288,-0.002723567,0.0001592865,-37.47877
612.4,-5513.318,8604.765,-7444.106,-5.919977,-3.742985,22.7419,-0.008922069,-0.9505305,0.06901945,-0.302735,-0.2086214,-0.002727167,4.274131e-05,-37.44919
612.6,-5514.501,8604.018,-7439.559,-5.910739,-3.731157,22.73581,-0.02873483,-0.95022,0.07532202,-0.3009697,-0.2087139,-0.002725836,-7.383058e-05,-37.41964
612.8,-5515.682,8603.272,-7435.012,-5.901822,-3.719425,22.72972,-0.04854741,-0.9494961,0.08158348,-0.2990727,-0.2088065,-0.002719574,-0.0001902204,-37.39008
613,-5516.862,8602.53,-7430.467,-5.8932,-3.707783,22.72364,-0.06835115,-0.9483584,0.08780105,-0.2970447,-0.2088992,-0.002708393,-0.0003062196,-37.36054
613.2,-5518.04,8601.789,-7425.923,-5.884849,-3.696224,22.71756,-0.08813741,-0.9468067,0.09397198,-0.2948868,-0.2089919,-0.002692312,-0.00042162,-37.331
613.4,-5519.216,8601.052,-7421.38,-5.876747,-3.68474,22.71149,-0.1078975,-0.9448411,0.1000936,-0.2925999,-0.2090846,-0.002671361,-0.0005362144,-37.30147
613.6,-5520.39,8600.315,-7416.838,-5.868873,-3.673326,22.70542,-0.1276228,-0.9424619,0.106163,-0.2901852,-0.2091774,-0.002645575,-0.000649797,-37.27195
613.8,-5521.563,8599.582,-7412.297,-5.861209,-3.661976,22.69936,-0.1473045,-0.9396694,0.1121777,-0.2876436,-0.2092702,-0.002615002,-0.0007621631,-37.24244
614,-5522.735,8598.851,-7407.758,-5.853738,-3.650685,22.6933,-0.166934,-0.9364644,0.118135,-0.2849766,-0.2093631,-0.002579695,-0.0008731107,-37.21293
614.2,-5523.905,8598.122,-7403.22,-5.846443,-3.639449,22.68725,-0.1865026,-0.9328474,0.1240322,-0.2821851,-0.209456,-0.002539719,-0.0009824395,-37.18343
614.4,-5525.073,8597.395,-7398.684,-5.839311,-3.628264,22.6812,-0.2060017,-0.9288196,0.1298666,-0.2792707,-0.2095489,-0.002495144,-0.001089953,-37.15394
614.6,-5526.241,8596.671,-7394.148,-5.832328,-3.617124,22.67516,-0.2254224,-0.924382,0.1356358,-0.2762345,-0.2096419,-0.002446052,-0.001195455,-37.12446
614.8,-5527.406,8595.948,-7389.613,-5.825482,-3.606028,22.66912,-0.2447563,-0.9195361,0.1413371,-0.2730781,-0.2097349,-0.00239253,-0.001298757,-37.09499
615,-5528.571,8595.228,-7385.08,-5.818761,-3.594971,22.66308,-0.2639946,-0.9142832,0.146968,-0.2698027,-0.209828,-0.002334675,-0.001399672,-37.06553
615.2,-5529.734,8594.51,-7380.548,-5.812156,-3.583951,22.65705,-0.2831288,-0.9086251,0.1525261,-0.2664101,-0.2099211,-0.002272592,-0.001498015,-37.03606
615.4,-5530.896,8593.794,-7376.017,-5.805658,-3.572965,22.65103,-0.3021502,-0.9025637,0.1580087,-0.2629018,-0.2100142,-0.002206391,-0.00159361,-37.00661
615.6,-5532.056,8593.081,-7371.488,-5.799256,-3.56201,22.64501,-0.3210502,-0.896101,0.1634135,-0.2592793,-0.2101074,-0.002136194,-0.001686283,-36.97716
615.8,-5533.215,8592.369,-7366.959,-5.792944,-3.551083,22.63899,-0.3398204,-0.8892393,0.1687382,-0.2555443,-0.2102007,-0.002062127,-0.001775864,-36.94773
616,-5534.374,8591.66,-7362.432,-5.786715,-3.540184,22.63298,-0.3584523,-0.8819811,0.1739802,-0.2516987,-0.2102939,-0.001984325,-0.001862192,-36.91831
616.2,-5535.53,8590.953,-7357.906,-5.780561,-3.529309,22.62697,-0.3769374,-0.8743289,0.1791373,-0.247744,-0.2103873,-0.001902928,-0.00194511,-36.88889
616.4,-5536.686,8590.249,-7353.381,-5.774477,-3.518457,22.62097,-0.3952672,-0.8662854,0.1842072,-0.2436823,-0.2104806,-0.001818085,-0.002024465,-36.85947
616.6,-5537.84,8589.546,-7348.858,-5.768456,-3.507627,22.61497,-0.4134336,-0.8578538,0.1891876,-0.2395152,-0.210574,-0.001729949,-0.002100114,-36.83007
616.8,-5538.993,8588.846,-7344.335,-5.762495,-3.496817,22.60898,-0.431428,-0.8490372,0.1940763,-0.2352448,-0.2106675,-0.001638682,-0.002171918,-36.80068
617,-5540.145,8588.147,-7339.814,-5.756587,-3.486025,22.60299,-0.4492423,-0.8398388,0.1988712,-0.2308731,-0.210761,-0.001544449,-0.002239747,-36.77129
617.2,-5541.295,8587.451,-7335.294,-5.750729,-3.47525,22.597,-0.4668683,-0.8302622,0.20357,-0.226402,-0.2108545,-0.001447423,-0.002303475,-36.74192
617.4,-5542.445,8586.758,-7330.775,-5.744916,-3.464491,22.59102,-0.4842979,-0.8203111,0.2081707,-0.2218336,-0.2109481,-0.001347779,-0.002362986,-36.71255
617.6,-5543.594,8586.065,-7326.258,-5.739145,-3.453748,22.58504,-0.501523,-0.8099894,0.2126713,-0.2171701,-0.2110417,-0.001245702,-0.002418171,-36.68317
617.8,-5544.741,8585.376,-7321.741,-5.733413,-3.443017,22.57907,-0.5185356,-0.799301,0.2170696,-0.2124135,-0.2111353,-0.001141376,-0.002468929,-36.65381
618,-5545.887,8584.688,-7317.226,-5.727717,-3.432301,22.5731,-0.5353278,-0.7882503,0.2213639,-0.2075661,-0.211229,-0.001034994,-0.002515167,-36.62447
618.2,-5547.032,8584.003,-7312.712,-5.722053,-3.421596,22.56713,-0.5518919,-0.7768415,0.2255521,-0.2026301,-0.2113228,-0.0009267494,-0.002556798,-36.59513
618.4,-5548.176,8583.319,-7308.199,-5.71642,-3.410903,22.56117,-0.5682199,-0.7650793,0.2296324,-0.1976078,-0.2114166,-0.0008168418,-0.002593748,-36.5658
618.6,-5549.318,8582.639,-7303.688,-5.710833,-3.400105,22.55521,-0.5843044,-0.7529683,0.233603,-0.1925015,-0.2115104,-0.0007054728,-0.002625946,-36.53647
618.8,-5550.46,8581.96,-7299.177,-5.70544,-3.388271,22.54926,-0.6001377,-0.7405134,0.237462,-0.1873136,-0.2116043,-0.0005928469,-0.002653335,-36.50715
619,-5551.601,8581.283,-7294.668,-5.700258,-3.375282,22.54332,-0.6157123,-0.7277198,0.2412079,-0.1820464,-0.2116982,-0.0004791715,-0.002675863,-36.47784
619.2,-5552.74,8580.609,-7290.16,-5.695271,-3.361233,22.53739,-0.631021,-0.7145927,0.2448388,-0.1767025,-0.2117921,-0.0003646559,-0.002693488,-36.44854
619.4,-5553.879,8579.938,-7285.653,-5.690462,-3.346213,22.53147,-0.6460563,-0.7011374,0.2483532,-0.1712842,-0.2118862,-0.000249511,-0.002706178,-36.41924
619.6,-5555.017,8579.271,-7281.147,-5.685816,-3.330304,22.52555,-0.6608111,-0.6873595,0.2517496,-0.1657942,-0.2119802,-0.0001339495,-0.002713908,-36.38996
619.8,-5556.153,8578.606,-7276.643,-5.68132,-3.313579,22.51965,-0.6752785,-0.6732646,0.2550264,-0.1602348,-0.2120743,-1.818465e-05,-0.002716664,-36.36068
620,-5557.289,8577.946,-7272.139,-5.676961,-3.296108,22.51374,-0.6894514,-0.6588588,0.2581821,-0.1546088,-0.2121684,9.756951e-05,-0.002714442,-36.33141
620.2,-5558.424,8577.288,-7267.637,-5.672729,-3.277952,22.50784,-0.703323,-0.6441479,0.2612154,-0.1489186,-0.2122626,0.0002130988,-0.002707243,-36.30215
620.4,-5559.558,8576.635,-7263.136,-5.668612,-3.259169,22.50195,-0.7168866,-0.6291381,0.2641249,-0.143167,-0.2123568,0.0003281892,-0.002695083,-36.27288
620.6,-5560.691,8575.984,-7258.636,-5.664602,-3.239812,22.49606,-0.7301357,-0.6138358,0.2669093,-0.1373567,-0.2124511,0.0004426274,-0.002677982,-36.24364
620.8,-5561.824,8575.339,-7254.138,-5.660689,-3.219929,22.49018,-0.7430637,-0.5982475,0.2695674,-0.1314902,-0.2125454,0.000556201,-0.002655972,-36.21439
621,-5562.956,8574.697,-7249.64,-5.656865,-3.199564,22.48429,-0.7556644,-0.5823796,0.272098,-0.1255704,-0.2126397,0.000668699,-0.002629095,-36.18516
621.2,-5564.086,8574.059,-7245.144,-5.653123,-3.178758,22.47842,-0.7679315,-0.5662392,0.2745,-0.1195999,-0.2127341,0.0007799124,-0.002597398,-36.15594
621.4,-5565.217,8573.426,-7240.649,-5.649457,-3.157549,22.47254,-0.779859,-0.5498329,0.2767723,-0.1135816,-0.2128285,0.0008896341,-0.002560942,-36.12672
621.6,-5566.347,8572.796,-7236.155,-5.64586,-3.13597,22.46667,-0.791441,-0.5331678,0.278914,-0.1075182,-0.212923,0.0009976598,-0.002519793,-36.09751
621.8,-5567.475,8572.171,-7231.662,-5.642326,-3.114052,22.4608,-0.8026717,-0.5162512,0.280924,-0.1014126,-0.2130175,0.001103788,-0.002474028,-36.0683
622,-5568.604,8571.551,-7227.171,-5.63885,-3.091825,22.45494,-0.8135455,-0.4990903,0.2828016,-0.09526762,-0.2131121,0.00120782,-0.002423732,-36.03911
622.2,-5569.731,8570.935,-7222.68,-5.635428,-3.069316,22.44907,-0.8240569,-0.4816925,0.2845458,-0.08908608,-0.2132067,0.001309563,-0.002368999,-36.00992
622.4,-5570.857,8570.322,-7218.191,-5.632055,-3.046547,22.44321,-0.8342005,-0.4640654,0.286156,-0.08287089,-0.2133013,0.001408826,-0.002309931,-35.98075
622.6,-5571.983,8569.716,-7213.703,-5.628727,-3.023541,22.43735,-0.8439712,-0.4462167,0.2876315,-0.07662492,-0.213396,0.001505422,-0.002246637,-35.95157
622.8,-5573.109,8569.113,-7209.216,-5.62544,-3.000319,22.4315,-0.8533641,-0.4281542,0.2889715,-0.0703511,-0.2134908,0.001599172,-0.002179237,-35.9224
623,-5574.234,8568.516,-7204.73,-5.622191,-2.976899,22.42565,-0.8623741,-0.4098857,0.2901756,-0.06405235,-0.2135856,0.001689898,-0.002107855,-35.89326
623.2,-5575.358,8567.923,-7200.246,-5.618978,-2.953299,22.4198,-0.8709967,-0.3914194,0.2912432,-0.0577316,-0.2136804,0.001777432,-0.002032627,-35.8641
623.4,-5576.481,8567.334,-7195.763,-5.615796,-2.929533,22.41395,-0.8792273,-0.3727634,0.292174,-0.05139181,-0.2137752,0.001861608,-0.001953692,-35.83495
623.6,-5577.604,8566.751,-7191.28,-5.612643,-2.905617,22.4081,-0.8870617,-0.3539258,0.2929674,-0.04503592,-0.2138701,0.001942268,-0.001871199,-35.80582
623.8,-5578.727,8566.172,-7186.799,-5.609518,-2.881563,22.40226,-0.8944955,-0.3349151,0.2936232,-0.03866691,-0.2139651,0.00201926,-0.001785302,-35.77669
624,-5579.848,8565.599,-7182.319,-5.606418,-2.857383,22.39642,-0.9015248,-0.3157397,0.2941411,-0.03228776,-0.2140601,0.002092439,-0.001696164,-35.74758
624.2,-5580.969,8565.029,-7177.841,-5.60334,-2.83309,22.39059,-0.9081457,-0.2964081,0.2945211,-0.02590144,-0.2141551,0.002161667,-0.001603951,-35.71847
624.4,-5582.089,8564.465,-7173.363,-5.600284,-2.808692,22.38475,-0.9143547,-0.2769291,0.2947628,-0.01951094,-0.2142502,0.002226813,-0.001508838,-35.68937
624.6,-5583.209,8563.905,-7168.887,-5.597247,-2.784199,22.37892,-0.9201482,-0.2573112,0.2948663,-0.01311925,-0.2143453,0.002287754,-0.001411004,-35.66027
624.8,-5584.328,8563.352,-7164.412,-5.594269,-2.759867,22.37309,-0.9255229,-0.2375633,0.2948316,-0.006729359,-0.2144405,0.002344375,-0.001310633,-35.63117
625,-5585.447,8562.802,-7159.938,-5.591424,-2.736159,22.36726,-0.9304758,-0.2176944,0.2946587,-0.0003442628,-0.2145357,0.002396567,-0.001207915,-35.60209
625.2,-5586.565,8562.257,-7155.465,-5.588704,-2.713036,22.36142,-0.9350039,-0.1977133,0.2943478,0.00603305,-0.2146309,0.002444234,-0.001103044,-35.57302
625.4,-5587.682,8561.717,-7150.993,-5.586098,-2.690449,22.35558,-0.9391046,-0.1776291,0.2938991,0.01239959,-0.2147262,0.002487283,-0.0009962189,-35.54395
625.6,-5588.799,8561.181,-7146.522,-5.583597,-2.668354,22.34974,-0.9427752,-0.157451,0.2933129,0.01875237,-0.2148216,0.002525632,-0.0008876417,-35.5149
625.8,-5589.916,8560.649,-7142.053,-5.581191,-2.646711,22.34391,-0.9460135,-0.1371881,0.2925894,0.02508842,-0.2149169,0.002559209,-0.0007775184,-35.48585
626,-5591.032,8560.122,-7137.585,-5.578874,-2.625481,22.33807,-0.9488172,-0.1168496,0.2917291,0.03140476,-0.2150124,0.00258795,-0.0006660581,-35.45681
626.2,-5592.147,8559.599,-7133.118,-5.576637,-2.60463,22.33224,-0.9511845,-0.09644481,0.2907324,0.03769842,-0.2151078,0.0026118,-0.0005534724,-35.42777
626.4,-5593.263,8559.08,-7128.652,-5.574473,-2.584128,22.32641,-0.9531136,-0.07598312,0.2895999,0.04396645,-0.2152033,0.002630712,-0.0004399756,-35.39873
626.6,-5594.377,8558.565,-7124.188,-5.572378,-2.563946,22.32059,-0.9546028,-0.05547392,0.2883321,0.0502059,-0.2152989,0.002644652,-0.0003257835,-35.36971
626.8,-5595.491,8558.055,-7119.724,-5.570345,-2.544056,22.31477,-0.955651,-0.03492663,0.2869297,0.05641385,-0.2153945,0.002653591,-0.0002111138,-35.3407
627,-5596.605,8557.548,-7115.261,-5.568368,-2.524435,22.30896,-0.956257,-0.01435075,0.2853934,0.06258737,-0.2154901,0.002657513,-9.618529e-05,-35.3117
627.2,-5597.719,8557.045,-7110.8,-5.566444,-2.505061,22.30315,-0.9564198,0.006244217,0.2837241,0.06872354,-0.2155858,0.002656409,1.87828e-05,-35.28271
627.4,-5598.832,8556.546,-7106.34,-5.564568,-2.485914,22.29734,-0.9561386,0.02684872,0.2819224,0.07481951,-0.2156815,0.002650282,0.0001335707,-35.25371
627.6,-5599.945,8556.05,-7101.881,-5.562736,-2.466974,22.29154,-0.9554129,0.04745317,0.2799894,0.08087237,-0.2157773,0.002639143,0.0002479589,-35.22472
627.8,-5601.057,8555.559,-7097.423,-5.560944,-2.448225,22.28574,-0.9542424,0.06804799,0.277926,0.08687929,-0.2158731,0.002623013,0.0003617284,-35.19575
628,-5602.169,8555.071,-7092.967,-5.559188,-2.429651,22.27995,-0.952627,0.08862354,0.2757333,0.09283745,-0.2159689,0.002601921,0.0004746611,-35.16678
628.2,-5603.281,8554.587,-7088.512,-5.557467,-2.411238,22.27416,-0.9505668,0.1091702,0.2734123,0.098744,-0.2160648,0.00257591,0.0005865405,-35.13782
628.4,-5604.392,8554.106,-7084.057,-5.555777,-2.392973,22.26838,-0.948062,0.1296783,0.2709641,0.1045962,-0.2161607,0.002545028,0.0006971518,-35.10888
628.6,-5605.503,8553.63,-7079.604,-5.554114,-2.374844,22.2626,-0.9451132,0.1501383,0.2683901,0.1103913,-0.2162567,0.002509333,0.0008062822,-35.07993
628.8,-5606.614,8553.156,-7075.152,-5.552479,-2.356839,22.25683,-0.9417211,0.1705404,0.2656915,0.1161265,-0.2163527,0.002468895,0.000913722,-35.05099
629,-5607.724,8552.687,-7070.702,-5.550867,-2.338949,22.25106,-0.9378866,0.1908751,0.2628695,0.1217991,-0.2164488,0.002423792,0.001019264,-35.02206
629.2,-5608.834,8552.221,-7066.252,-5.549277,-2.321164,22.24529,-0.9336109,0.2111326,0.2599257,0.1274065,-0.2165449,0.002374108,0.001122706,-34.99314
629.4,-5609.944,8551.759,-7061.803,-5.547707,-2.303477,22.23953,-0.9288952,0.2313035,0.2568615,0.132946,-0.216641,0.002319941,0.001223846,-34.96422
629.6,-5611.053,8551.3,-7057.356,-5.546156,-2.285878,22.23378,-0.9237412,0.251378,0.2536783,0.1384149,-0.2167372,0.002261394,0.001322491,-34.93531
629.8,-5612.162,8550.844,-7052.91,-5.544621,-2.268361,22.22803,-0.9181505,0.2713466,0.2503778,0.1438108,-0.2168334,0.00219858,0.001418449,-34.90641
630,-5613.271,8550.392,-7048.465,-5.543103,-2.25092,22.22228,-0.9121253,0.2911997,0.2469616,0.149131,-0.2169297,0.002131621,0.001511536,-34.87752
630.2,-5614.379,8549.943,-7044.021,-5.541598,-2.233548,22.21654,-0.9056677,0.3109279,0.2434313,0.154373,-0.217026,0.002060644,0.001601569,-34.84864
630.4,-5615.487,8549.499,-7039.578,-5.540107,-2.21624,22.2108,-0.89878,0.3305216,0.2397887,0.1595344,-0.2171224,0.001985789,0.001688375,-34.81975
630.6,-5616.595,8549.058,-7035.137,-5.538628,-2.198992,22.20506,-0.891465,0.3499714,0.2360356,0.1646127,-0.2172187,0.001907198,0.001771786,-34.79088
630.8,-5617.703,8548.619,-7030.696,-5.53716,-2.181797,22.19933,-0.8837253,0.3692679,0.2321739,0.1696055,-0.2173152,0.001825026,0.00185164,-34.76203
631,-5618.81,8548.185,-7026.257,-5.535702,-2.164653,22.1936,-0.8755641,0.3884018,0.2282054,0.1745104,-0.2174117,0.00173943,0.00192778,-34.73318
631.2,-5619.917,8547.753,-7021.819,-5.534253,-2.147556,22.18788,-0.8669845,0.4073637,0.2241321,0.1793251,-0.2175082,0.001650578,0.002000059,-34.70432
631.4,-5621.024,8547.325,-7017.382,-5.532813,-2.130501,22.18216,-0.85799,0.4261444,0.219956,0.1840474,-0.2176047,0.001558641,0.002068336,-34.67548
631.6,-5622.13,8546.901,-7012.946,-5.531381,-2.113485,22.17645,-0.8485842,0.4447348,0.2156791,0.188675,-0.2177013,0.001463799,0.002132478,-34.64664
631.8,-5623.236,8546.48,-7008.511,-5.529956,-2.096507,22.17074,-0.838771,0.4631257,0.2113036,0.1932057,-0.217798,0.001366236,0.00219236,-34.61782
632,-5624.342,8546.062,-7004.078,-5.528538,-2.079562,22.16503,-0.8285545,0.4813082,0.2068316,0.1976374,-0.2178947,0.001266142,0.002247864,-34.58901
632.2,-5625.448,8545.648,-6999.645,-5.527126,-2.062649,22.15933,-0.8179389,0.4992732,0.2022654,0.2019679,-0.2179914,0.001163712,0.002298881,-34.56019
632.4,-5626.553,8545.237,-6995.214,-5.52572,-2.045764,22.15363,-0.8069285,0.5170119,0.197607,0.2061953,-0.2180882,0.001059147,0.002345313,-34.53139
632.6,-5627.658,8544.83,-6990.784,-5.524319,-2.028907,22.14793,-0.7955282,0.5345156,0.1928589,0.2103174,-0.218185,0.0009526499,0.002387067,-34.5026
632.8,-5628.763,8544.426,-6986.354,-5.522923,-2.012075,22.14224,-0.7837427,0.5517756,0.1880234,0.2143324,-0.2182818,0.0008444303,0.002424061,-34.47381
633,-5629.867,8544.025,-6981.927,-5.521532,-1.995266,22.13655,-0.771577,0.5687831,0.1831029,0.2182384,-0.2183787,0.0007346995,0.002456224,-34.44503
633.2,-5630.972,8543.628,-6977.5,-5.520144,-1.978479,22.13087,-0.7590365,0.5855298,0.1780997,0.2220335,-0.2184757,0.0006236726,0.002483491,-34.41625
633.4,-5632.076,8543.233,-6973.075,-5.51876,-1.961713,22.12519,-0.7461265,0.6020073,0.1730164,0.225716,-0.2185726,0.0005115673,0.002505808,-34.38749
633.6,-5633.179,8542.843,-6968.65,-5.51738,-1.944965,22.11951,-0.7328528,0.6182073,0.1678555,0.229284,-0.2186697,0.000398604,0.002523131,-34.35872
633.8,-5634.282,8542.456,-6964.227,-5.516003,-1.928235,22.11384,-0.719221,0.6341215,0.1626194,0.2327358,-0.2187667,0.0002850044,0.002535427,-34.32998
634,-5635.385,8542.071,-6959.805,-5.514629,-1.911522,22.10817,-0.7052372,0.6497421,0.1573108,0.23607,-0.2188638,0.0001709922,0.00254267,-34.30123
634.2,-5636.488,8541.691,-6955.383,-5.513258,-1.894824,22.1025,-0.6909075,0.6650611,0.1519323,0.2392848,-0.218961,5.679179e-05,0.002544845,-34.2725
634.4,-5637.591,8541.313,-6950.963,-5.511889,-1.878141,22.09684,-0.6762384,0.6800705,0.1464865,0.2423789,-0.2190582,-5.737168e-05,0.002541949,-34.24377
634.6,-5638.693,8540.939,-6946.544,-5.510522,-1.861472,22.09118,-0.6612362,0.6947629,0.1409762,0.2453506,-0.2191554,-0.000171273,0.002533986,-34.21503
634.8,-5639.795,8540.569,-6942.127,-5.509159,-1.844815,22.08553,-0.6459079,0.7091306,0.135404,0.2481986,-0.2192527,-0.0002846872,0.002520972,-34.18633
635,-5640.896,8540.202,-6937.71,-5.507797,-1.828171,22.07988,-0.6302602,0.7231662,0.1297727,0.2509217,-0.21935,-0.0003973902,0.002502932,-34.15761
635.2,-5641.998,8539.838,-6933.295,-5.506436,-1.811539,22.07423,-0.6143003,0.7368626,0.1240851,0.2535184,-0.2194473,-0.0005091588,0.002479901,-34.12891
635.4,-5643.099,8539.478,-6928.881,-5.505078,-1.794917,22.06859,-0.5980353,0.7502126,0.118344,0.2559876,-0.2195448,-0.0006197719,0.002451924,-34.10023
635.6,-5644.2,8539.12,-6924.468,-5.503722,-1.778306,22.06295,-0.5814726,0.7632092,0.1125521,0.2583281,-0.2196422,-0.00072901,0.002419058,-34.07154
635.8,-5645.301,8538.766,-6920.056,-5.502367,-1.761704,22.05731,-0.5646198,0.7758456,0.1067125,0.2605388,-0.2197397,-0.0008366564,0.002381366,-34.04287
636,-5646.401,8538.415,-6915.645,-5.501013,-1.745112,22.05168,-0.5474846,0.7881153,0.1008279,0.2626188,-0.2198372,-0.0009424974,0.002338923,-34.0142
636.2,-5647.501,8538.067,-6911.235,-5.499661,-1.728529,22.04605,-0.5300749,0.8000116,0.09490133,0.264567,-0.2199348,-0.001046322,0.002291813,-33.98553
636.4,-5648.601,8537.724,-6906.826,-5.49831,-1.711955,22.04043,-0.5123987,0.8115284,0.08893564,0.2663826,-0.2200324,-0.001147925,0.002240129,-33.95687
636.6,-5649.701,8537.383,-6902.419,-5.496961,-1.695389,22.03481,-0.494464,0.8226595,0.08293381,0.2680646,-0.22013,-0.001247103,0.002183974,-33.92823
636.8,-5650.8,8537.046,-6898.012,-5.495612,-1.67883,22.02919,-0.4762794,0.8333988,0.07689881,0.2696124,-0.2202277,-0.001343657,0.00212346,-33.89957
637,-5651.899,8536.712,-6893.607,-5.494265,-1.662279,22.02357,-0.4578532,0.8437407,0.07083364,0.2710252,-0.2203255,-0.001437397,0.002058706,-33.87095
637.2,-5652.998,8536.381,-6889.203,-5.492918,-1.645736,22.01796,-0.439194,0.8536794,0.06474129,0.2723024,-0.2204232,-0.001528134,0.001989842,-33.84232
637.4,-5654.096,8536.054,-6884.8,-5.491573,-1.6292,22.01235,-0.4203106,0.8632096,0.05862479,0.2734434,-0.220521,-0.001615686,0.001917004,-33.8137
637.6,-5655.194,8535.729,-6880.398,-5.490229,-1.61267,22.00675,-0.4012117,0.872326,0.05248716,0.2744478,-0.2206189,-0.00169988,0.001840339,-33.78509
637.8,-5656.292,8535.408,-6875.997,-5.488885,-1.596147,22.00115,-0.3819064,0.8810236,0.04633145,0.275315,-0.2207168,-0.001780545,0.001759999,-33.75648
638,-5657.39,8535.091,-6871.598,-5.487542,-1.579631,21.99555,-0.3624038,0.8892974,0.04016073,0.2760447,-0.2208148,-0.00185752,0.001676145,-33.72788
638.2,-5658.487,8534.776,-6867.199,-5.4862,-1.56312,21.98996,-0.3427131,0.8971429,0.03397804,0.2766367,-0.2209128,-0.00193065,0.001588944,-33.69929
638.4,-5659.584,8534.466,-6862.801,-5.484859,-1.546616,21.98437,-0.3228437,0.9045555,0.02778647,0.2770906,-0.2210108,-0.00199979,0.001498572,-33.67071
638.6,-5660.681,8534.157,-6858.405,-5.483519,-1.530118,21.97878,-0.3028049,0.911531,0.02158908,0.2774063,-0.2211089,-0.002064798,0.00140521,-33.64213
638.8,-5661.777,8533.854,-6854.01,-5.482179,-1.513625,21.9732,-0.2826064,0.9180654,0.01538897,0.2775837,-0.221207,-0.002125545,0.001309045,-33.61356
639,-5662.874,8533.552,-6849.616,-5.48084,-1.497138,21.96762,-0.2622578,0.9241547,0.009189202,0.2776228,-0.2213051,-0.002181907,0.00121027,-33.585
639.2,-5663.97,8533.255,-6845.223,-5.479501,-1.480657,21.96205,-0.2417689,0.9297954,0.002992872,0.2775237,-0.2214033,-0.002233772,0.001109083,-33.55645
639.4,-5665.065,8532.96,-6840.831,-5.478164,-1.464181,21.95647,-0.2211494,0.934984,-0.003196939,0.2772864,-0.2215016,-0.002281034,0.00100569,-33.5279
639.6,-5666.161,8532.669,-6836.44,-5.476826,-1.44771,21.9509,-0.2004093,0.9397172,-0.009377148,0.2769111,-0.2215999,-0.002323597,0.0009002972,-33.49937
639.8,-5667.256,8532.381,-6832.051,-5.47549,-1.431245,21.94534,-0.1795587,0.9439921,-0.01554468,0.2763981,-0.2216982,-0.002361376,0.0007931183,-33.47083
640,-5668.351,8532.097,-6827.662,-5.474154,-1.414785,21.93978,-0.1586076,0.9478059,-0.02169646,0.2757477,-0.2217966,-0.002394293,0.0006843693,-33.4423
640.2,-5669.446,8531.815,-6823.275,-5.472818,-1.39833,21.93422,-0.1375662,0.9511561,-0.02782942,0.2749602,-0.221895,-0.002422282,0.0005742701,-33.41379
640.4,-5670.541,8531.537,-6818.889,-5.471483,-1.38188,21.92867,-0.1164447,0.9540402,-0.0339405,0.2740362,-0.2219935,-0.002445286,0.0004630436,-33.38528
640.6,-5671.635,8531.263,-6814.503,-5.470149,-1.365435,21.92311,-0.09525349,0.9564563,-0.04002666,0.2729762,-0.222092,-0.002463257,0.0003509148,-33.35677
640.8,-5672.729,8530.991,-6810.119,-5.468815,-1.348994,21.91757,-0.07400282,0.9584023,-0.04608485,0.2717806,-0.2221905,-0.002476159,0.000238111,-33.32827
641,-5673.822,8530.723,-6805.736,-5.467482,-1.332559,21.91202,-0.05270315,0.9598767,-0.05211206,0.2704503,-0.2222891,-0.002483966,0.0001248612,-33.29978
641.2,-5674.916,8530.458,-6801.354,-5.466148,-1.316128,21.90648,-0.03136493,0.960878,-0.05810527,0.2689859,-0.2223878,-0.00248666,1.13953e-05,-33.27131
641.4,-5676.009,8530.196,-6796.974,-5.464816,-1.299702,21.90095,-0.009998664,0.961405,-0.06406149,0.2673883,-0.2224864,-0.002484237,-0.000102056,-33.24283
641.6,-5677.102,8529.938,-6792.594,-5.463484,-1.283281,21.89541,0.0113851,0.9614568,-0.06997775,0.2656582,-0.2225852,-0.0024767,-0.000215262,-33.21436
641.8,-5678.194,8529.683,-6788.215,-5.462152,-1.266865,21.88988,0.03277578,0.9610326,-0.07585107,0.2637966,-0.2226839,-0.002464065,-0.0003279919,-33.1859
642,-5679.286,8529.431,-6783.838,-5.460822,-1.250453,21.88436,0.05416279,0.9601319,-0.08167853,0.2618046,-0.2227827,-0.002446357,-0.0004400161,-33.15745
642.2,-5680.378,8529.183,-6779.462,-5.459491,-1.234046,21.87883,0.07553548,0.9587545,-0.08745722,0.2596832,-0.2228816,-0.002423612,-0.0005511059,-33.129
642.4,-5681.47,8528.938,-6775.086,-5.458161,-1.217643,21.87331,0.09688322,0.9569004,-0.09318423,0.2574334,-0.2229805,-0.002395876,-0.0006610345,-33.10056
642.6,-5682.562,8528.695,-6770.712,-5.456831,-1.201245,21.8678,0.1181953,0.9545697,-0.0988567,0.2550566,-0.2230794,-0.002363206,-0.000769577,-33.07213
642.8,-5683.653,8528.457,-6766.339,-5.455502,-1.184851,21.86228,0.1394612,0.951763,-0.1044718,0.2525539,-0.2231784,-0.002325667,-0.0008765113,-33.04371
643,-5684.744,8528.222,-6761.968,-5.454173,-1.168462,21.85677,0.16067,0.9484808,-0.1100267,0.2499267,-0.2232775,-0.002283336,-0.0009816185,-33.0153
643.2,-5685.834,8527.989,-6757.597,-5.452845,-1.152077,21.85127,0.1818113,0.9447243,-0.1155186,0.2471764,-0.2233765,-0.0022363,-0.001084683,-32.98688
643.4,-5686.925,8527.761,-6753.227,-5.451517,-1.135697,21.84577,0.2028743,0.9404944,-0.1209449,0.2443044,-0.2234757,-0.002184655,-0.001185493,-32.95847
643.6,-5688.015,8527.535,-6748.858,-5.450189,-1.119321,21.84027,0.2238484,0.9357927,-0.1263026,0.2413122,-0.2235748,-0.002128506,-0.001283842,-32.93008
643.8,-5689.105,8527.313,-6744.491,-5.448862,-1.10295,21.83477,0.2447229,0.9306208,-0.1315892,0.2382015,-0.223674,-0.002067968,-0.001379528,-32.90169
644,-5690.195,8527.094,-6740.125,-5.447536,-1.086583,21.82928,0.2654873,0.9249806,-0.1368021,0.2349737,-0.2237733,-0.002003167,-0.001472352,-32.87331
644.2,-5691.284,8526.879,-6735.759,-5.446209,-1.07022,21.82379,0.286131,0.9188741,-0.1419385,0.2316308,-0.2238726,-0.001934234,-0.001562125,-32.84493
644.4,-5692.373,8526.666,-6731.395,-5.444883,-1.053861,21.8183,0.3066434,0.912304,-0.146996,0.2281743,-0.2239719,-0.001861311,-0.001648661,-32.81656
644.6,-5693.462,8526.457,-6727.032,-5.443558,-1.037508,21.81282,0.3270141,0.9052726,-0.151972,0.2246061,-0.2240713,-0.001784549,-0.001731782,-32.78821
644.8,-5694.55,8526.251,-6722.67,-5.442233,-1.021158,21.80734,0.3472326,0.8977829,-0.1568639,0.220928,-0.2241708,-0.001704106,-0.001811315,-32.75985
645,-5695.639,8526.049,-6718.309,-5.440908,-1.004813,21.80187,0.3672885,0.8898379,-0.1616694,0.2171421,-0.2242702,-0.001620148,-0.001887096,-32.73151
645.2,-5696.727,8525.85,-6713.949,-5.439584,-0.9884717,21.7964,0.3871715,0.881441,-0.166386,0.2132502,-0.2243698,-0.001532847,-0.001958969,-32.70318
645.4,-5697.814,8525.653,-6709.59,-5.43826,-0.9721351,21.79093,0.4068714,0.8725958,-0.1710113,0.2092544,-0.2244693,-0.001442385,-0.002026784,-32.67484
645.6,-5698.902,8525.46,-6705.233,-5.436936,-0.9558027,21.78546,0.4263779,0.863306,-0.1755431,0.2051569,-0.2245689,-0.001348948,-0.0020904,-32.64651
645.8,-5699.989,8525.271,-6700.876,-5.435613,-0.9394747,21.78,0.4456808,0.8535756,-0.179979,0.2009597,-0.2246686,-0.00125273,-0.002149685,-32.6182
646,-5701.077,8525.085,-6696.521,-5.43429,-0.923151,21.77454,0.4647701,0.8434091,-0.1843169,0.196665,-0.2247683,-0.001153931,-0.002204517,-32.58988
646.2,-5702.163,8524.901,-6692.167,-5.432968,-0.9068314,21.76909,0.483636,0.8328107,-0.1885545,0.1922752,-0.2248681,-0.001052754,-0.00225478,-32.56158
646.4,-5703.25,8524.722,-6687.813,-5.431646,-0.8905162,21.76364,0.5022684,0.8217853,-0.1926898,0.1877924,-0.2249679,-0.0009494119,-0.00230037,-32.53329
646.6,-5704.336,8524.545,-6683.461,-5.430325,-0.8742052,21.75819,0.5206576,0.8103378,-0.1967206,0.183219,-0.2250677,-0.0008441178,-0.002341193,-32.505
646.8,-5705.422,8524.372,-6679.11,-5.429004,-0.8578985,21.75274,0.5387939,0.7984735,-0.2006449,0.1785575,-0.2251676,-0.0007370911,-0.002377162,-32.47672
647,-5706.507,8524.202,-6674.76,-5.427683,-0.841596,21.7473,0.5566678,0.7861977,-0.2044608,0.1738102,-0.2252675,-0.0006285547,-0.002408203,-32.44845
647.2,-5707.593,8524.035,-6670.411,-5.426363,-0.8252978,21.74187,0.5742698,0.7735159,-0.2081664,0.1689797,-0.2253675,-0.0005187351,-0.002434249,-32.42017
647.4,-5708.678,8523.872,-6666.063,-5.425043,-0.8090038,21.73643,0.5915905,0.7604342,-0.2117597,0.1640685,-0.2254675,-0.0004078613,-0.002455248,-32.39191
647.6,-5709.763,8523.712,-6661.716,-5.423723,-0.792714,21.731,0.6086206,0.7469584,-0.2152391,0.1590791,-0.2255676,-0.0002961651,-0.002471153,-32.36365
647.8,-5710.848,8523.555,-6657.371,-5.422404,-0.7764285,21.72557,0.6253513,0.733095,-0.2186027,0.1540141,-0.2256677,-0.0001838798,-0.002481933,-32.33541
648,-5711.932,8523.401,-6653.026,-5.421085,-0.7601472,21.72015,0.6417733,0.7188505,-0.2218488,0.1488762,-0.2257679,-7.124054e-05,-0.002487563,-32.30717
648.2,-5713.016,8523.251,-6648.683,-5.419766,-0.7438701,21.71473,0.6578779,0.7042314,-0.2249759,0.1436682,-0.2258681,4.15167e-05,-0.002488032,-32.27894
648.4,-5714.1,8523.104,-6644.34,-5.418448,-0.7275972,21.70931,0.6736565,0.6892449,-0.2279824,0.1383927,-0.2259683,0.0001541555,-0.002483339,-32.25071
648.6,-5715.183,8522.96,-6639.999,-5.417131,-0.7113285,21.7039,0.6891003,0.6738978,-0.2308668,0.1330524,-0.2260686,0.0002664394,-0.002473492,-32.22249
648.8,-5716.267,8522.819,-6635.659,-5.415813,-0.695064,21.69848,0.7042012,0.6581976,-0.2336276,0.1276503,-0.226169,0.0003781325,-0.002458513,-32.19428
649,-5717.35,8522.682,-6631.319,-5.414496,-0.6788037,21.69308,0.7189509,0.6421519,-0.2362636,0.122189,-0.2262694,0.000489,-0.002438432,-32.16608
649.2,-5718.433,8522.548,-6626.981,-5.41318,-0.6625476,21.68767,0.7333411,0.6257682,-0.2387733,0.1166716,-0.2263698,0.0005988084,-0.002413292,-32.13788
649.4,-5719.515,8522.417,-6622.645,-5.411864,-0.6462957,21.68227,0.7473642,0.6090546,-0.2411555,0.1111008,-0.2264703,0.0007073264,-0.002383145,-32.10969
649.6,-5720.597,8522.289,-6618.309,-5.410548,-0.630048,21.67687,0.7610122,0.592019,-0.2434091,0.1054796,-0.2265708,0.0008143251,-0.002348054,-32.0815
649.8,-5721.679,8522.165,-6613.974,-5.409233,-0.6138045,21.67148,0.7742777,0.5746698,-0.2455329,0.09981094,-0.2266714,0.0009195787,-0.002308093,-32.05334
650,-5722.761,8522.044,-6609.64,-5.407917,-0.5975652,21.66609,0.7871532,0.5570155,-0.2475259,0.0940978,-0.226772,0.001022865,-0.002263346,-32.02515
650.2,-5723.842,8521.926,-6605.307,-5.406603,-0.58133,21.6607,0.7996317,0.5390647,-0.2493872,0.08834318,-0.2268727,0.001123965,-0.002213908,-31.997
650.4,-5724.923,8521.812,-6600.976,-5.405289,-0.565099,21.65532,0.8117059,0.5208262,-0.2511157,0.0825501,-0.2269734,0.001222664,-0.002159883,-31.96885
650.6,-5726.004,8521.699,-6596.645,-5.403975,-0.5488722,21.64993,0.8233692,0.5023089,-0.2527108,0.0767216,-0.2270741,0.001318755,-0.002101384,-31.9407
650.8,-5727.085,8521.592,-6592.316,-5.402661,-0.5326495,21.64456,0.8346149,0.483522,-0.2541715,0.07086075,-0.227175,0.001412033,-0.002038536,-31.91256
651,-5728.166,8521.486,-6587.987,-5.401348,-0.516431,21.63918,0.8454366,0.4644749,-0.2554972,0.06497062,-0.2272758,0.001502299,-0.001971472,-31.88442
651.2,-5729.246,8521.385,-6583.66,-5.400035,-0.5002167,21.63381,0.855828,0.445177,-0.2566874,0.05905432,-0.2273767,0.001589362,-0.001900333,-31.85628
651.4,-5730.326,8521.286,-6579.334,-5.398723,-0.4840066,21.62844,0.8657832,0.4256379,-0.2577414,0.05311495,-0.2274776,0.001673037,-0.001825271,-31.82818
651.6,-5731.405,8521.191,-6575.009,-5.397411,-0.4678005,21.62308,0.8752964,0.4058673,-0.2586586,0.04715565,-0.2275786,0.001753146,-0.001746446,-31.80005
651.8,-5732.484,8521.1,-6570.685,-5.3961,-0.4515987,21.61772,0.8843619,0.3858753,-0.2594389,0.04117954,-0.2276797,0.001829517,-0.001664024,-31.77195
652,-5733.563,8521.011,-6566.362,-5.394788,-0.435401,21.61236,0.8929744,0.3656717,-0.2600817,0.03518978,-0.2277807,0.001901988,-0.001578181,-31.74386
652.2,-5734.643,8520.925,-6562.04,-5.393477,-0.4192074,21.60701,0.9011289,0.3452669,-0.2605868,0.02918952,-0.2278819,0.001970405,-0.001489101,-31.71577
652.4,-5735.721,8520.843,-6557.719,-5.392167,-0.403018,21.60165,0.9088203,0.3246711,-0.2609541,0.02318192,-0.227983,0.002034619,-0.001396972,-31.68767
652.6,-5736.799,8520.764,-6553.399,-5.390857,-0.3868327,21.59631,0.9160439,0.3038948,-0.2611833,0.01717016,-0.2280842,0.002094495,-0.001301992,-31.6596
652.8,-5737.877,8520.688,-6549.08,-5.389389,-0.3710433,21.59096,0.9227954,0.2829484,-0.2612744,0.01115739,-0.2281855,0.002149904,-0.001204364,-31.63152
653,-5738.955,8520.615,-6544.763,-5.387331,-0.356721,21.58561,0.9290705,0.2618428,-0.2612275,0.005146793,-0.2282868,0.002200727,-0.001104296,-31.60346
653.2,-5740.032,8520.546,-6540.446,-5.384708,-0.3438075,21.58025,0.9348653,0.2405885,-0.2610427,-0.0008584593,-0.2283882,0.002246854,-0.001002004,-31.5754
653.4,-5741.109,8520.478,-6536.13,-5.381568,-0.3321809,21.57489,0.940176,0.2191967,-0.2607201,-0.006855197,-0.2284896,0.002288187,-0.0008977047,-31.54735
653.6,-5742.185,8520.412,-6531.816,-5.377956,-0.3217297,21.56954,0.9449991,0.1976781,-0.2602599,-0.01284026,-0.228591,0.002324637,-0.0007916235,-31.51931
653.8,-5743.26,8520.35,-6527.503,-5.373914,-0.3123523,21.56418,0.9493314,0.1760439,-0.2596625,-0.01881047,-0.2286925,0.002356125,-0.0006839879,-31.49126
654,-5744.334,8520.287,-6523.19,-5.369477,-0.3039556,21.55884,0.9531699,0.1543052,-0.2589283,-0.02476269,-0.228794,0.002382582,-0.0005750291,-31.46323
654.2,-5745.408,8520.228,-6518.879,-5.364682,-0.2964547,21.55349,0.9565119,0.1324733,-0.2580576,-0.03069376,-0.2288956,0.002403952,-0.0004649815,-31.43522
654.4,-5746.48,8520.169,-6514.569,-5.359559,-0.2897721,21.54815,0.9593549,0.1105595,-0.2570511,-0.03660055,-0.2289972,0.002420189,-0.0003540821,-31.4072
654.6,-5747.551,8520.111,-6510.26,-5.354136,-0.2838366,21.54282,0.9616966,0.08857511,-0.2559094,-0.04247994,-0.2290989,0.002431256,-0.00024257,-31.37919
654.8,-5748.622,8520.056,-6505.952,-5.348441,-0.2785837,21.53749,0.9635351,0.06653165,-0.254633,-0.04832882,-0.2292006,0.002437131,-0.0001306858,-31.35119
655,-5749.691,8520,-6501.645,-5.342496,-0.2739541,21.53217,0.9648687,0.0444406,-0.2532228,-0.05414408,-0.2293024,0.002437799,-1.867109e-05,-31.32319
655.2,-5750.759,8519.945,-6497.339,-5.336323,-0.2698937,21.52685,0.965696,0.02231351,-0.2516796,-0.05992265,-0.2294042,0.002433259,9.323198e-05,-31.2952
655.4,-5751.825,8519.893,-6493.034,-5.329943,-0.2663531,21.52154,0.9660158,0.000162003,-0.2500043,-0.06566147,-0.229506,0.002423521,0.0002047813,-31.26722
655.6,-5752.891,8519.839,-6488.73,-5.323374,-0.2632873,21.51623,0.965827,-0.0220023,-0.2481978,-0.07135749,-0.2296079,0.002408605,0.0003157352,-31.23925
655.8,-5753.955,8519.787,-6484.428,-5.316632,-0.2606549,21.51093,0.9651293,-0.0441677,-0.2462611,-0.07700771,-0.2297099,0.002388543,0.0004258532,-31.21128
656,-5755.018,8519.735,-6480.126,-5.309732,-0.2584184,21.50563,0.963922,-0.06632252,-0.2441955,-0.08260912,-0.2298118,0.002363379,0.0005348964,-31.18333
656.2,-5756.079,8519.684,-6475.825,-5.302688,-0.2565433,21.50034,0.9622052,-0.08845501,-0.2420019,-0.08815876,-0.2299139,0.002333166,0.0006426279,-31.15537
656.4,-5757.138,8519.632,-6471.526,-5.295514,-0.2549983,21.49504,0.9599789,-0.1105534,-0.2396817,-0.09365367,-0.2300159,0.002297971,0.0007488134,-31.12742
656.6,-5758.197,8519.581,-6467.228,-5.288219,-0.2537546,21.48976,0.9572437,-0.132606,-0.2372362,-0.09909095,-0.2301181,0.002257869,0.0008532219,-31.09948
656.8,-5759.254,8519.53,-6462.93,-5.280816,-0.2527859,21.48448,0.9540003,-0.1546011,-0.2346668,-0.1044677,-0.2302202,0.002212947,0.0009556258,-31.07154
657,-5760.309,8519.48,-6458.634,-5.273314,-0.2520685,21.4792,0.9502495,-0.1765268,-0.2319748,-0.1097811,-0.2303225,0.002163303,0.001055802,-31.04362
657.2,-5761.363,8519.43,-6454.338,-5.26572,-0.2515804,21.47392,0.9459926,-0.1983714,-0.2291619,-0.1150283,-0.2304247,0.002109045,0.001153532,-31.01569
657.4,-5762.416,8519.38,-6450.044,-5.258045,-0.2513016,21.46865,0.9412313,-0.2201232,-0.2262295,-0.1202065,-0.230527,0.002050291,0.001248602,-30.98778
657.6,-5763.466,8519.329,-6445.751,-5.250294,-0.2512139,21.46339,0.9359672,-0.2417706,-0.2231793,-0.125313,-0.2306294,0.001987169,0.001340804,-30.95988
657.8,-5764.516,8519.279,-6441.458,-5.242475,-0.2513007,21.45812,0.9302025,-0.2633017,-0.2200131,-0.1303451,-0.2307317,0.001919817,0.001429936,-30.93198
658,-5765.563,8519.229,-6437.167,-5.234594,-0.2515467,21.45286,0.9239394,-0.284705,-0.2167325,-0.1353,-0.2308342,0.001848382,0.001515804,-30.90409
658.2,-5766.609,8519.179,-6432.877,-5.226656,-0.251938,21.44761,0.9171806,-0.3059689,-0.2133395,-0.1401752,-0.2309367,0.00177302,0.001598218,-30.87621
658.4,-5767.654,8519.128,-6428.588,-5.218666,-0.252462,21.44235,0.909929,-0.3270818,-0.2098358,-0.144968,-0.2310392,0.001693896,0.001676998,-30.84832
658.6,-5768.697,8519.077,-6424.301,-5.21063,-0.2531071,21.4371,0.9021876,-0.3480322,-0.2062235,-0.149676,-0.2311417,0.001611184,0.00175197,-30.82046
658.8,-5769.738,8519.026,-6420.014,-5.202551,-0.2538626,21.43186,0.8939601,-0.3688086,-0.2025045,-0.1542966,-0.2312444,0.001525065,0.00182297,-30.79259
659,-5770.778,8518.976,-6415.728,-5.194433,-0.254719,21.42661,0.88525,-0.3893998,-0.198681,-0.1588274,-0.231347,0.001435728,0.001889841,-30.76473
659.2,-5771.816,8518.925,-6411.443,-5.18628,-0.2556673,21.42137,0.8760613,-0.4097944,-0.194755,-0.1632659,-0.2314497,0.00134337,0.001952436,-30.73688
659.4,-5772.853,8518.874,-6407.159,-5.178095,-0.2566997,21.41614,0.8663982,-0.4299811,-0.1907288,-0.1676098,-0.2315525,0.001248193,0.002010617,-30.70904
659.6,-5773.887,8518.822,-6402.876,-5.169881,-0.2578086,21.4109,0.8562652,-0.4499488,-0.1866045,-0.1718568,-0.2316553,0.001150408,0.002064255,-30.6812
659.8,-5774.92,8518.771,-6398.595,-5.161641,-0.2589873,21.40567,0.8456671,-0.4696866,-0.1823845,-0.1760047,-0.2317581,0.00105023,0.002113231,-30.65337
660,-5775.952,8518.719,-6394.314,-5.153574,-0.2601735,21.40044,0.8346089,-0.4891834,-0.1780711,-0.1800512,-0.231861,0.0009478796,0.002157437,-30.62554
660.2,-5776.982,8518.666,-6390.035,-5.146082,-0.2612472,21.39522,0.8230958,-0.5084283,-0.1736666,-0.1839941,-0.2319639,0.0008435834,0.002196774,-30.59772
660.4,-5778.01,8518.614,-6385.756,-5.13913,-0.2622143,21.38999,0.8111334,-0.5274107,-0.1691736,-0.1878315,-0.2320669,0.0007375719,0.002231157,-30.56992
660.6,-5779.038,8518.562,-6381.479,-5.13267,-0.2630841,21.38477,0.7987276,-0.54612,-0.1645946,-0.1915612,-0.2321699,0.0006300798,0.002260507,-30.54211
660.8,-5780.063,8518.509,-6377.202,-5.12666,-0.2638649,21.37955,0.7858843,-0.5645456,-0.159932,-0.1951813,-0.2322729,0.0005213451,0.002284759,-30.51432
661,-5781.088,8518.456,-6372.927,-5.12106,-0.2645647,21.37433,0.7726099,-0.5826772,-0.1551885,-0.1986899,-0.232376,0.0004116089,0.002303861,-30.48653
661.2,-5782.112,8518.403,-6368.653,-5.115835,-0.2651904,21.36911,0.7589108,-0.6005046,-0.1503666,-0.2020851,-0.2324792,0.0003011148,0.002317767,-30.45875
661.4,-5783.134,8518.35,-6364.379,-5.110951,-0.2657486,21.3639,0.744794,-0.6180177,-0.1454692,-0.2053651,-0.2325824,0.0001901084,0.002326448,-30.43096
661.6,-5784.156,8518.297,-6360.107,-5.10638,-0.2662452,21.35869,0.7302663,-0.6352064,-0.1404988,-0.2085282,-0.2326856,7.883632e-05,0.002329884,-30.40319
661.8,-5785.177,8518.243,-6355.836,-5.102093,-0.2666855,21.35349,0.7153351,-0.6520611,-0.1354583,-0.2115727,-0.2327889,-3.24536e-05,0.002328066,-30.37543
662,-5786.197,8518.19,-6351.565,-5.098065,-0.2670746,21.34829,0.700008,-0.6685721,-0.1303504,-0.214497,-0.2328922,-0.0001435134,0.002320999,-30.34768
662.2,-5787.216,8518.137,-6347.296,-5.094275,-0.2674167,21.34309,0.6842926,-0.6847299,-0.125178,-0.2172996,-0.2329956,-0.0002540955,0.002308697,-30.31992
662.4,-5788.235,8518.083,-6343.028,-5.090702,-0.2677161,21.33789,0.6681969,-0.7005253,-0.119944,-0.219979,-0.233099,-0.000363953,0.002291188,-30.29218
662.6,-5789.252,8518.029,-6338.761,-5.087326,-0.2679766,21.3327,0.651729,-0.7159491,-0.1146513,-0.2225337,-0.2332025,-0.0004728404,0.00226851,-30.26446
662.8,-5790.27,8517.976,-6334.495,-5.08413,-0.2682014,21.32751,0.6348976,-0.7309924,-0.1093027,-0.2249625,-0.233306,-0.0005805142,0.002240714,-30.23672
663,-5791.286,8517.922,-6330.23,-5.081099,-0.2683938,21.32233,0.6177111,-0.7456464,-0.1039014,-0.2272641,-0.2334095,-0.0006867333,0.002207862,-30.20899
663.2,-5792.302,8517.868,-6325.966,-5.078218,-0.2685565,21.31715,0.6001785,-0.7599026,-0.0984502,-0.2294373,-0.2335131,-0.0007912598,0.002170026,-30.18128
663.4,-5793.317,8517.814,-6321.704,-5.075474,-0.2686922,21.31197,0.5823087,-0.7737526,-0.09295224,-0.2314809,-0.2336168,-0.0008938591,0.002127291,-30.15357
663.6,-5794.333,8517.761,-6317.441,-5.072855,-0.2688033,21.3068,0.5641111,-0.7871882,-0.08741055,-0.2333939,-0.2337204,-0.0009943008,0.002079754,-30.12588
663.8,-5795.347,8517.707,-6313.181,-5.070351,-0.2688919,21.30163,0.5455952,-0.8002016,-0.08182824,-0.2351753,-0.2338242,-0.001092359,0.002027519,-30.09818
664,-5796.36,8517.653,-6308.921,-5.06795,-0.2689599,21.29646,0.5267706,-0.8127849,-0.07620838,-0.2368242,-0.233928,-0.001187814,0.001970705,-30.07049
664.2,-5797.374,8517.6,-6304.662,-5.065645,-0.2690093,21.2913,0.5076472,-0.8249307,-0.07055411,-0.2383398,-0.2340318,-0.00128045,0.001909438,-30.04281
664.4,-5798.387,8517.546,-6300.404,-5.063426,-0.2690415,21.28614,0.4882349,-0.8366316,-0.06486858,-0.2397213,-0.2341356,-0.001370058,0.001843856,-30.01513
664.6,-5799.399,8517.492,-6296.148,-5.061287,-0.2690582,21.28098,0.4685442,-0.8478806,-0.05915496,-0.2409679,-0.2342395,-0.001456437,0.001774107,-29.98746
664.8,-5800.411,8517.438,-6291.892,-5.05922,-0.2690607,21.27582,0.4485852,-0.8586709,-0.05341644,-0.2420791,-0.2343435,-0.001539391,0.001700348,-29.9598
665,-5801.423,8517.385,-6287.637,-5.057219,-0.2690502,21.27067,0.4283688,-0.8689958,-0.0476562,-0.2430544,-0.2344475,-0.001618732,0.001622745,-29.93215
665.2,-5802.434,8517.331,-6283.384,-5.055278,-0.2690279,21.26553,0.4079055,-0.8788489,-0.04187746,-0.2438932,-0.2345515,-0.001694281,0.001541473,-29.9045
665.4,-5803.445,8517.277,-6279.131,-5.053391,-0.2689949,21.26038,0.3872064,-0.8882243,-0.03608345,-0.2445952,-0.2346556,-0.001765867,0.001456715,-29.87685
665.6,-5804.456,8517.223,-6274.879,-5.051556,-0.268952,21.25524,0.3662824,-0.8971159,-0.03027739,-0.24516,-0.2347597,-0.001833328,0.001368664,-29.84922
665.8,-5805.466,8517.169,-6270.629,-5.049301,-0.2690395,21.2501,0.3451448,-0.9055183,-0.02446252,-0.2455875,-0.2348639,-0.00189651,0.001277518,-29.82159
666,-5806.475,8517.115,-6266.379,-5.046232,-0.2693758,21.24497,0.323805,-0.913426,-0.01864209,-0.2458774,-0.2349682,-0.00195527,0.001183484,-29.79397
666.2,-5807.484,8517.062,-6262.131,-5.042419,-0.2699391,21.23984,0.3022744,-0.920834,-0.01281935,-0.2460297,-0.2350724,-0.002009474,0.001086774,-29.76635
666.4,-5808.492,8517.008,-6257.884,-5.037929,-0.2707094,21.23471,0.2805647,-0.9277374,-0.006997554,-0.2460443,-0.2351767,-0.002058999,0.0009876096,-29.73875
666.6,-5809.499,8516.953,-6253.637,-5.03282,-0.2716684,21.22959,0.2586876,-0.9341317,-0.001179945,-0.2459214,-0.2352811,-0.002103731,0.0008862148,-29.71114
666.8,-5810.505,8516.898,-6249.392,-5.027148,-0.2727995,21.22447,0.236655,-0.9400126,0.004630222,-0.245661,-0.2353855,-0.002143569,0.0007828202,-29.68355
667,-5811.51,8516.844,-6245.147,-5.020963,-0.2740874,21.21936,0.214479,-0.945376,0.0104297,-0.2452635,-0.23549,-0.002178421,0.0006776613,-29.65595
667.2,-5812.514,8516.789,-6240.904,-5.014309,-0.2755184,21.21425,0.1921715,-0.9502183,0.01621524,-0.244729,-0.2355945,-0.002208208,0.0005709777,-29.62838
667.4,-5813.516,8516.734,-6236.662,-5.007229,-0.2770798,21.20914,0.1697449,-0.9545361,0.02198362,-0.244058,-0.235699,-0.002232861,0.0004630127,-29.60081
667.6,-5814.517,8516.679,-6232.42,-4.99976,-0.27876,21.20404,0.1472114,-0.958326,0.0277316,-0.2432508,-0.2358036,-0.002252323,0.0003540127,-29.57323
667.8,-5815.516,8516.622,-6228.18,-4.991935,-0.2805486,21.19894,0.1245834,-0.9615853,0.03345597,-0.2423082,-0.2359082,-0.00226655,0.0002442268,-29.54568
668,-5816.513,8516.566,-6223.941,-4.983788,-0.282436,21.19384,0.1018734,-0.9643115,0.03915353,-0.2412306,-0.2360129,-0.002275509,0.0001339061,-29.51812
668.2,-5817.509,8516.51,-6219.703,-4.975347,-0.2844133,21.18875,0.07909392,-0.9665021,0.04482108,-0.2400187,-0.2361176,-0.002279179,2.330313e-05,-29.49056
668.4,-5818.503,8516.452,-6215.465,-4.966637,-0.2864726,21.18366,0.05625755,-0.9681551,0.05045545,-0.2386733,-0.2362224,-0.00227755,-8.732866e-05,-29.46302
668.6,-5819.496,8516.395,-6211.229,-4.957683,-0.2886067,21.17857,0.03337698,-0.969269,0.05605349,-0.2371952,-0.2363272,-0.002270627,-0.0001977355,-29.43549
668.8,-5820.486,8516.337,-6206.994,-4.948506,-0.2908088,21.17348,0.01046494,-0.9698423,0.06161206,-0.2355854,-0.2364321,-0.002258425,-0.0003076639,-29.40797
669,-5821.475,8516.278,-6202.76,-4.939126,-0.293073,21.1684,-0.0124658,-0.9698737,0.06712805,-0.2338447,-0.236537,-0.002240971,-0.0004168613,-29.38044
669.2,-5822.462,8516.22,-6198.526,-4.929562,-0.2953936,21.16332,-0.03540241,-0.9693627,0.07259835,-0.2319743,-0.236642,-0.002218306,-0.0005250764,-29.35293
669.4,-5823.447,8516.16,-6194.294,-4.91983,-0.2977657,21.15825,-0.05833204,-0.9683086,0.07801991,-0.2299754,-0.236747,-0.00219048,-0.0006320602,-29.32542
669.6,-5824.43,8516.101,-6190.063,-4.909944,-0.3001847,21.15317,-0.08124184,-0.9667113,0.08338968,-0.227849,-0.2368521,-0.002157559,-0.0007375659,-29.29792
669.8,-5825.411,8516.04,-6185.833,-4.899919,-0.3026463,21.1481,-0.1041189,-0.9645709,0.08870467,-0.2255965,-0.2369572,-0.002119616,-0.0008413504,-29.27042
670,-5826.39,8515.979,-6181.604,-4.889768,-0.3051468,21.14303,-0.1269503,-0.9618877,0.09396186,-0.2232192,-0.2370623,-0.00207674,-0.0009431738,-29.24293
670.2,-5827.367,8515.918,-6177.376,-4.8795,-0.3076826,21.13796,-0.1497231,-0.9586626,0.09915834,-0.2207185,-0.2371675,-0.00202903,-0.001042801,-29.21544
670.4,-5828.342,8515.856,-6173.149,-4.869128,-0.3102505,21.1329,-0.1724245,-0.9548965,0.1042912,-0.218096,-0.2372728,-0.001976594,-0.001140001,-29.18796
670.6,-5829.314,8515.794,-6168.923,-4.858661,-0.3128478,21.12784,-0.1950415,-0.9505907,0.1093575,-0.2153532,-0.237378,-0.001919555,-0.001234549,-29.1605
670.8,-5830.285,8515.731,-6164.698,-4.848106,-0.3154716,21.12278,-0.2175613,-0.945747,0.1143544,-0.2124916,-0.2374834,-0.001858043,-0.001326226,-29.13303
671,-5831.254,8515.668,-6160.474,-4.837473,-0.3181197,21.11773,-0.2399709,-0.9403673,0.1192792,-0.2095131,-0.2375888,-0.001792202,-0.00141482,-29.10558
671.2,-5832.22,8515.604,-6156.25,-4.826768,-0.3207898,21.11267,-0.2622577,-0.9344538,0.124129,-0.2064194,-0.2376942,-0.001722183,-0.001500123,-29.07813
671.4,-5833.185,8515.54,-6152.029,-4.815998,-0.3234799,21.10763,-0.2844087,-0.9280092,0.1289012,-0.2032122,-0.2377997,-0.00164815,-0.001581939,-29.05068
671.6,-5834.146,8515.475,-6147.808,-4.805168,-0.3261881,21.10258,-0.3064113,-0.9210361,0.133593,-0.1998936,-0.2379052,-0.001570273,-0.001660076,-29.02325
671.8,-5835.106,8515.409,-6143.587,-4.794285,-0.3289129,21.09754,-0.3282528,-0.913538,0.1382019,-0.1964654,-0.2380108,-0.001488734,-0.001734353,-28.99583
672,-5836.064,8515.343,-6139.369,-4.783354,-0.3316527,21.09249,-0.3499205,-0.9055182,0.1427252,-0.1929297,-0.2381164,-0.001403722,-0.001804597,-28.96839
672.2,-5837.02,8515.276,-6135.15,-4.772378,-0.334406,21.08746,-0.3714019,-0.8969806,0.1471604,-0.1892886,-0.2382221,-0.001315435,-0.001870643,-28.94099
672.4,-5837.973,8515.209,-6130.934,-4.761362,-0.3371717,21.08242,-0.3926846,-0.8879293,0.1515051,-0.1855441,-0.2383278,-0.00122408,-0.001932336,-28.91357
672.6,-5838.924,8515.142,-6126.718,-4.75031,-0.3399486,21.07739,-0.4137561,-0.8783686,0.1557567,-0.1816986,-0.2384336,-0.001129868,-0.001989534,-28.88616
672.8,-5839.874,8515.073,-6122.502,-4.739225,-0.3427356,21.07236,-0.4346041,-0.8683033,0.1599129,-0.1777543,-0.2385394,-0.00103302,-0.002042101,-28.85877
673,-5840.82,8515.005,-6118.289,-4.72811,-0.3455318,21.06733,-0.4552165,-0.8577383,0.1639713,-0.1737134,-0.2386453,-0.0009337623,-0.002089916,-28.83138
673.2,-5841.765,8514.936,-6114.076,-4.716969,-0.3483363,21.06231,-0.4755811,-0.846679,0.1679298,-0.1695784,-0.2387512,-0.0008323272,-0.002132864,-28.80399
673.4,-5842.707,8514.865,-6109.864,-4.705804,-0.3511483,21.05728,-0.495686,-0.835131,0.171786,-0.1653517,-0.2388571,-0.0007289521,-0.002170845,-28.77662
673.6,-5843.647,8514.795,-6105.653,-4.694616,-0.3539671,21.05227,-0.5155193,-0.8231001,0.1755379,-0.1610358,-0.2389631,-0.0006238792,-0.002203771,-28.74924
673.8,-5844.584,8514.724,-6101.443,-4.683409,-0.356792,21.04725,-0.5350693,-0.8105925,0.1791832,-0.1566332,-0.2390692,-0.000517355,-0.002231563,-28.72188
674,-5845.52,8514.652,-6097.234,-4.672185,-0.3596224,21.04224,-0.5543244,-0.7976148,0.18272,-0.1521466,-0.2391753,-0.0004096299,-0.002254155,-28.69453
674.2,-5846.454,8514.58,-6093.026,-4.660944,-0.3624578,21.03723,-0.5732731,-0.7841735,0.1861463,-0.1475784,-0.2392815,-0.0003009569,-0.002271495,-28.66717
674.4,-5847.385,8514.507,-6088.819,-4.64969,-0.3652976,21.03222,-0.5919041,-0.7702759,0.1894602,-0.1429316,-0.2393877,-0.0001915917,-0.002283541,-28.63982
674.6,-5848.313,8514.434,-6084.613,-4.638422,-0.3681415,21.02721,-0.6102063,-0.7559291,0.1926598,-0.1382086,-0.2394939,-8.179196e-05,-0.002290264,-28.61248
674.8,-5849.24,8514.359,-6080.408,-4.627143,-0.3709889,21.02221,-0.6281687,-0.7411408,0.1957434,-0.1334125,-0.2396002,2.818352e-05,-0.002291649,-28.58515
675,-5850.164,8514.285,-6076.204,-4.615854,-0.3738396,21.01722,-0.6457805,-0.7259189,0.1987091,-0.1285458,-0.2397065,0.0001380752,-0.002287691,-28.55782
675.2,-5851.086,8514.21,-6072.001,-4.604556,-0.3766931,21.01222,-0.663031,-0.7102714,0.2015555,-0.1236116,-0.239813,0.0002476236,-0.0022784,-28.53051
675.4,-5852.006,8514.135,-6067.799,-4.59325,-0.3795492,21.00723,-0.6799098,-0.6942067,0.2042809,-0.1186127,-0.2399194,0.0003565697,-0.002263797,-28.5032
675.6,-5852.924,8514.059,-6063.598,-4.581937,-0.3824075,21.00224,-0.6964066,-0.6777336,0.2068837,-0.1135521,-0.2400259,0.0004646557,-0.002243916,-28.47588
675.8,-5853.839,8513.981,-6059.398,-4.570618,-0.3852679,20.99725,-0.7125114,-0.6608609,0.2093626,-0.1084327,-0.2401324,0.0005716255,-0.002218805,-28.44858
676,-5854.752,8513.904,-6055.199,-4.559294,-0.38813,20.99227,-0.7282143,-0.6435978,0.2117162,-0.1032575,-0.240239,0.0006772255,-0.002188522,-28.4213
676.2,-5855.663,8513.826,-6051.001,-4.547965,-0.3909936,20.98728,-0.7435055,-0.6259537,0.2139432,-0.09802962,-0.2403457,0.0007812051,-0.002153139,-28.394
676.4,-5856.571,8513.748,-6046.805,-4.536632,-0.3938586,20.98231,-0.7583758,-0.6079382,0.2160423,-0.09275209,-0.2404523,0.0008833174,-0.002112739,-28.36674
676.6,-5857.477,8513.669,-6042.608,-4.525295,-0.3967248,20.97733,-0.7728159,-0.5895613,0.2180124,-0.08742803,-0.2405591,0.0009833194,-0.002067419,-28.33945
676.8,-5858.381,8513.589,-6038.414,-4.513955,-0.399592,20.97236,-0.7868168,-0.570833,0.2198525,-0.08206057,-0.2406659,0.001080973,-0.002017286,-28.31219
677,-5859.283,8513.509,-6034.22,-4.502614,-0.40246,20.96739,-0.8003697,-0.5517637,0.2215615,-0.07665285,-0.2407727,0.001176046,-0.001962459,-28.28493
677.2,-5860.182,8513.428,-6030.026,-4.49127,-0.4053287,20.96242,-0.8134661,-0.5323641,0.2231386,-0.07120808,-0.2408796,0.001268312,-0.001903068,-28.25767
677.4,-5861.08,8513.347,-6025.834,-4.479924,-0.4081981,20.95746,-0.8260978,-0.5126448,0.2245828,-0.06572945,-0.2409865,0.001357549,-0.001839255,-28.23043
677.6,-5861.974,8513.265,-6021.644,-4.468577,-0.4110679,20.9525,-0.8382567,-0.4926168,0.2258934,-0.06022018,-0.2410935,0.001443546,-0.001771171,-28.20318
677.8,-5862.867,8513.183,-6017.454,-4.45723,-0.4139381,20.94754,-0.8499351,-0.4722915,0.2270698,-0.05468353,-0.2412005,0.001526095,-0.00169898,-28.17596
678,-5863.757,8513.1,-6013.265,-4.445882,-0.4168085,20.94258,-0.8611255,-0.4516802,0.2281113,-0.04912275,-0.2413076,0.001605001,-0.001622853,-28.14872
678.2,-5864.645,8513.016,-6009.077,-4.434534,-0.4196792,20.93763,-0.8718207,-0.4307944,0.2290174,-0.04354112,-0.2414147,0.001680073,-0.001542973,-28.1215
678.4,-5865.531,8512.932,-6004.89,-4.423186,-0.42255,20.93268,-0.8820137,-0.4096461,0.2297876,-0.03794193,-0.2415219,0.001751131,-0.001459531,-28.09427
678.6,-5866.415,8512.847,-6000.704,-4.411838,-0.4254209,20.92773,-0.8916978,-0.3882472,0.2304215,-0.03232848,-0.2416291,0.001818005,-0.001372726,-28.06707
678.8,-5867.295,8512.762,-5996.519,-4.40049,-0.4282916,20.92279,-0.9008666,-0.3666097,0.230919,-0.02670408,-0.2417364,0.001880534,-0.001282767,-28.03988
679,-5868.175,8512.676,-5992.334,-4.389143,-0.4311624,20.91785,-0.9095141,-0.344746,0.2312797,-0.02107205,-0.2418437,0.001938567,-0.00118987,-28.01267
679.2,-5869.051,8512.589,-5988.151,-4.377797,-0.434033,20.91291,-0.9176344,-0.3226687,0.2315035,-0.0154357,-0.2419511,0.001991966,-0.001094257,-27.98548
679.4,-5869.926,8512.502,-5983.969,-4.366452,-0.4369034,20.90798,-0.9252219,-0.3003903,0.2315904,-0.009798376,-0.2420585,0.0020406,-0.0009961599,-27.9583
679.6,-5870.798,8512.414,-5979.788,-4.355108,-0.4397737,20.90304,-0.9322715,-0.2779236,0.2315404,-0.00416339,-0.2421659,0.002084352,-0.0008958133,-27.93113
679.8,-5871.668,8512.326,-5975.608,-4.343765,-0.4426436,20.89812,-0.9387783,-0.2552814,0.2313537,0.001465926,-0.2422734,0.002123117,-0.0007934596,-27.90395
680,-5872.535,8512.237,-5971.429,-4.332424,-0.4455133,20.89319,-0.9447376,-0.232477,0.2310303,0.00708625,-0.242381,0.002156802,-0.0006893455,-27.87679
680.2,-5873.401,8512.147,-5967.25,-4.321084,-0.4483826,20.88826,-0.9501452,-0.2095235,0.2305707,0.01269426,-0.2424886,0.002185323,-0.0005837225,-27.84963
680.4,-5874.264,8512.058,-5963.074,-4.309746,-0.4512516,20.88334,-0.9549971,-0.1864341,0.2299751,0.01828665,-0.2425963,0.002208612,-0.0004768458,-27.82249
680.6,-5875.125,8511.967,-5958.897,-4.298409,-0.4541201,20.87843,-0.9592896,-0.1632222,0.229244,0.02386011,-0.242704,0.002226612,-0.0003689739,-27.79534
680.8,-5875.983,8511.876,-5954.722,-4.287075,-0.4569883,20.87351,-0.9630193,-0.1399015,0.2283778,0.02941134,-0.2428117,0.00223928,-0.000260368,-27.76819
681,-5876.839,8511.784,-5950.548,-4.275741,-0.459856,20.8686,-0.9661832,-0.1164854,0.2273773,0.03493707,-0.2429195,0.002246584,-0.0001512913,-27.74106
681.2,-5877.693,8511.692,-5946.375,-4.26441,-0.4627232,20.86369,-0.9687788,-0.09298767,0.226243,0.04043403,-0.2430274,0.002248506,-4.200846e-05,-27.71393
681.4,-5878.545,8511.6,-5942.203,-4.253081,-0.46559,20.85878,-0.9708037,-0.06942212,0.2249758,0.04589896,-0.2431353,0.002245041,6.72152e-05,-27.68682
681.6,-5879.395,8511.506,-5938.031,-4.241754,-0.4684563,20.85388,-0.9722556,-0.04580256,0.2235765,0.05132864,-0.2432432,0.002236198,0.0001761142,-27.6597
681.8,-5880.242,8511.412,-5933.861,-4.230429,-0.471322,20.84898,-0.9731332,-0.02214292,0.2220459,0.05671986,-0.2433512,0.002221997,0.0002844236,-27.63259
682,-5881.087,8511.317,-5929.692,-4.219106,-0.4741873,20.84408,-0.9734349,0.001542825,0.220385,0.06206941,-0.2434592,0.002202472,0.0003918796,-27.60549
682.2,-5881.93,8511.222,-5925.523,-4.207785,-0.477052,20.83919,-0.9731597,0.02524067,0.218595,0.06737415,-0.2435673,0.002177672,0.0004982204,-27.57841
682.4,-5882.77,8511.126,-5921.356,-4.196466,-0.4799161,20.83429,-0.9723071,0.04893655,0.216677,0.07263092,-0.2436755,0.002147656,0.0006031864,-27.55132
682.6,-5883.608,8511.03,-5917.189,-4.18515,-0.4827797,20.8294,-0.9708766,0.07261639,0.2146322,0.07783661,-0.2437837,0.002112497,0.0007065213,-27.52424
682.8,-5884.444,8510.934,-5913.024,-4.173835,-0.4856427,20.82452,-0.9688683,0.09626605,0.212462,0.08298815,-0.2438919,0.00207228,0.0008079725,-27.49715
683,-5885.278,8510.836,-5908.86,-4.162524,-0.4885052,20.81963,-0.9662825,0.1198714,0.2101676,0.08808248,-0.2440002,0.002027104,0.0009072917,-27.47008
683.2,-5886.109,8510.738,-5904.696,-4.151214,-0.491367,20.81475,-0.96312,0.1434184,0.2077505,0.0931166,-0.2441085,0.001977079,0.001004236,-27.44303
683.4,-5886.938,8510.64,-5900.534,-4.139907,-0.4942282,20.80988,-0.9593819,0.1668928,0.2052124,0.0980875,-0.2442169,0.001922327,0.001098567,-27.41598
683.6,-5887.765,8510.54,-5896.373,-4.128602,-0.4970889,20.805,-0.9550694,0.1902805,0.2025546,0.1029923,-0.2443253,0.001862982,0.001190053,-27.38892
683.8,-5888.59,8510.44,-5892.212,-4.117299,-0.4999489,20.80013,-0.9501844,0.2135675,0.199779,0.107828,-0.2444337,0.00179919,0.001278471,-27.36188
684,-5889.412,8510.34,-5888.052,-4.105999,-0.5028083,20.79526,-0.944729,0.2367395,0.1968873,0.1125918,-0.2445423,0.001731107,0.001363602,-27.33484
684.2,-5890.232,8510.239,-5883.894,-4.094701,-0.5056672,20.79039,-0.9387056,0.2597827,0.1938813,0.1172808,-0.2446508,0.001658899,0.001445237,-27.30781
684.4,-5891.05,8510.138,-5879.736,-4.083406,-0.5085254,20.78553,-0.932117,0.282683,0.1907629,0.1218923,-0.2447594,0.001582745,0.001523174,-27.28078
684.6,-5891.865,8510.036,-5875.58,-4.072113,-0.5113829,20.78067,-0.9249663,0.3054265,0.187534,0.1264236,-0.2448681,0.001502832,0.001597222,-27.25376
684.8,-5892.679,8509.934,-5871.424,-4.060823,-0.5142398,20.77581,-0.9172571,0.3279993,0.1841966,0.130872,-0.2449768,0.001419356,0.001667198,-27.22675
685,-5893.49,8509.83,-5867.269,-4.049535,-0.5170962,20.77095,-0.9089932,0.3503875,0.1807528,0.1352348,-0.2450856,0.001332524,0.001732929,-27.19974
685.2,-5894.298,8509.727,-5863.116,-4.038249,-0.5199518,20.7661,-0.9001786,0.3725775,0.1772048,0.1395095,-0.2451944,0.001242549,0.001794251,-27.17275
685.4,-5895.105,8509.622,-5858.963,-4.026966,-0.5228068,20.76125,-0.8908181,0.3945557,0.1735547,0.1436934,-0.2453032,0.001149654,0.001851014,-27.14576
685.6,-5895.909,8509.518,-5854.811,-4.015686,-0.5256612,20.7564,-0.8809162,0.4163083,0.169805,0.1477843,-0.2454121,0.001054068,0.001903076,-27.11877
685.8,-5896.711,8509.412,-5850.66,-4.004407,-0.528515,20.75156,-0.8704785,0.4378222,0.1659578,0.1517796,-0.245521,0.0009560275,0.001950309,-27.09179
686,-5897.511,8509.306,-5846.51,-3.993132,-0.5313681,20.74672,-0.8595102,0.4590838,0.1620155,0.1556769,-0.24563,0.000855776,0.001992594,-27.06483
686.2,-5898.309,8509.199,-5842.362,-3.981859,-0.5342205,20.74188,-0.8480173,0.48008,0.1579807,0.159474,-0.2457391,0.0007535616,0.002029827,-27.03785
686.4,-5899.104,8509.093,-5838.214,-3.970588,-0.5370724,20.73704,-0.836006,0.5007977,0.1538559,0.1631687,-0.2458481,0.0006496381,0.002061914,-27.01089
686.6,-5899.897,8508.984,-5834.067,-3.95932,-0.5399235,20.73221,-0.8234828,0.5212241,0.1496435,0.1667587,-0.2459573,0.0005442635,0.002088776,-26.98394
686.8,-5900.688,8508.876,-5829.921,-3.948055,-0.542774,20.72738,-0.8104545,0.5413462,0.1453463,0.1702419,-0.2460665,0.0004377,0.002110345,-26.95699
687,-5901.476,8508.768,-5825.776,-3.936792,-0.5456238,20.72255,-0.7969283,0.5611514,0.1409668,0.1736163,-0.2461757,0.0003302126,0.002126568,-26.93004
687.2,-5902.262,8508.658,-5821.632,-3.925531,-0.5484731,20.71773,-0.7829118,0.5806274,0.1365079,0.1768799,-0.2462849,0.0002220692,0.002137403,-26.90311
687.4,-5903.046,8508.548,-5817.489,-3.914273,-0.5513216,20.71291,-0.7684127,0.5997618,0.1319722,0.1800307,-0.2463943,0.0001135394,0.002142823,-26.87618
687.6,-5903.828,8508.438,-5813.347,-3.903018,-0.5541695,20.70809,-0.7534391,0.6185424,0.1273626,0.183067,-0.2465036,4.894025e-06,0.002142814,-26.84925
687.8,-5904.607,8508.326,-5809.206,-3.891765,-0.5570167,20.70327,-0.7379996,0.6369573,0.122682,0.1859869,-0.2466131,-0.0001035954,0.002137376,-26.82233
688,-5905.385,8508.215,-5805.065,-3.880514,-0.5598633,20.69846,-0.7221027,0.6549948,0.1179333,0.1887888,-0.2467225,-0.0002116576,0.002126522,-26.79543
688.2,-5906.16,8508.103,-5800.926,-3.869266,-0.5627093,20.69365,-0.7057576,0.6726435,0.1131193,0.1914709,-0.246832,-0.0003190221,0.002110279,-26.76852
688.4,-5906.932,8507.989,-5796.788,-3.858021,-0.5655546,20.68884,-0.6889734,0.6898918,0.1082432,0.1940318,-0.2469416,-0.00042542,0.002088686,-26.74161
688.6,-5907.703,8507.876,-5792.65,-3.846778,-0.5683992,20.68403,-0.67176,0.7067288,0.1033078,0.1964699,-0.2470512,-0.0005305842,0.002061799,-26.71473
688.8,-5908.471,8507.763,-5788.514,-3.835538,-0.5712432,20.67923,-0.6541272,0.7231435,0.09831642,0.1987838,-0.2471608,-0.0006342511,0.002029683,-26.68784
689,-5909.237,8507.647,-5784.379,-3.8243,-0.5740865,20.67443,-0.6360852,0.7391253,0.093272,0.2009722,-0.2472705,-0.0007361599,0.001992419,-26.66096
689.2,-5910.001,8507.533,-5780.245,-3.813065,-0.5769291,20.66963,-0.6176443,0.7546638,0.0881777,0.2030337,-0.2473803,-0.0008360544,0.001950101,-26.63409
689.4,-5910.762,8507.417,-5776.111,-3.801832,-0.5797711,20.66484,-0.5988154,0.7697489,0.08303669,0.2049674,-0.2474901,-0.0009336831,0.001902833,-26.60721
689.6,-5911.521,8507.301,-5771.979,-3.790601,-0.5826125,20.66005,-0.5796095,0.7843706,0.07785217,0.2067719,-0.2475999,-0.0010288,0.001850736,-26.58036
689.8,-5912.278,8507.184,-5767.847,-3.779374,-0.5854532,20.65526,-0.5600377,0.7985194,0.07262736,0.2084464,-0.2477098,-0.001121165,0.00179394,-26.5535
690,-5913.033,8507.066,-5763.716,-3.768149,-0.5882932,20.65047,-0.5401117,0.8121857,0.0673655,0.2099897,-0.2478197,-0.001210545,0.001732588,-26.52666
690.2,-5913.786,8506.948,-5759.587,-3.756926,-0.5911326,20.64569,-0.519843,0.8253606,0.06206986,0.2114012,-0.2479297,-0.001296715,0.001666834,-26.49981
690.4,-5914.536,8506.83,-5755.458,-3.745706,-0.5939713,20.64091,-0.4992438,0.8380352,0.05674374,0.2126799,-0.2480398,-0.001379455,0.001596845,-26.47298
690.6,-5915.284,8506.711,-5751.331,-3.734488,-0.5968093,20.63613,-0.4783261,0.8502011,0.05139044,0.2138252,-0.2481498,-0.001458557,0.001522796,-26.44614
690.8,-5916.03,8506.592,-5747.204,-3.723273,-0.5996467,20.63136,-0.4571026,0.8618499,0.04601331,0.2148365,-0.24826,-0.00153382,0.001444876,-26.41932
691,-5916.773,8506.472,-5743.078,-3.71206,-0.6024835,20.62659,-0.4355858,0.8729737,0.04061567,0.2157133,-0.2483701,-0.001605053,0.001363281,-26.39251
691.2,-5917.515,8506.351,-5738.953,-3.70085,-0.6053196,20.62182,-0.4137886,0.883565,0.03520089,0.216455,-0.2484804,-0.001672075,0.001278218,-26.3657
691.4,-5918.254,8506.229,-5734.829,-3.689643,-0.6081551,20.61705,-0.3917241,0.8936164,0.02977233,0.2170612,-0.2485906,-0.001734716,0.001189902,-26.33889
691.6,-5918.991,8506.107,-5730.706,-3.678438,-0.6109899,20.61229,-0.3694054,0.9031209,0.02433338,0.2175318,-0.2487009,-0.001792816,0.001098558,-26.31209
691.8,-5919.725,8505.984,-5726.584,-3.667235,-0.613824,20.60752,-0.3468462,0.9120719,0.01888742,0.2178665,-0.2488113,-0.001846227,0.001004417,-26.2853
692,-5920.458,8505.861,-5722.463,-3.656035,-0.6166575,20.60277,-0.3240601,0.920463,0.01343783,0.2180652,-0.2489217,-0.001894813,0.00090772,-26.25851
692.2,-5921.188,8505.738,-5718.343,-3.644838,-0.6194903,20.59801,-0.3010607,0.9282882,0.007988013,0.2181279,-0.2490322,-0.00193845,0.0008087117,-26.23173
692.4,-5921.916,8505.614,-5714.224,-3.633643,-0.6223225,20.59326,-0.2778622,0.9355417,0.002541362,0.2180545,-0.2491427,-0.001977025,0.0007076447,-26.20496
692.6,-5922.641,8505.489,-5710.106,-3.622451,-0.625154,20.58851,-0.2544786,0.9422185,-0.002898734,0.2178453,-0.2492533,-0.002010441,0.000604777,-26.17818
692.8,-5923.364,8505.364,-5705.989,-3.611504,-0.6281233,20.58376,-0.2309243,0.9483133,-0.008328886,0.2175005,-0.2493639,-0.002038612,0.0005003707,-26.15142
693,-5924.085,8505.238,-5701.873,-3.601031,-0.6313601,20.57901,-0.2072136,0.9538217,-0.01374571,0.2170203,-0.2494745,-0.002061464,0.000394693,-26.12467
693.2,-5924.805,8505.111,-5697.757,-3.590989,-0.63484,20.57426,-0.1833611,0.9587392,-0.01914583,0.2164052,-0.2495852,-0.002078939,0.0002880139,-26.09792
693.4,-5925.522,8504.984,-5693.643,-3.581339,-0.6385409,20.56952,-0.1593815,0.9630622,-0.02452588,0.2156556,-0.249696,-0.002090993,0.0001806066,-26.07117
693.6,-5926.237,8504.855,-5689.529,-3.572045,-0.6424427,20.56478,-0.1352895,0.9667868,-0.02988252,0.2147721,-0.2498068,-0.002097594,7.274626e-05,-26.04444
693.8,-5926.951,8504.727,-5685.417,-3.563076,-0.646527,20.56004,-0.1111002,0.9699101,-0.03521239,0.2137553,-0.2499177,-0.002098723,-3.529045e-05,-26.01771
694,-5927.663,8504.598,-5681.305,-3.554402,-0.6507772,20.5553,-0.0868283,0.9724291,-0.04051217,0.212606,-0.2500286,-0.002094379,-0.0001432262,-25.99099
694.2,-5928.373,8504.467,-5677.195,-3.545997,-0.655178,20.55057,-0.06248906,0.9743415,-0.04577858,0.2113249,-0.2501395,-0.002084572,-0.0002507836,-25.96427
694.4,-5929.081,8504.335,-5673.085,-3.537836,-0.6597158,20.54584,-0.03809759,0.9756451,-0.0510083,0.209913,-0.2502505,-0.002069327,-0.000357686,-25.93755
694.6,-5929.788,8504.203,-5668.976,-3.529896,-0.6643779,20.54111,-0.01366911,0.9763383,-0.0561981,0.2083712,-0.2503616,-0.002048681,-0.0004636581,-25.91085
694.8,-5930.493,8504.069,-5664.869,-3.52216,-0.669153,20.53638,0.01078112,0.9764197,-0.06134472,0.2067006,-0.2504727,-0.00202269,-0.0005684269,-25.88415
695,-5931.197,8503.935,-5660.762,-3.514606,-0.6740308,20.53166,0.03523775,0.9758886,-0.06644496,0.2049023,-0.2505838,-0.001991418,-0.0006717222,-25.85746
695.2,-5931.899,8503.8,-5656.656,-3.507221,-0.6790016,20.52695,0.05968543,0.9747441,-0.07149563,0.2029776,-0.250695,-0.001954946,-0.0007732771,-25.83076
695.4,-5932.6,8503.663,-5652.551,-3.499987,-0.6840571,20.52223,0.08410875,0.9729864,-0.07649359,0.2009277,-0.2508063,-0.001913368,-0.0008728292,-25.80408
695.6,-5933.299,8503.526,-5648.447,-3.492893,-0.6891893,20.51752,0.1084923,0.9706155,-0.08143572,0.198754,-0.2509176,-0.001866792,-0.000970121,-25.77741
695.8,-5933.997,8503.388,-5644.344,-3.485924,-0.6943911,20.51281,0.1328207,0.9676321,-0.08631893,0.196458,-0.2510289,-0.001815337,-0.001064901,-25.75074
696,-5934.693,8503.248,-5640.242,-3.479069,-0.6996562,20.5081,0.1570784,0.9640372,-0.09114018,0.1940413,-0.2511403,-0.001759136,-0.001156922,-25.72407
696.2,-5935.388,8503.107,-5636.141,-3.47232,-0.7049787,20.5034,0.1812501,0.9598323,-0.09589645,0.1915053,-0.2512518,-0.001698336,-0.001245947,-25.69741
696.4,-5936.082,8502.967,-5632.041,-3.465665,-0.7103532,20.49869,0.2053203,0.955019,-0.1005848,0.1888518,-0.2513632,-0.001633092,-0.001331744,-25.67077
696.6,-5936.774,8502.824,-5627.941,-3.459097,-0.7157748,20.494,0.2292738,0.9495996,-0.1052023,0.1860826,-0.2514748,-0.001563574,-0.00141409,-25.64413
696.8,-5937.466,8502.68,-5623.843,-3.452607,-0.7212393,20.4893,0.253095,0.9435765,-0.109746,0.1831995,-0.2515864,-0.001489963,-0.001492771,-25.61748
697,-5938.156,8502.535,-5619.746,-3.446189,-0.7267424,20.48461,0.2767689,0.9369529,-0.1142131,0.1802044,-0.251698,-0.00141245,-0.001567582,-25.59084
697.2,-5938.844,8502.39,-5615.649,-3.439837,-0.7322807,20.47992,0.30028,0.929732,-0.1186009,0.1770993,-0.2518097,-0.001331236,-0.001638327,-25.56422
697.4,-5939.532,8502.242,-5611.554,-3.433543,-0.7378507,20.47523,0.3236134,0.9219176,-0.1229066,0.1738862,-0.2519215,-0.001246533,-0.001704823,-25.5376
697.6,-5940.218,8502.094,-5607.459,-3.427305,-0.7434496,20.47055,0.3467538,0.9135137,-0.1271275,0.1705672,-0.2520333,-0.001158562,-0.001766895,-25.51098
697.8,-5940.902,8501.945,-5603.365,-3.421115,-0.7490744,20.46587,0.3696864,0.9045249,-0.131261,0.1671446,-0.2521451,-0.001067551,-0.001824381,-25.48438
698,-5941.586,8501.795,-5599.272,-3.41497,-0.7547228,20.46119,0.3923962,0.894956,-0.1353045,0.1636206,-0.252257,-0.0009737396,-0.00187713,-25.45777
698.2,-5942.269,8501.644,-5595.181,-3.408866,-0.7603924,20.45651,0.4148684,0.8848124,-0.1392555,0.1599975,-0.252369,-0.0008773717,-0.001925005,-25.43117
698.4,-5942.95,8501.49,-5591.09,-3.4028,-0.7660813,20.45184,0.4370883,0.8740997,-0.1431115,0.1562777,-0.252481,-0.0007786997,-0.001967879,-25.40458
698.6,-5943.63,8501.337,-5587,-3.396767,-0.7717875,20.44717,0.4590414,0.8628238,-0.1468702,0.1524636,-0.2525931,-0.000677982,-0.00200564,-25.378
698.8,-5944.309,8501.182,-5582.911,-3.390766,-0.7775093,20.4425,0.4807134,0.8509913,-0.1505291,0.1485577,-0.2527052,-0.0005754827,-0.002038188,-25.35142
699,-5944.986,8501.025,-5578.823,-3.384793,-0.7832453,20.43783,0.5020899,0.8386089,-0.1540861,0.1445626,-0.2528173,-0.0004714705,-0.002065439,-25.32485
699.2,-5945.662,8500.868,-5574.736,-3.378845,-0.7889939,20.43317,0.5231569,0.8256836,-0.1575389,0.140481,-0.2529295,-0.0003662188,-0.002087318,-25.29828
699.4,-5946.337,8500.71,-5570.65,-3.372778,-0.7947252,20.42851,0.5439004,0.8122231,-0.1608854,0.1363154,-0.2530418,-0.0002600041,-0.00210377,-25.27172
699.6,-5947.011,8500.551,-5566.564,-3.366271,-0.8003744,20.42386,0.5643066,0.7982352,-0.1641235,0.1320687,-0.2531541,-0.0001531061,-0.00211475,-25.24517
699.8,-5947.684,8500.39,-5562.48,-3.35935,-0.8059461,20.4192,0.584362,0.7837281,-0.1672511,0.1277435,-0.2532665,-4.58061e-05,-0.00212023,-25.21862
700,-5948.355,8500.229,-5558.397,-3.352052,-0.8114471,20.41456,0.6040533,0.7687103,-0.1702665,0.1233428,-0.2533789,6.161285e-05,-0.002120193,-25.19208
700.2,-5949.025,8500.065,-5554.314,-3.344413,-0.816884,20.40991,0.6233671,0.7531909,-0.1731676,0.1188695,-0.2534913,0.0001688673,-0.00211464,-25.16555
700.4,-5949.693,8499.901,-5550.233,-3.336464,-0.8222623,20.40527,0.6422905,0.737179,-0.1759528,0.1143263,-0.2536038,0.000275674,-0.002103586,-25.13901
700.6,-5950.359,8499.736,-5546.152,-3.328234,-0.8275875,20.40063,0.6608109,0.7206844,-0.1786202,0.1097164,-0.2537164,0.0003817506,-0.002087059,-25.11249
700.8,-5951.024,8499.57,-5542.073,-3.319748,-0.8328642,20.39599,0.6789157,0.7037169,-0.1811683,0.1050427,-0.253829,0.0004868163,-0.002065102,-25.08597
701,-5951.687,8499.403,-5537.994,-3.31103,-0.8380967,20.39136,0.6965927,0.6862868,-0.1835956,0.1003084,-0.2539417,0.0005905927,-0.002037774,-25.05945
701.2,-5952.349,8499.235,-5533.916,-3.302101,-0.8432891,20.38673,0.7138297,0.6684047,-0.1859004,0.09551644,-0.2540544,0.0006928048,-0.002005146,-25.03295
701.4,-5953.008,8499.066,-5529.839,-3.292981,-0.8484448,20.3821,0.7306151,0.6500815,-0.1880814,0.09067003,-0.2541672,0.0007931812,-0.001967305,-25.00646
701.6,-5953.666,8498.896,-5525.763,-3.283688,-0.8535672,20.37747,0.7469373,0.6313284,-0.1901373,0.08577234,-0.25428,0.0008914554,-0.001924351,-24.97996
701.8,-5954.321,8498.725,-5521.688,-3.274237,-0.8586591,20.37285,0.7627851,0.612157,-0.1920669,0.08082657,-0.2543929,0.0009873658,-0.001876398,-24.95347
702,-5954.976,8498.553,-5517.614,-3.264644,-0.8637233,20.36823,0.7781476,0.5925791,-0.1938689,0.07583596,-0.2545058,0.001080657,-0.001823573,-24.92699
702.2,-5955.627,8498.379,-5513.541,-3.254921,-0.8687622,20.36361,0.7930142,0.5726068,-0.1955424,0.07080378,-0.2546188,0.001171081,-0.001766016,-24.90052
702.4,-5956.277,8498.205,-5509.469,-3.245081,-0.873778,20.35899,0.8073744,0.5522525,-0.1970862,0.06573332,-0.2547318,0.001258397,-0.001703881,-24.87404
702.6,-5956.925,8498.029,-5505.397,-3.235134,-0.8787727,20.35438,0.8212181,0.5315289,-0.1984996,0.06062792,-0.2548449,0.00134237,-0.001637332,-24.84759
702.8,-5957.571,8497.854,-5501.327,-3.225091,-0.8837482,20.34976,0.8345358,0.5104489,-0.1997816,0.0554909,-0.254958,0.001422778,-0.001566549,-24.82113
703,-5958.215,8497.676,-5497.257,-3.21496,-0.8887061,20.34516,0.8473179,0.4890258,-0.2009315,0.05032564,-0.2550712,0.001499404,-0.001491718,-24.79467
703.2,-5958.857,8497.498,-5493.189,-3.20475,-0.893648,20.34055,0.8595554,0.4672731,-0.2019487,0.04513552,-0.2551844,0.001572044,-0.001413041,-24.76823
703.4,-5959.497,8497.318,-5489.121,-3.194469,-0.8985752,20.33594,0.8712394,0.4452043,-0.2028326,0.03992394,-0.2552977,0.001640503,-0.001330727,-24.74178
703.6,-5960.135,8497.139,-5485.055,-3.184122,-0.903489,20.33134,0.8823617,0.4228335,-0.2035827,0.03469432,-0.2554111,0.001704597,-0.001244997,-24.71535
703.8,-5960.771,8496.957,-5480.989,-3.173717,-0.9083904,20.32674,0.8929141,0.4001749,-0.2041987,0.02945008,-0.2555244,0.001764154,-0.001156081,-24.68893
704,-5961.405,8496.775,-5476.924,-3.163259,-0.9132806,20.32214,0.902889,0.3772429,-0.2046801,0.02419465,-0.2556379,0.001819014,-0.001064217,-24.66251
704.2,-5962.036,8496.592,-5472.86,-3.152752,-0.9181604,20.31755,0.9122788,0.3540521,-0.2050268,0.0189315,-0.2557514,0.001869029,-0.0009696524,-24.63608
704.4,-5962.666,8496.408,-5468.797,-3.142203,-0.9230307,20.31296,0.9210768,0.3306172,-0.2052387,0.01366405,-0.2558649,0.001914064,-0.0008726402,-24.60969
704.6,-5963.293,8496.223,-5464.735,-3.131613,-0.9278923,20.30837,0.9292763,0.3069535,-0.2053158,0.008395782,-0.2559785,0.001953999,-0.0007734419,-24.58327
704.8,-5963.918,8496.036,-5460.673,-3.121037,-0.9327647,20.30378,0.9368711,0.2830759,-0.205258,0.003130132,-0.2560921,0.001988725,-0.0006723246,-24.55688
705,-5964.542,8495.85,-5456.613,-3.111111,-0.9378946,20.29919,0.9438552,0.2589999,-0.2050654,-0.002129442,-0.2562058,0.002018148,-0.0005695609,-24.53049
705.2,-5965.163,8495.661,-5452.554,-3.101969,-0.9433344,20.2946,0.9502233,0.2347411,-0.2047385,-0.007379488,-0.2563196,0.002042188,-0.0004654278,-24.5041
705.4,-5965.782,8495.473,-5448.495,-3.09354,-0.9490553,20.29002,0.9559703,0.2103151,-0.2042773,-0.01261656,-0.2564334,0.00206078,-0.0003602068,-24.47771
705.6,-5966.4,8495.282,-5444.438,-3.08576,-0.9550312,20.28543,0.9610915,0.1857378,-0.2036824,-0.01783723,-0.2565472,0.002073874,-0.0002541821,-24.45135
705.8,-5967.017,8495.09,-5440.381,-3.078567,-0.9612388,20.28085,0.9655826,0.1610251,-0.2029542,-0.02303807,-0.2566611,0.002081434,-0.0001476407,-24.42498
706,-5967.632,8494.897,-5436.326,-3.071909,-0.9676565,20.27627,0.9694398,0.1361932,-0.2020933,-0.02821567,-0.2567751,0.002083439,-4.087101e-05,-24.39861
706.2,-5968.246,8494.703,-5432.271,-3.065736,-0.9742648,20.27169,0.9726597,0.1112584,-0.2011003,-0.03336662,-0.256889,0.002079883,6.583749e-05,-24.37226
706.4,-5968.858,8494.508,-5428.217,-3.060003,-0.981046,20.26712,0.9752392,0.0862368,-0.1999761,-0.03848755,-0.2570031,0.002070775,0.0001721953,-24.34591
706.6,-5969.47,8494.311,-5424.164,-3.054671,-0.9879841,20.26255,0.9771757,0.061145,-0.1987214,-0.0435751,-0.2571172,0.00205614,0.0002779135,-24.31957
706.8,-5970.08,8494.112,-5420.112,-3.049702,-0.9950646,20.25798,0.9784669,0.03599946,-0.1973372,-0.04862592,-0.2572313,0.002036018,0.0003827047,-24.29322
707,-5970.689,8493.913,-5416.061,-3.045063,-1.002274,20.25341,0.9791113,0.01081677,-0.1958245,-0.05363671,-0.2573455,0.002010463,0.0004862838,-24.2669
707.2,-5971.298,8493.712,-5412.01,-3.040724,-1.0096,20.24885,0.9791073,-0.01438644,-0.1941843,-0.05860417,-0.2574598,0.001979543,0.0005883686,-24.24056
707.4,-5971.906,8493.509,-5407.961,-3.036657,-1.017033,20.24429,0.9784541,-0.03959346,-0.1924179,-0.06352504,-0.2575741,0.001943343,0.0006886809,-24.21424
707.6,-5972.513,8493.305,-5403.913,-3.032837,-1.024562,20.23973,0.977151,-0.06478754,-0.1905265,-0.06839608,-0.2576884,0.001901962,0.0007869467,-24.18793
707.8,-5973.119,8493.099,-5399.865,-3.029241,-1.032177,20.23518,0.9751983,-0.08995194,-0.1885115,-0.07321412,-0.2578028,0.001855511,0.0008828979,-24.16163
708,-5973.725,8492.892,-5395.818,-3.025849,-1.039872,20.23063,0.9725962,-0.1150698,-0.1863743,-0.07797598,-0.2579173,0.001804118,0.0009762719,-24.13532
708.2,-5974.329,8492.683,-5391.773,-3.022643,-1.047638,20.22608,0.9693455,-0.1401245,-0.1841163,-0.08267853,-0.2580318,0.001747923,0.001066813,-24.10903
708.4,-5974.934,8492.473,-5387.728,-3.019604,-1.055469,20.22154,0.9654474,-0.165099,-0.1817393,-0.0873187,-0.2581463,0.001687079,0.001154274,-24.08274
708.6,-5975.537,8492.261,-5383.684,-3.016718,-1.063358,20.217,0.9609036,-0.1899767,-0.1792448,-0.09189342,-0.2582609,0.001621753,0.001238414,-24.05645
708.8,-5976.14,8492.047,-5379.642,-3.01397,-1.071301,20.21246,0.9557163,-0.2147408,-0.1766347,-0.09639971,-0.2583756,0.001552124,0.001319002,-24.03017
709,-5976.743,8491.832,-5375.599,-3.011348,-1.079291,20.20792,0.9498881,-0.2393746,-0.1739107,-0.1008346,-0.2584903,0.001478382,0.001395817,-24.0039
709.2,-5977.345,8491.615,-5371.558,-3.00884,-1.087325,20.20339,0.9434218,-0.2638614,-0.1710747,-0.1051952,-0.258605,0.00140073,0.001468648,-23.97762
709.4,-5977.946,8491.397,-5367.518,-3.006437,-1.095398,20.19886,0.9363209,-0.2881846,-0.1681287,-0.1094786,-0.2587199,0.00131938,0.001537294,-23.95136
709.6,-5978.547,8491.178,-5363.479,-3.004127,-1.103506,20.19433,0.9285893,-0.3123276,-0.1650749,-0.1136821,-0.2588347,0.001234558,0.001601567,-23.92512
709.8,-5979.148,8490.956,-5359.44,-3.001903,-1.111647,20.1898,0.9202313,-0.3362741,-0.1619152,-0.1178028,-0.2589496,0.001146495,0.001661287,-23.89886
710,-5979.748,8490.732,-5355.403,-2.999756,-1.119816,20.18528,0.9112516,-0.3600077,-0.1586519,-0.1218381,-0.2590646,0.001055435,0.001716291,-23.87261
710.2,-5980.348,8490.508,-5351.366,-2.99768,-1.128011,20.18076,0.9016554,-0.383512,-0.1552872,-0.1257854,-0.2591796,0.0009616291,0.001766427,-23.84638
710.4,-5980.947,8490.281,-5347.331,-2.995668,-1.13623,20.17624,0.8914481,-0.4067711,-0.1518236,-0.1296419,-0.2592946,0.0008653357,0.001811555,-23.82015
710.6,-5981.546,8490.054,-5343.295,-2.993714,-1.14447,20.17173,0.880636,-0.4297689,-0.1482633,-0.1334053,-0.2594097,0.0007668209,0.00185155,-23.79392
710.8,-5982.145,8489.824,-5339.262,-2.991813,-1.152729,20.16721,0.8692253,-0.4524894,-0.1446088,-0.1370731,-0.2595249,0.0006663571,0.001886303,-23.76771
711,-5982.743,8489.593,-5335.229,-2.98996,-1.161005,20.1627,0.8572229,-0.4749171,-0.1408628,-0.1406429,-0.2596401,0.0005642226,0.001915714,-23.74149
711.2,-5983.341,8489.359,-5331.197,-2.98815,-1.169296,20.1582,0.844636,-0.4970362,-0.1370277,-0.1441122,-0.2597553,0.0004607001,0.001939704,-23.71528
711.4,-5983.938,8489.125,-5327.166,-2.98638,-1.177601,20.15369,0.8314725,-0.5188316,-0.1331063,-0.147479,-0.2598706,0.000356077,0.001958205,-23.68908
711.6,-5984.535,8488.889,-5323.135,-2.984646,-1.185919,20.14919,0.8177403,-0.5402879,-0.1291011,-0.1507409,-0.259986,0.0002506435,0.001971165,-23.66288
711.8,-5985.132,8488.65,-5319.106,-2.982945,-1.194247,20.14469,0.8034478,-0.5613902,-0.1250151,-0.1538959,-0.2601014,0.0001446926,0.001978548,-23.63669
712,-5985.729,8488.411,-5315.077,-2.981273,-1.202585,20.14019,0.7886041,-0.5821236,-0.120851,-0.1569419,-0.2602168,3.851909e-05,0.001980332,-23.61049
712.2,-5986.325,8488.169,-5311.05,-2.979628,-1.210932,20.13569,0.7732184,-0.6024736,-0.1166116,-0.1598769,-0.2603323,-6.758155e-05,0.001976514,-23.58433
712.4,-5986.92,8487.927,-5307.023,-2.978007,-1.219287,20.1312,0.7573004,-0.6224259,-0.1123,-0.162699,-0.2604479,-0.0001733136,0.001967101,-23.55814
712.6,-5987.516,8487.682,-5302.997,-2.976409,-1.227649,20.12671,0.74086,-0.6419662,-0.1079191,-0.1654064,-0.2605635,-0.0002783823,0.001952121,-23.53199
712.8,-5988.111,8487.436,-5298.972,-2.974831,-1.236016,20.12222,0.7239079,-0.6610808,-0.1034719,-0.1679974,-0.2606791,-0.0003824941,0.001931615,-23.50582
713,-5988.706,8487.188,-5294.948,-2.973271,-1.244389,20.11774,0.7064547,-0.679756,-0.09896144,-0.1704702,-0.2607948,-0.0004853581,0.00190564,-23.47967
713.2,-5989.3,8486.938,-5290.925,-2.971728,-1.252767,20.11325,0.6885117,-0.6979786,-0.09439087,-0.1728234,-0.2609106,-0.0005866866,0.001874267,-23.45351
713.4,-5989.895,8486.687,-5286.903,-2.9702,-1.261149,20.10877,0.6700903,-0.7157354,-0.08976335,-0.1750553,-0.2610264,-0.0006861959,0.001837585,-23.42737
713.6,-5990.488,8486.433,-5282.882,-2.968686,-1.269534,20.10429,0.6512025,-0.7330137,-0.08508205,-0.1771645,-0.2611423,-0.0007836071,0.001795696,-23.40124
713.8,-5991.082,8486.179,-5278.861,-2.967184,-1.277922,20.09982,0.6318606,-0.7498009,-0.08035021,-0.1791498,-0.2612582,-0.0008786469,0.001748716,-23.3751
714,-5991.675,8485.922,-5274.842,-2.965694,-1.286313,20.09535,0.612077,-0.766085,-0.07557108,-0.1810098,-0.2613741,-0.0009710483,0.001696777,-23.34897
714.2,-5992.268,8485.664,-5270.823,-2.964214,-1.294706,20.09088,0.5918647,-0.781854,-0.07074795,-0.1827434,-0.2614901,-0.001060552,0.001640025,-23.32285
714.4,-5992.861,8485.404,-5266.806,-2.962744,-1.303101,20.08641,0.571237,-0.7970966,-0.06588416,-0.1843494,-0.2616062,-0.001146905,0.001578619,-23.29673
714.6,-5993.453,8485.143,-5262.789,-2.961282,-1.311497,20.08194,0.5502073,-0.8118013,-0.06098305,-0.185827,-0.2617223,-0.001229866,0.001512731,-23.27062
714.8,-5994.045,8484.879,-5258.772,-2.959828,-1.319895,20.07748,0.5287896,-0.8259574,-0.056048,-0.1871751,-0.2618384,-0.001309199,0.001442547,-23.24453
715,-5994.637,8484.614,-5254.758,-2.958381,-1.328293,20.07302,0.5069979,-0.8395545,-0.05108242,-0.188393,-0.2619546,-0.001384682,0.001368263,-23.21842
715.2,-5995.229,8484.348,-5250.744,-2.95694,-1.336692,20.06856,0.4848468,-0.8525823,-0.04608972,-0.1894799,-0.2620709,-0.001456101,0.001290089,-23.19233
715.4,-5995.82,8484.08,-5246.73,-2.955505,-1.345092,20.0641,0.4623509,-0.8650312,-0.04107335,-0.1904352,-0.2621872,-0.001523253,0.001208246,-23.16625
715.6,-5996.411,8483.81,-5242.718,-2.954076,-1.353491,20.05965,0.4395253,-0.8768917,-0.03603677,-0.1912583,-0.2623035,-0.00158595,0.001122965,-23.14017
715.8,-5997.001,8483.538,-5238.707,-2.952652,-1.361891,20.0552,0.4163852,-0.8881549,-0.03098344,-0.1919487,-0.2624199,-0.001644012,0.001034486,-23.1141
716,-5997.592,8483.266,-5234.696,-2.951232,-1.370291,20.05075,0.3929462,-0.898812,-0.02591685,-0.1925061,-0.2625364,-0.001697276,0.0009430592,-23.08802
716.2,-5998.182,8482.99,-5230.686,-2.949816,-1.37869,20.0463,0.3692239,-0.908855,-0.02084049,-0.1929302,-0.2626529,-0.00174559,0.0008489443,-23.06196
716.4,-5998.772,8482.714,-5226.677,-2.948404,-1.387089,20.04186,0.3452343,-0.9182759,-0.01575787,-0.1932209,-0.2627695,-0.001788817,0.0007524076,-23.03589
716.6,-5999.361,8482.436,-5222.669,-2.946995,-1.395487,20.03742,0.3209938,-0.9270675,-0.01067248,-0.1933779,-0.2628861,-0.001826833,0.0006537229,-23.00985
716.8,-5999.951,8482.155,-5218.662,-2.945589,-1.403884,20.03298,0.2965186,-0.9352227,-0.005587835,-0.1934013,-0.2630028,-0.001859531,0.0005531705,-22.9838
717,-6000.54,8481.874,-5214.656,-2.944186,-1.412281,20.02854,0.2718254,-0.942735,-0.0005074415,-0.1932912,-0.2631195,-0.001886816,0.0004510359,-22.95777
717.2,-6001.128,8481.591,-5210.651,-2.942786,-1.420677,20.02411,0.2469311,-0.9495982,0.004565199,-0.1930478,-0.2632362,-0.001908611,0.00034761,-22.93172
717.4,-6001.717,8481.306,-5206.646,-2.941388,-1.429072,20.01968,0.2218525,-0.9558067,0.009626588,-0.1926713,-0.263353,-0.001924853,0.000243187,-22.90571
717.6,-6002.305,8481.019,-5202.643,-2.939993,-1.437466,20.01525,0.196607,-0.9613553,0.01467323,-0.1921622,-0.2634699,-0.001935496,0.0001380646,-22.87968
717.8,-6002.893,8480.73,-5198.64,-2.938599,-1.445858,20.01082,0.1712117,-0.9662392,0.01970166,-0.1915208,-0.2635868,-0.001940509,3.254278e-05,-22.85366
718,-6003.48,8480.44,-5194.639,-2.937207,-1.45425,20.0064,0.1456841,-0.970454,0.02470839,-0.1907476,-0.2637038,-0.001939876,-7.30772e-05,-22.82766
718.2,-6004.067,8480.149,-5190.638,-2.935817,-1.46264,20.00197,0.1200419,-0.9739959,0.02968998,-0.1898434,-0.2638208,-0.0019336,-0.0001784934,-22.80164
718.4,-6004.655,8479.855,-5186.638,-2.934429,-1.471029,19.99755,0.09430268,-0.9768613,0.03464299,-0.1888089,-0.2639379,-0.001921698,-0.0002834043,-22.77564
718.6,-6005.241,8479.561,-5182.639,-2.933042,-1.479417,19.99314,0.06848431,-0.9790475,0.039564,-0.1876449,-0.264055,-0.001904203,-0.0003875094,-22.74966
718.8,-6005.828,8479.264,-5178.641,-2.931656,-1.487803,19.98872,0.04260471,-0.9805518,0.04444962,-0.1863523,-0.2641722,-0.001881166,-0.0004905102,-22.72367
719,-6006.414,8478.966,-5174.643,-2.930271,-1.496188,19.98431,0.01668186,-0.9813724,0.04929647,-0.1849321,-0.2642894,-0.001852651,-0.0005921113,-22.69768
719.2,-6007,8478.665,-5170.647,-2.928888,-1.504571,19.9799,-0.00926616,-0.9815075,0.05410123,-0.1833853,-0.2644067,-0.001818741,-0.0006920208,-22.6717
719.4,-6007.585,8478.363,-5166.651,-2.927506,-1.512953,19.97549,-0.03522123,-0.9809563,0.05886056,-0.1817132,-0.264524,-0.001779532,-0.0007899515,-22.64573
719.6,-6008.171,8478.061,-5162.657,-2.926124,-1.521334,19.97109,-0.06116516,-0.979718,0.06357119,-0.179917,-0.2646414,-0.001735137,-0.0008856216,-22.61977
719.8,-6008.756,8477.755,-5158.663,-2.924744,-1.529713,19.96669,-0.08707976,-0.9777926,0.06822988,-0.1779981,-0.2647589,-0.001685683,-0.0009787556,-22.5938
720,-6009.341,8477.448,-5154.67,-2.923364,-1.53809,19.96229,-0.1129468,-0.9751806,0.0728334,-0.1759579,-0.2648764,-0.001631313,-0.001069085,-22.56786
720.2,-6009.925,8477.14,-5150.678,-2.921986,-1.546466,19.95789,-0.138748,-0.9718826,0.07737859,-0.173798,-0.2649939,-0.001572182,-0.001156349,-22.54191
720.4,-6010.51,8476.83,-5146.687,-2.920608,-1.55484,19.95349,-0.1644652,-0.9679002,0.08186231,-0.1715198,-0.2651115,-0.001508461,-0.001240295,-22.51597
720.6,-6011.094,8476.518,-5142.697,-2.91923,-1.563213,19.9491,-0.1900801,-0.963235,0.08628146,-0.1691252,-0.2652292,-0.001440335,-0.001320682,-22.49003
720.8,-6011.677,8476.204,-5138.707,-2.917854,-1.571584,19.94471,-0.2155745,-0.9578896,0.09063302,-0.1666159,-0.2653469,-0.001367998,-0.001397275,-22.4641
721,-6012.261,8475.89,-5134.719,-2.916478,-1.579953,19.94032,-0.2409304,-0.9518666,0.09491397,-0.1639937,-0.2654646,-0.001291662,-0.001469854,-22.43818
721.2,-6012.844,8475.572,-5130.731,-2.915102,-1.58832,19.93594,-0.2661296,-0.9451693,0.09912137,-0.1612606,-0.2655824,-0.001211546,-0.001538207,-22.41225
721.4,-6013.427,8475.254,-5126.744,-2.913727,-1.596686,19.93155,-0.2911541,-0.9378016,0.1032523,-0.1584185,-0.2657003,-0.001127882,-0.001602137,-22.38634
721.6,-6014.009,8474.934,-5122.758,-2.912353,-1.605051,19.92717,-0.3159859,-0.9297677,0.107304,-0.1554696,-0.2658182,-0.001040913,-0.001661457,-22.36043
721.8,-6014.592,8474.612,-5118.773,-2.910979,-1.613413,19.92279,-0.3406073,-0.9210723,0.1112736,-0.152416,-0.2659362,-0.0009508915,-0.001715995,-22.33452
722,-6015.174,8474.288,-5114.79,-2.909606,-1.621774,19.91842,-0.3650005,-0.9117208,0.1151583,-0.14926,-0.2660542,-0.0008580788,-0.001765592,-22.30863
722.2,-6015.755,8473.963,-5110.806,-2.908233,-1.630133,19.91404,-0.3891478,-0.9017186,0.1189556,-0.1460038,-0.2661723,-0.0007627446,-0.001810104,-22.28274
722.4,-6016.337,8473.637,-5106.824,-2.906861,-1.638491,19.90967,-0.4130319,-0.8910722,0.1226628,-0.1426498,-0.2662904,-0.0006651666,-0.0018494,-22.25686
722.6,-6016.918,8473.308,-5102.842,-2.905488,-1.646846,19.9053,-0.4366353,-0.879788,0.1262774,-0.1392005,-0.2664086,-0.0005656289,-0.001883365,-22.23098
722.8,-6017.5,8472.978,-5098.862,-2.904117,-1.6552,19.90093,-0.4599409,-0.8678732,0.1297968,-0.1356584,-0.2665268,-0.0004644217,-0.001911901,-22.2051
723,-6018.08,8472.646,-5094.882,-2.902746,-1.663553,19.89657,-0.4829318,-0.8553355,0.1332188,-0.132026,-0.2666451,-0.0003618405,-0.001934923,-22.17924
723.2,-6018.66,8472.312,-5090.903,-2.901375,-1.671903,19.89221,-0.505591,-0.8421828,0.1365408,-0.128306,-0.2667635,-0.000258185,-0.001952364,-22.15337
723.4,-6019.241,8471.977,-5086.925,-2.900004,-1.680252,19.88785,-0.5279021,-0.8284237,0.1397608,-0.1245012,-0.2668819,-0.0001537582,-0.001964172,-22.12751
723.6,-6019.82,8471.64,-5082.948,-2.898634,-1.688599,19.88349,-0.5498485,-0.8140671,0.1428763,-0.1206142,-0.2670003,-4.886597e-05,-0.001970313,-22.10166
723.8,-6020.4,8471.302,-5078.972,-2.897264,-1.696944,19.87914,-0.5714141,-0.7991225,0.1458855,-0.1166479,-0.2671188,5.618449e-05,-0.001970768,-22.07581
724,-6020.979,8470.961,-5074.996,-2.895895,-1.705288,19.87478,-0.5925829,-0.7835996,0.1487861,-0.1126052,-0.2672374,0.0001610851,-0.001965536,-22.04998
724.2,-6021.558,8470.619,-5071.021,-2.894526,-1.71363,19.87043,-0.6133394,-0.7675087,0.1515761,-0.1084889,-0.267356,0.0002655278,-0.001954632,-22.02415
724.4,-6022.137,8470.276,-5067.048,-2.893157,-1.72197,19.86609,-0.6336679,-0.7508607,0.1542539,-0.1043022,-0.2674747,0.0003692058,-0.001938086,-21.99831
724.6,-6022.716,8469.931,-5063.075,-2.891789,-1.730308,19.86174,-0.6535534,-0.7336666,0.1568174,-0.100048,-0.2675934,0.0004718142,-0.001915948,-21.97249
724.8,-6023.294,8469.584,-5059.104,-2.890421,-1.738645,19.8574,-0.672981,-0.7159379,0.1592649,-0.09572937,-0.2677122,0.0005730508,-0.001888283,-21.94668
725,-6023.872,8469.235,-5055.132,-2.889053,-1.74698,19.85306,-0.6919361,-0.6976867,0.1615949,-0.0913495,-0.267831,0.0006726173,-0.001855171,-21.92086
725.2,-6024.449,8468.885,-5051.162,-2.887686,-1.755313,19.84872,-0.7104043,-0.6789254,0.1638057,-0.08691153,-0.2679499,0.00077022,-0.00181671,-21.89506
725.4,-6025.027,8468.533,-5047.193,-2.886318,-1.763644,19.84438,-0.7283719,-0.6596667,0.1658959,-0.0824187,-0.2680689,0.0008655709,-0.001773013,-21.86925
725.6,-6025.604,8468.18,-5043.224,-2.884951,-1.771974,19.84005,-0.7458251,-0.6399236,0.167864,-0.07787424,-0.2681878,0.0009583879,-0.001724209,-21.84345
725.8,-6026.181,8467.824,-5039.257,-2.883585,-1.780302,19.83572,-0.7627505,-0.61971,0.1697088,-0.07328144,-0.2683069,0.001048397,-0.001670442,-21.81766
726,-6026.757,8467.468,-5035.29,-2.882218,-1.788628,19.83139,-0.7791353,-0.5990394,0.171429,-0.06864365,-0.268426,0.001135331,-0.00161187,-21.79189
726.2,-6027.333,8467.108,-5031.324,-2.880852,-1.796952,19.82706,-0.794967,-0.5779264,0.1730236,-0.06396422,-0.2685451,0.001218932,-0.001548667,-21.7661
726.4,-6027.91,8466.749,-5027.359,-2.879487,-1.805275,19.82274,-0.8102332,-0.5563855,0.1744914,-0.05924652,-0.2686643,0.001298953,-0.001481021,-21.74033
726.6,-6028.485,8466.387,-5023.395,-2.878121,-1.813596,19.81841,-0.8249221,-0.5344316,0.1758315,-0.05449399,-0.2687836,0.001375156,-0.00140913,-21.71458
726.8,-6029.061,8466.023,-5019.432,-2.876756,-1.821915,19.8141,-0.8390225,-0.5120801,0.177043,-0.04971005,-0.2689029,0.001447313,-0.00133321,-21.6888
727,-6029.636,8465.658,-5015.469,-2.875391,-1.830232,19.80978,-0.852523,-0.4893466,0.1781252,-0.04489818,-0.2690223,0.001515212,-0.001253484,-21.66305
727.2,-6030.211,8465.291,-5011.508,-2.874026,-1.838547,19.80546,-0.8654132,-0.466247,0.1790775,-0.04006185,-0.2691417,0.001578649,-0.001170191,-21.6373
727.4,-6030.786,8464.923,-5007.547,-2.872662,-1.846861,19.80115,-0.8776829,-0.4427975,0.1798992,-0.03520457,-0.2692612,0.001637435,-0.001083578,-21.61156
727.6,-6031.36,8464.553,-5003.587,-2.871298,-1.855173,19.79684,-0.8893222,-0.4190148,0.1805898,-0.03032985,-0.2693807,0.001691394,-0.0009939021,-21.58582
727.8,-6031.935,8464.181,-4999.628,-2.869934,-1.863484,19.79253,-0.9003219,-0.3949156,0.181149,-0.02544123,-0.2695003,0.001740366,-0.000901432,-21.56008
728,-6032.508,8463.807,-4995.67,-2.86857,-1.871792,19.78823,-0.910673,-0.3705169,0.1815764,-0.02054224,-0.26962,0.001784203,-0.0008064432,-21.53435
728.2,-6033.082,8463.432,-4991.713,-2.867207,-1.880099,19.78392,-0.920367,-0.3458362,0.1818719,-0.01563642,-0.2697397,0.001822776,-0.0007092194,-21.50864
728.4,-6033.655,8463.055,-4987.757,-2.865844,-1.888404,19.77962,-0.929396,-0.320891,0.1820354,-0.01072733,-0.2698594,0.001855967,-0.0006100512,-21.48292
728.6,-6034.228,8462.677,-4983.801,-2.864481,-1.896707,19.77532,-0.9377525,-0.2956991,0.1820668,-0.00581853,-0.2699792,0.001883677,-0.0005092356,-21.45721
728.8,-6034.801,8462.296,-4979.847,-2.863118,-1.905009,19.77103,-0.9454295,-0.2702787,0.1819662,-0.0009135622,-0.270099,0.001905823,-0.0004070745,-21.43151
729,-6035.374,8461.914,-4975.893,-2.861756,-1.913309,19.76673,-0.9524203,-0.2446478,0.1817338,0.003984019,-0.270219,0.001922338,-0.0003038742,-21.4058
729.2,-6035.946,8461.531,-4971.94,-2.860394,-1.921607,19.76244,-0.9587188,-0.218825,0.18137,0.008870667,-0.2703389,0.001933172,-0.0001999446,-21.38012
729.4,-6036.518,8461.146,-4967.988,-2.859032,-1.929903,19.75815,-0.9643196,-0.1928289,0.1808749,0.01374285,-0.2704589,0.001938292,-9.559787e-05,-21.35442
729.6,-6037.089,8460.759,-4964.037,-2.857671,-1.938198,19.75386,-0.9692175,-0.1666783,0.1802492,0.01859703,-0.270579,0.001937682,8.852206e-06,-21.32874
729.8,-6037.661,8460.37,-4960.086,-2.85631,-1.946491,19.74958,-0.973408,-0.1403922,0.1794934,0.0234297,-0.2706991,0.001931345,0.0001130912,-21.30306
730,-6038.232,8459.98,-4956.137,-2.854949,-1.954782,19.7453,-0.976887,-0.1139896,0.1786082,0.02823736,-0.2708193,0.001919298,0.000216805,-21.2774
730.2,-6038.803,8459.589,-4952.188,-2.853588,-1.963071,19.74102,-0.9796509,-0.08748974,0.1775942,0.03301654,-0.2709395,0.001901578,0.0003196809,-21.25173
730.4,-6039.373,8459.195,-4948.241,-2.852227,-1.971358,19.73674,-0.9816966,-0.06091201,0.1764524,0.03776376,-0.2710598,0.001878238,0.0004214083,-21.22607
730.6,-6039.943,8458.8,-4944.293,-2.850867,-1.979644,19.73246,-0.9830217,-0.03427585,0.1751837,0.04247561,-0.2711802,0.001849348,0.0005216798,-21.20042
730.8,-6040.514,8458.403,-4940.348,-2.849504,-1.987909,19.72819,-0.9836242,-0.007600772,0.173789,0.04714866,-0.2713006,0.001814995,0.000620192,-21.17477
731,-6041.083,8458.005,-4936.402,-2.847986,-1.995143,19.72392,-0.9835027,0.01909361,0.1722696,0.05177953,-0.271421,0.001775282,0.0007166469,-21.14911
731.2,-6041.653,8457.605,-4932.458,-2.846241,-2.000888,19.71964,-0.9826561,0.04578763,0.1706267,0.05636488,-0.2715415,0.00173033,0.000810752,-21.12348
731.4,-6042.222,8457.205,-4928.515,-2.844293,-2.005284,19.71536,-0.9810842,0.07246158,0.1688615,0.06090138,-0.271662,0.001680274,0.0009022219,-21.09785
731.6,-6042.791,8456.804,-4924.572,-2.84216,-2.008459,19.71109,-0.9787869,0.09909571,0.1669755,0.06538577,-0.2717826,0.001625267,0.0009907789,-21.07221
731.8,-6043.358,8456.401,-4920.63,-2.839859,-2.010528,19.70682,-0.9757652,0.1256703,0.1649701,0.06981478,-0.2719033,0.001565474,0.001076154,-21.04659
732,-6043.926,8455.999,-4916.689,-2.837407,-2.011595,19.70255,-0.9720201,0.1521655,0.1628469,0.07418521,-0.272024,0.001501078,0.001158087,-21.02099
732.2,-6044.494,8455.597,-4912.749,-2.834818,-2.011756,19.69829,-0.9675534,0.1785617,0.1606076,0.07849393,-0.2721448,0.001432273,0.001236328,-20.99537
732.4,-6045.06,8455.194,-4908.81,-2.832104,-2.011096,19.69403,-0.9623675,0.2048391,0.1582538,0.0827378,-0.2722656,0.001359269,0.00131064,-20.96976
732.6,-6045.626,8454.792,-4904.872,-2.829279,-2.009694,19.68977,-0.9564651,0.2309781,0.1557875,0.08691375,-0.2723864,0.001282289,0.001380795,-20.94416
732.8,-6046.192,8454.391,-4900.934,-2.826352,-2.007618,19.68552,-0.9498495,0.2569589,0.1532106,0.09101878,-0.2725074,0.001201567,0.001446579,-20.91857
733,-6046.757,8453.989,-4896.997,-2.823334,-2.004934,19.68127,-0.942525,0.2827622,0.150525,0.09504992,-0.2726283,0.001117349,0.001507791,-20.89298
733.2,-6047.321,8453.589,-4893.062,-2.820231,-2.001698,19.67702,-0.9344956,0.3083684,0.1477327,0.09900426,-0.2727494,0.001029892,0.001564244,-20.86739
733.4,-6047.885,8453.188,-4889.126,-2.817055,-1.997964,19.67278,-0.9257666,0.3337582,0.1448361,0.1028789,-0.2728704,0.0009394641,0.001615764,-20.84182
733.6,-6048.448,8452.789,-4885.192,-2.813809,-1.993778,19.66854,-0.9163435,0.3589124,0.1418372,0.1066712,-0.2729916,0.0008463412,0.001662193,-20.81624
733.8,-6049.011,8452.392,-4881.259,-2.810503,-1.989183,19.6643,-0.9062322,0.3838118,0.1387383,0.1103782,-0.2731127,0.0007508086,0.001703389,-20.79069
734,-6049.572,8451.994,-4877.327,-2.807141,-1.984219,19.66007,-0.8954394,0.4084375,0.135542,0.1139974,-0.273234,0.0006531592,0.001739224,-20.76513
734.2,-6050.133,8451.598,-4873.395,-2.803728,-1.97892,19.65584,-0.8839722,0.4327707,0.1322505,0.1175262,-0.2733553,0.0005536927,0.00176959,-20.73957
734.4,-6050.694,8451.202,-4869.464,-2.800271,-1.973318,19.65161,-0.8718383,0.4567928,0.1288665,0.120962,-0.2734766,0.0004527145,0.001794391,-20.71401
734.6,-6051.253,8450.809,-4865.534,-2.796772,-1.967442,19.64738,-0.8590457,0.4804853,0.1253925,0.1243023,-0.273598,0.0003505349,0.001813552,-20.68847
734.8,-6051.812,8450.415,-4861.605,-2.793236,-1.961318,19.64316,-0.8456032,0.5038301,0.1218311,0.1275447,-0.2737194,0.0002474685,0.001827012,-20.66294
735,-6052.371,8450.023,-4857.677,-2.789667,-1.95497,19.63894,-0.8315198,0.5268092,0.1181852,0.130687,-0.2738409,0.0001438327,0.001834731,-20.6374
735.2,-6052.928,8449.634,-4853.75,-2.786067,-1.94842,19.63472,-0.8168054,0.5494047,0.1144574,0.1337268,-0.2739625,3.994685e-05,0.001836682,-20.61187
735.4,-6053.485,8449.244,-4849.823,-2.78244,-1.941686,19.6305,-0.8014701,0.5715992,0.1106506,0.136662,-0.2740841,-6.386833e-05,0.001832862,-20.58636
735.6,-6054.042,8448.856,-4845.897,-2.778789,-1.934786,19.62628,-0.7855245,0.5933754,0.1067677,0.1394905,-0.2742057,-0.0001672922,0.001823279,-20.56083
735.8,-6054.597,8448.471,-4841.973,-2.775115,-1.927736,19.62207,-0.7689798,0.6147162,0.1028116,0.1422103,-0.2743275,-0.0002700051,0.001807965,-20.53531
736,-6055.151,8448.086,-4838.049,-2.771422,-1.92055,19.61786,-0.7518476,0.6356052,0.09878548,0.1448194,-0.2744492,-0.000371689,0.001786965,-20.50982
736.2,-6055.705,8447.702,-4834.125,-2.76771,-1.913242,19.61365,-0.73414,0.6560257,0.09469227,0.1473161,-0.274571,-0.0004720291,0.001760345,-20.48432
736.4,-6056.258,8447.32,-4830.203,-2.763982,-1.905824,19.60944,-0.7158697,0.6759618,0.09053513,0.1496984,-0.2746929,-0.0005707141,0.001728186,-20.45882
736.6,-6056.811,8446.94,-4826.282,-2.76024,-1.898305,19.60524,-0.6970495,0.6953977,0.0863172,0.1519648,-0.2748148,-0.0006674378,0.001690587,-20.43333
736.8,-6057.362,8446.562,-4822.361,-2.756484,-1.890695,19.60104,-0.677693,0.7143181,0.08204169,0.1541136,-0.2749368,-0.0007618997,0.001647666,-20.40784
737,-6057.914,8446.184,-4818.441,-2.752717,-1.883004,19.59684,-0.657814,0.7327079,0.07771186,0.1561434,-0.2750588,-0.0008538061,0.001599555,-20.38238
737.2,-6058.463,8445.808,-4814.522,-2.748572,-1.875525,19.59264,-0.637427,0.7505523,0.073331,0.1580527,-0.2751809,-0.0009428709,0.001546402,-20.35689
737.4,-6059.013,8445.434,-4810.604,-2.743619,-1.8686,19.58844,-0.6165465,0.7678372,0.06890243,0.1598401,-0.275303,-0.001028816,0.001488375,-20.33143
737.6,-6059.561,8445.061,-4806.687,-2.737933,-1.86218,19.58424,-0.5951879,0.7845486,0.06442952,0.1615046,-0.2754252,-0.001111375,0.001425651,-20.30596
737.8,-6060.108,8444.688,-4802.771,-2.731584,-1.856216,19.58005,-0.5733666,0.800673,0.05991568,0.1630448,-0.2755474,-0.001190289,0.001358428,-20.28051
738,-6060.654,8444.317,-4798.855,-2.724635,-1.850664,19.57586,-0.5510986,0.8161973,0.05536432,0.1644598,-0.2756698,-0.001265311,0.001286914,-20.25506
738.2,-6061.198,8443.948,-4794.94,-2.717143,-1.845487,19.57167,-0.5284002,0.8311089,0.0507789,0.1657486,-0.2757921,-0.001336206,0.001211333,-20.22961
738.4,-6061.74,8443.58,-4791.026,-2.709161,-1.840647,19.56749,-0.5052882,0.8453956,0.04616292,0.1669103,-0.2759145,-0.001402754,0.00113192,-20.20417
738.6,-6062.281,8443.212,-4787.113,-2.700734,-1.836113,19.56331,-0.4817795,0.8590456,0.04151986,0.1679441,-0.2760369,-0.001464745,0.001048924,-20.17873
738.8,-6062.821,8442.845,-4783.201,-2.691906,-1.831857,19.55913,-0.4578914,0.8720477,0.03685326,0.1688495,-0.2761594,-0.001521984,0.0009626048,-20.15331
739,-6063.358,8442.479,-4779.29,-2.682715,-1.827851,19.55495,-0.4336419,0.8843908,0.03216666,0.1696258,-0.276282,-0.001574292,0.0008732321,-20.12789
739.2,-6063.894,8442.114,-4775.379,-2.673196,-1.824071,19.55078,-0.4090487,0.8960648,0.02746361,0.1702726,-0.2764046,-0.001621504,0.0007810863,-20.10247
739.4,-6064.427,8441.75,-4771.469,-2.663379,-1.820497,19.54661,-0.3841304,0.9070597,0.0227477,0.1707895,-0.2765273,-0.001663472,0.0006864566,-20.07705
739.6,-6064.959,8441.386,-4767.561,-2.653295,-1.817109,19.54244,-0.3589055,0.9173662,0.01802249,0.1711761,-0.27665,-0.001700063,0.0005896404,-20.05164
739.8,-6065.489,8441.022,-4763.652,-2.642968,-1.813889,19.53827,-0.3333929,0.9269754,0.01329157,0.1714323,-0.2767728,-0.001731162,0.000490942,-20.02624
740,-6066.016,8440.66,-4759.745,-2.632423,-1.810821,19.5341,-0.3076119,0.935879,0.008558536,0.1715581,-0.2768956,-0.00175667,0.0003906721,-20.00085
740.2,-6066.542,8440.299,-4755.839,-2.621679,-1.80789,19.52994,-0.2815817,0.9440691,0.003826977,0.1715535,-0.2770185,-0.001776507,0.0002891465,-19.97545
740.4,-6067.065,8439.938,-4751.933,-2.610756,-1.805084,19.52578,-0.2553221,0.9515385,-0.0008995143,0.1714185,-0.2771414,-0.001790609,0.0001866855,-19.95006
740.6,-6067.586,8439.576,-4748.028,-2.599672,-1.802391,19.52162,-0.2288529,0.9582804,-0.005617353,0.1711534,-0.2772644,-0.001798931,8.361242e-05,-19.92469
740.8,-6068.105,8439.216,-4744.125,-2.588442,-1.7998,19.51746,-0.2021943,0.9642885,-0.01032296,0.1707585,-0.2773874,-0.001801447,-1.974708e-05,-19.89931
741,-6068.621,8438.856,-4740.221,-2.57708,-1.797301,19.51331,-0.1753665,0.9695574,-0.01501276,0.1702343,-0.2775106,-0.001798149,-0.0001230661,-19.87394
741.2,-6069.136,8438.497,-4736.319,-2.565599,-1.794885,19.50916,-0.1483899,0.9740818,-0.01968321,0.1695811,-0.2776337,-0.001789046,-0.0002260176,-19.84858
741.4,-6069.647,8438.139,-4732.417,-2.554011,-1.792545,19.505,-0.1212852,0.9778571,-0.02433074,0.1687997,-0.2777569,-0.001774166,-0.0003282753,-19.82322
741.6,-6070.157,8437.78,-4728.517,-2.542326,-1.790274,19.50086,-0.09407306,0.9808796,-0.02895185,0.1678908,-0.2778802,-0.001753557,-0.0004295151,-19.79786
741.8,-6070.665,8437.422,-4724.617,-2.530554,-1.788064,19.49671,-0.06677449,0.9831457,-0.03354303,0.1668551,-0.2780035,-0.001727284,-0.0005294153,-19.77251
742,-6071.169,8437.065,-4720.718,-2.518703,-1.78591,19.49257,-0.03941042,0.9846526,-0.03810079,0.1656935,-0.2781268,-0.001695429,-0.0006276586,-19.74717
742.2,-6071.672,8436.708,-4716.82,-2.506781,-1.783807,19.48842,-0.01200199,0.9853982,-0.04262168,0.1644071,-0.2782503,-0.001658093,-0.0007239326,-19.72184
742.4,-6072.172,8436.352,-4712.923,-2.495203,-1.78132,19.48428,0.01542964,0.9853808,-0.04710226,0.1629969,-0.2783737,-0.001615395,-0.0008179306,-19.69649
742.6,-6072.67,8435.995,-4709.027,-2.484324,-1.778079,19.48013,0.04286319,0.9845993,-0.05153915,0.1614642,-0.2784973,-0.001567471,-0.0009093532,-19.67118
742.8,-6073.166,8435.641,-4705.131,-2.474076,-1.774154,19.47599,0.07027739,0.9830533,-0.05592898,0.1598102,-0.2786209,-0.001514472,-0.0009979086,-19.64585
743,-6073.66,8435.286,-4701.236,-2.464399,-1.769613,19.47185,0.09765086,0.9807429,-0.06026843,0.1580363,-0.2787445,-0.001456568,-0.001083314,-19.62054
743.2,-6074.152,8434.933,-4697.342,-2.45524,-1.764514,19.46771,0.1249623,0.9776688,-0.0645542,0.156144,-0.2788682,-0.001393942,-0.001165297,-19.59522
743.4,-6074.642,8434.58,-4693.449,-2.446548,-1.75891,19.46358,0.1521903,0.9738324,-0.06878305,0.1541347,-0.278992,-0.001326796,-0.001243595,-19.56992
743.6,-6075.13,8434.229,-4689.557,-2.438279,-1.752851,19.45944,0.1793136,0.9692355,-0.07295179,0.1520103,-0.2791158,-0.001255343,-0.001317957,-19.54462
743.8,-6075.617,8433.879,-4685.666,-2.430393,-1.746379,19.45531,0.2063107,0.9638808,-0.07705724,0.1497723,-0.2792397,-0.001179812,-0.001388144,-19.51932
744,-6076.103,8433.53,-4681.775,-2.422854,-1.739534,19.45118,0.2331606,0.9577714,-0.08109631,0.1474227,-0.2793636,-0.001100445,-0.001453932,-19.49404
744.2,-6076.586,8433.184,-4677.885,-2.415627,-1.732353,19.44705,0.259842,0.9509109,-0.08506595,0.1449633,-0.2794876,-0.001017495,-0.00151511,-19.46876
744.4,-6077.069,8432.838,-4673.996,-2.408684,-1.724867,19.44293,0.2863338,0.9433037,-0.08896314,0.1423961,-0.2796116,-0.00093123,-0.00157148,-19.44347
744.6,-6077.55,8432.493,-4670.108,-2.401998,-1.717107,19.43881,0.3126149,0.9349547,-0.09278495,0.1397233,-0.2797357,-0.0008419258,-0.00162286,-19.4182
744.8,-6078.03,8432.15,-4666.22,-2.395542,-1.709098,19.43469,0.3386646,0.9258693,-0.09652849,0.1369469,-0.2798599,-0.0007498697,-0.001669087,-19.39294
745,-6078.508,8431.81,-4662.334,-2.389297,-1.700864,19.43057,0.364462,0.9160538,-0.1001909,0.1340693,-0.2799841,-0.0006553578,-0.001710009,-19.36767
745.2,-6078.985,8431.471,-4658.448,-2.383242,-1.692427,19.42646,0.3899866,0.9055148,-0.1037695,0.1310926,-0.2801083,-0.0005586945,-0.001745496,-19.34241
745.4,-6079.461,8431.133,-4654.563,-2.377358,-1.683808,19.42235,0.4152179,0.8942595,-0.1072615,0.1280194,-0.2802326,-0.0004601915,-0.001775432,-19.31716
745.6,-6079.937,8430.797,-4650.679,-2.371629,-1.675023,19.41824,0.4401356,0.8822958,-0.1106644,0.1248521,-0.280357,-0.0003601665,-0.00179972,-19.29192
745.8,-6080.41,8430.463,-4646.796,-2.366041,-1.666088,19.41413,0.4647197,0.8696322,-0.1139755,0.1215932,-0.2804815,-0.0002589425,-0.001818282,-19.26667
746,-6080.883,8430.131,-4642.914,-2.36058,-1.657019,19.41003,0.4889505,0.8562776,-0.1171923,0.1182453,-0.2806059,-0.0001568468,-0.001831057,-19.24143
746.2,-6081.354,8429.8,-4639.032,-2.355235,-1.647828,19.40593,0.5128082,0.8422417,-0.1203125,0.1148112,-0.2807305,-5.420988e-05,-0.001838004,-19.21621
746.4,-6081.825,8429.472,-4635.151,-2.349993,-1.638527,19.40183,0.5362735,0.8275344,-0.1233337,0.1112935,-0.2808551,4.863598e-05,-0.001839099,-19.19099
746.6,-6082.294,8429.145,-4631.271,-2.344845,-1.629128,19.39773,0.5593275,0.8121666,-0.1262536,0.1076952,-0.2809798,0.0001513573,-0.001834338,-19.16576
746.8,-6082.763,8428.819,-4627.392,-2.339783,-1.619638,19.39364,0.5819511,0.7961494,-0.1290701,0.1040189,-0.2811044,0.0002536207,-0.001823738,-19.14055
747,-6083.23,8428.497,-4623.514,-2.334797,-1.610068,19.38954,0.6041261,0.7794946,-0.131781,0.1002678,-0.2812292,0.000355094,-0.001807331,-19.11533
747.2,-6083.697,8428.176,-4619.636,-2.329882,-1.600426,19.38545,0.625834,0.7622145,-0.1343844,0.09644481,-0.281354,0.0004554473,-0.001785171,-19.09014
747.4,-6084.162,8427.856,-4615.76,-2.32503,-1.590718,19.38136,0.6470573,0.7443219,-0.1368783,0.09255292,-0.2814789,0.000554354,-0.00175733,-19.06493
747.6,-6084.627,8427.539,-4611.884,-2.320235,-1.580951,19.37728,0.6677782,0.7258303,-0.1392608,0.08859529,-0.2816039,0.0006514919,-0.001723898,-19.03974
747.8,-6085.09,8427.224,-4608.009,-2.315491,-1.571131,19.37319,0.6879796,0.7067533,-0.1415302,0.08457504,-0.2817289,0.0007465442,-0.001684983,-19.01456
748,-6085.553,8426.911,-4604.134,-2.310795,-1.561264,19.36911,0.7076449,0.6871055,-0.1436848,0.08049541,-0.2818539,0.0008392007,-0.001640713,-18.98937
748.2,-6086.015,8426.6,-4600.261,-2.306141,-1.551353,19.36503,0.7267575,0.6669015,-0.1457231,0.07635962,-0.2819791,0.0009291587,-0.001591231,-18.96419
748.4,-6086.476,8426.29,-4596.389,-2.301525,-1.541404,19.36095,0.7453014,0.6461567,-0.1476434,0.07217099,-0.2821042,0.001016124,-0.001536699,-18.93903
748.6,-6086.935,8425.983,-4592.517,-2.296944,-1.53142,19.35688,0.7632612,0.624887,-0.1494445,0.06793283,-0.2822294,0.001099812,-0.001477295,-18.91385
748.8,-6087.394,8425.678,-4588.646,-2.292395,-1.521404,19.3528,0.7806217,0.6031085,-0.151125,0.06364853,-0.2823547,0.001179948,-0.001413213,-18.88869
749,-6087.852,8425.374,-4584.775,-2.287875,-1.511361,19.34873,0.7973682,0.5808379,-0.1526837,0.05932149,-0.2824801,0.00125627,-0.001344664,-18.86355
749.2,-6088.309,8425.073,-4580.906,-2.28338,-1.501293,19.34466,0.8134864,0.5580923,-0.1541195,0.05495516,-0.2826054,0.001328527,-0.001271871,-18.83839
749.4,-6088.766,8424.774,-4577.038,-2.278909,-1.491202,19.34059,0.8289626,0.5348893,-0.1554314,0.05055301,-0.2827309,0.001396482,-0.001195074,-18.81324
749.6,-6089.221,8424.477,-4573.17,-2.27446,-1.481092,19.33653,0.8437834,0.5112467,-0.1566184,0.04611854,-0.2828564,0.00145991,-0.001114524,-18.78811
749.8,-6089.675,8424.182,-4569.303,-2.270029,-1.470963,19.33246,0.8579363,0.487183,-0.1576798,0.04165527,-0.282982,0.001518604,-0.001030486,-18.76298
750,-6090.129,8423.889,-4565.437,-2.265616,-1.460819,19.3284,0.8714088,0.4627168,-0.1586148,0.03716676,-0.2831076,0.001572369,-0.0009432376,-18.73784
750.2,-6090.582,8423.598,-4561.572,-2.26122,-1.45066,19.32434,0.8841891,0.4378671,-0.1594227,0.03265658,-0.2832333,0.001621029,-0.0008530649,-18.71271
750.4,-6091.033,8423.308,-4557.707,-2.256837,-1.440488,19.32029,0.896266,0.4126536,-0.1601031,0.0281283,-0.283359,0.001664421,-0.0007602656,-18.6876
750.6,-6091.484,8423.021,-4553.844,-2.252468,-1.430306,19.31623,0.907629,0.3870957,-0.1606556,0.02358553,-0.2834848,0.001702404,-0.0006651457,-18.66248
750.8,-6091.935,8422.736,-4549.981,-2.248111,-1.420113,19.31218,0.9182677,0.3612138,-0.1610797,0.01903188,-0.2836106,0.001734851,-0.0005680194,-18.63738
751,-6092.384,8422.453,-4546.119,-2.243765,-1.409912,19.30812,0.9281728,0.3350282,-0.1613754,0.01447096,-0.2837366,0.001761654,-0.0004692078,-18.61227
751.2,-6092.832,8422.172,-4542.257,-2.239429,-1.399703,19.30408,0.937335,0.3085595,-0.1615425,0.009906407,-0.2838625,0.001782725,-0.0003690379,-18.58718
751.4,-6093.279,8421.894,-4538.397,-2.235101,-1.389487,19.30003,0.9457461,0.2818288,-0.1615809,0.005341836,-0.2839885,0.001797993,-0.0002678415,-18.56208
751.6,-6093.726,8421.616,-4534.538,-2.230782,-1.379266,19.29598,0.9533981,0.2548572,-0.1614907,0.0007808765,-0.2841146,0.001807407,-0.000165954,-18.53699
751.8,-6094.172,8421.342,-4530.679,-2.226471,-1.369039,19.29194,0.9602839,0.2276662,-0.1612722,-0.003772849,-0.2842407,0.001810936,-6.371348e-05,-18.51191
752,-6094.617,8421.068,-4526.821,-2.222166,-1.358808,19.2879,0.9663967,0.2002775,-0.1609257,-0.008315725,-0.2843669,0.001808567,3.854033e-05,-18.48684
752.2,-6095.061,8420.798,-4522.963,-2.217868,-1.348573,19.28386,0.9717307,0.172713,-0.1604514,-0.01284414,-0.2844931,0.001800309,0.0001404675,-18.46177
752.4,-6095.503,8420.529,-4519.107,-2.213575,-1.338336,19.27983,0.9762803,0.1449949,-0.15985,-0.01735451,-0.2846195,0.001786188,0.0002417289,-18.4367
752.6,-6095.946,8420.263,-4515.251,-2.209288,-1.328095,19.27579,0.9800408,0.1171453,-0.159122,-0.02184324,-0.2847458,0.001766251,0.000341987,-18.41164
752.8,-6096.387,8419.998,-4511.397,-2.205006,-1.317852,19.27176,0.9830081,0.08918669,-0.1582681,-0.02630677,-0.2848722,0.001740564,0.0004409078,-18.38657
753,-6096.828,8419.735,-4507.543,-2.200728,-1.307608,19.26773,0.9851785,0.06114168,-0.1572891,-0.03074157,-0.2849987,0.001709213,0.0005381608,-18.36153
753.2,-6097.268,8419.475,-4503.69,-2.196454,-1.297362,19.2637,0.9865494,0.03303294,-0.156186,-0.03514411,-0.2851252,0.001672301,0.0006334214,-18.33648
753.4,-6097.707,8419.217,-4499.837,-2.192184,-1.287115,19.25967,0.9871183,0.004883247,-0.1549596,-0.03951089,-0.2852518,0.001629952,0.0007263709,-18.31144
753.6,-6098.145,8418.96,-4495.986,-2.187917,-1.276867,19.25565,0.9868838,-0.02328451,-0.1536112,-0.04383846,-0.2853784,0.001582307,0.0008166982,-18.28641
753.8,-6098.582,8418.706,-4492.135,-2.183654,-1.266619,19.25163,0.9858449,-0.05144738,-0.1521418,-0.04812339,-0.2855051,0.001529526,0.0009041006,-18.26137
754,-6099.018,8418.453,-4488.285,-2.179394,-1.256371,19.24761,0.9840013,-0.07958238,-0.1505528,-0.05236226,-0.2856318,0.001471785,0.0009882849,-18.23635
754.2,-6099.454,8418.203,-4484.436,-2.175136,-1.246123,19.24359,0.9813536,-0.1076665,-0.1488456,-0.05655174,-0.2857586,0.001409277,0.001068969,-18.21134
754.4,-6099.888,8417.955,-4480.588,-2.170881,-1.235875,19.23957,0.9779025,-0.1356766,-0.1470217,-0.06068849,-0.2858855,0.001342212,0.001145881,-18.18632
754.6,-6100.322,8417.709,-4476.74,-2.166628,-1.225628,19.23556,0.97365,-0.1635898,-0.1450826,-0.06476924,-0.2860124,0.001270815,0.001218762,-18.16131
754.8,-6100.755,8417.465,-4472.894,-2.162378,-1.215381,19.23155,0.9685984,-0.1913831,-0.14303,-0.06879075,-0.2861394,0.001195325,0.001287368,-18.13631
755,-6101.187,8417.223,-4469.048,-2.15813,-1.205135,19.22754,0.9627506,-0.2190334,-0.1408656,-0.07274985,-0.2862664,0.001115998,0.001351466,-18.1113
755.2,-6101.618,8416.982,-4465.203,-2.153883,-1.19489,19.22353,0.9561104,-0.2465179,-0.1385913,-0.07664339,-0.2863935,0.001033099,0.001410841,-18.08631
755.4,-6102.048,8416.745,-4461.358,-2.149639,-1.184646,19.21953,0.9486822,-0.2738138,-0.1362091,-0.08046831,-0.2865206,0.0009469079,0.001465292,-18.06133
755.6,-6102.478,8416.509,-4457.515,-2.145396,-1.174403,19.21552,0.9404709,-0.3008985,-0.1337209,-0.08422158,-0.2866478,0.0008577158,0.001514635,-18.03635
755.8,-6102.906,8416.275,-4453.672,-2.141155,-1.164161,19.21152,0.9314823,-0.3277492,-0.131129,-0.08790022,-0.2867751,0.0007658238,0.001558702,-18.01137
756,-6103.334,8416.043,-4449.83,-2.136916,-1.153921,19.20752,0.9217226,-0.3543436,-0.1284353,-0.09150134,-0.2869023,0.0006715421,0.001597345,-17.9864
756.2,-6103.761,8415.813,-4445.989,-2.132678,-1.143682,19.20352,0.9111988,-0.3806594,-0.1256423,-0.09502209,-0.2870297,0.0005751898,0.001630432,-17.96143
756.4,-6104.188,8415.586,-4442.149,-2.128442,-1.133444,19.19953,0.8999186,-0.4066745,-0.1227523,-0.09845971,-0.2871571,0.0004770932,0.00165785,-17.93647
756.6,-6104.613,8415.36,-4438.309,-2.124206,-1.123209,19.19554,0.8878901,-0.4323671,-0.1197678,-0.1018115,-0.2872846,0.0003775846,0.001679507,-17.91151
756.8,-6105.037,8415.137,-4434.471,-2.119972,-1.112974,19.19155,0.8751224,-0.4577153,-0.1166911,-0.1050747,-0.2874121,0.0002770018,0.001695328,-17.88656
757,-6105.46,8414.915,-4430.633,-2.11574,-1.102742,19.18756,0.8616249,-0.4826978,-0.113525,-0.1082469,-0.2875397,0.0001756862,0.001705259,-17.86161
757.2,-6105.883,8414.695,-4426.795,-2.111509,-1.092511,19.18357,0.8474078,-0.5072935,-0.1102721,-0.1113256,-0.2876673,7.398216e-05,0.001709266,-17.83668
757.4,-6106.305,8414.478,-4422.959,-2.107278,-1.082282,19.17958,0.8324819,-0.5314813,-0.106935,-0.1143083,-0.287795,-2.776423e-05,0.001707335,-17.81173
757.6,-6106.726,8414.263,-4419.124,-2.103049,-1.072055,19.1756,0.8168586,-0.5552406,-0.1035167,-0.1171927,-0.2879227,-0.0001292065,0.001699472,-17.78681
757.8,-6107.146,8414.049,-4415.289,-2.098821,-1.06183,19.17162,0.8005499,-0.5785512,-0.1000199,-0.1199765,-0.2880505,-0.0002299988,0.001685703,-17.76188
758,-6107.566,8413.838,-4411.455,-2.094594,-1.051606,19.16764,0.7835684,-0.601393,-0.09644758,-0.1226576,-0.2881784,-0.0003297974,0.001666075,-17.73696
758.2,-6107.984,8413.628,-4407.622,-2.090369,-1.041385,19.16366,0.7659272,-0.6237465,-0.09280273,-0.1252339,-0.2883063,-0.0004282612,0.001640655,-17.71204
758.4,-6108.402,8413.421,-4403.79,-2.086143,-1.031165,19.15969,0.7476402,-0.6455922,-0.0890884,-0.1277034,-0.2884343,-0.0005250538,0.001609528,-17.68712
758.6,-6108.819,8413.216,-4399.958,-2.08192,-1.020948,19.15572,0.7287217,-0.6669113,-0.08530766,-0.130064,-0.2885623,-0.000619844,0.001572801,-17.66222
758.8,-6109.235,8413.013,-4396.127,-2.077697,-1.010732,19.15175,0.7091865,-0.6876853,-0.08146369,-0.1323142,-0.2886904,-0.000712307,0.001530599,-17.63732
759,-6109.65,8412.812,-4392.297,-2.073475,-1.000519,19.14778,0.6890502,-0.7078962,-0.07755969,-0.134452,-0.2888185,-0.0008021258,0.001483066,-17.61243
759.2,-6110.064,8412.612,-4388.468,-2.069253,-0.9903073,19.14381,0.6683286,-0.7275262,-0.07359891,-0.1364758,-0.2889467,-0.0008889923,0.001430365,-17.58755
759.4,-6110.478,8412.415,-4384.64,-2.065033,-0.9800978,19.13985,0.6470385,-0.7465581,-0.06958465,-0.1383842,-0.2890749,-0.0009726079,0.001372677,-17.56266
759.6,-6110.89,8412.221,-4380.812,-2.060814,-0.9698904,19.13589,0.6251966,-0.7649752,-0.06552026,-0.1401755,-0.2892032,-0.001052685,0.001310198,-17.53779
759.8,-6111.302,8412.027,-4376.985,-2.056596,-0.9596851,19.13192,0.6028207,-0.7827612,-0.06140912,-0.1418486,-0.2893316,-0.001128949,0.001243145,-17.5129
760,-6111.713,8411.837,-4373.16,-2.052378,-0.9494818,19.12797,0.5799286,-0.7999004,-0.05725465,-0.143402,-0.28946,-0.001201135,0.001171745,-17.48804
760.2,-6112.123,8411.647,-4369.334,-2.048161,-0.9392806,19.12401,0.5565389,-0.8163773,-0.0530603,-0.1448347,-0.2895885,-0.001268996,0.001096247,-17.46317
760.4,-6112.532,8411.461,-4365.51,-2.043945,-0.9290816,19.12005,0.5326706,-0.8321773,-0.04882958,-0.1461456,-0.289717,-0.001332297,0.001016909,-17.43831
760.6,-6112.94,8411.276,-4361.686,-2.03973,-0.9188846,19.1161,0.508343,-0.8472863,-0.04456599,-0.1473337,-0.2898456,-0.001390819,0.0009340046,-17.41346
760.8,-6113.348,8411.094,-4357.863,-2.035516,-0.9086898,19.11215,0.483576,-0.8616904,-0.04027309,-0.1483981,-0.2899742,-0.00144436,0.0008478203,-17.38862
761,-6113.754,8410.912,-4354.042,-2.031303,-0.8984971,19.1082,0.4583898,-0.8753766,-0.03595444,-0.1493382,-0.2901029,-0.001492734,0.0007586536,-17.36378
761.2,-6114.16,8410.733,-4350.22,-2.02709,-0.8883065,19.10426,0.432805,-0.8883324,-0.03161364,-0.1501531,-0.2902316,-0.001535773,0.0006668126,-17.33893
761.4,-6114.565,8410.558,-4346.4,-2.022879,-0.878118,19.10031,0.4068427,-0.9005458,-0.02725428,-0.1508425,-0.2903604,-0.001573329,0.0005726153,-17.31409
761.6,-6114.97,8410.383,-4342.58,-2.018668,-0.8679317,19.09637,0.3805243,-0.9120055,-0.02287999,-0.1514058,-0.2904893,-0.001605269,0.0004763879,-17.28927
761.8,-6115.373,8410.21,-4338.761,-2.014458,-0.8577475,19.09243,0.3538715,-0.9227008,-0.01849442,-0.1518426,-0.2906182,-0.001631484,0.0003784638,-17.26444
762,-6115.775,8410.039,-4334.943,-2.010248,-0.8475655,19.08849,0.3269064,-0.9326215,-0.01410119,-0.1521528,-0.2907472,-0.001651882,0.0002791831,-17.23963
762.2,-6116.177,8409.871,-4331.125,-2.00604,-0.8373856,19.08456,0.2996515,-0.9417582,-0.009703962,-0.1523362,-0.2908762,-0.001666391,0.0001788906,-17.21482
762.4,-6116.578,8409.704,-4327.309,-2.001832,-0.8272078,19.08062,0.2721293,-0.9501021,-0.005306385,-0.1523927,-0.2910053,-0.00167496,7.793489e-05,-17.19001
762.6,-6116.978,8409.54,-4323.494,-1.997625,-0.8170322,19.07669,0.2443628,-0.9576449,-0.0009121114,-0.1523225,-0.2911344,-0.001677559,-2.333252e-05,-17.16521
762.8,-6117.377,8409.378,-4319.679,-1.993419,-0.8068588,19.07276,0.2163754,-0.9643793,0.003475212,-0.1521258,-0.2912636,-0.001674179,-0.0001245589,-17.14042
763,-6117.775,8409.218,-4315.864,-1.989214,-0.7966875,19.06883,0.1881903,-0.9702982,0.007851942,-0.1518027,-0.2913929,-0.001664831,-0.0002253913,-17.11561
763.2,-6118.172,8409.06,-4312.051,-1.985009,-0.7865183,19.06491,0.1598315,-0.9753957,0.01221445,-0.1513537,-0.2915222,-0.001649547,-0.0003254777,-17.09083
763.4,-6118.569,8408.902,-4308.238,-1.980805,-0.7763513,19.06098,0.1313226,-0.9796662,0.01655911,-0.1507793,-0.2916516,-0.00162838,-0.0004244685,-17.06605
763.6,-6118.965,8408.749,-4304.427,-1.976602,-0.7661865,19.05706,0.1026879,-0.9831048,0.02088232,-0.1500801,-0.291781,-0.001601404,-0.0005220175,-17.04127
763.8,-6119.36,8408.597,-4300.616,-1.9724,-0.7560239,19.05314,0.07395148,-0.9857076,0.02518049,-0.1492568,-0.2919105,-0.001568712,-0.0006177833,-17.01652
764,-6119.754,8408.446,-4296.805,-1.968198,-0.7458634,19.04922,0.0451378,-0.9874712,0.02945007,-0.1483102,-0.2920401,-0.001530418,-0.0007114303,-16.99174
764.2,-6120.147,8408.298,-4292.996,-1.963997,-0.735705,19.04531,0.01627135,-0.9883928,0.0336875,-0.1472412,-0.2921696,-0.001486657,-0.0008026302,-16.96699
764.4,-6120.54,8408.152,-4289.187,-1.959798,-0.7255488,19.04139,-0.01262328,-0.9884707,0.03788928,-0.1460508,-0.2922993,-0.001437582,-0.0008910625,-16.94221
764.6,-6120.931,8408.008,-4285.379,-1.955598,-0.7153947,19.03748,-0.04152141,-0.9877033,0.04205193,-0.1447401,-0.292429,-0.001383364,-0.0009764169,-16.91746
764.8,-6121.322,8407.865,-4281.572,-1.9514,-0.7052429,19.03357,-0.07039829,-0.9860904,0.04617199,-0.1433104,-0.2925588,-0.001324194,-0.001058393,-16.89271
765,-6121.711,8407.726,-4277.766,-1.947202,-0.6950932,19.02966,-0.09922913,-0.9836321,0.05024605,-0.1417629,-0.2926886,-0.001260279,-0.001136702,-16.86799
765.2,-6122.101,8407.588,-4273.96,-1.943005,-0.6849456,19.02575,-0.1279892,-0.9803294,0.05427074,-0.1400991,-0.2928185,-0.001191844,-0.001211068,-16.84324
765.4,-6122.489,8407.452,-4270.156,-1.938809,-0.6748002,19.02185,-0.1566536,-0.9761838,0.05824273,-0.1383205,-0.2929485,-0.00111913,-0.001281229,-16.81852
765.6,-6122.876,8407.317,-4266.352,-1.934614,-0.6646569,19.01795,-0.1851976,-0.9711979,0.06215873,-0.1364286,-0.2930785,-0.001042394,-0.001346937,-16.7938
765.8,-6123.263,8407.186,-4262.548,-1.930419,-0.6545159,19.01405,-0.2135966,-0.9653747,0.0660155,-0.1344252,-0.2932086,-0.0009619052,-0.001407959,-16.76908
766,-6123.648,8407.056,-4258.746,-1.926225,-0.6443769,19.01015,-0.2418258,-0.9587181,0.06980985,-0.1323121,-0.2933387,-0.0008779485,-0.001464081,-16.74436
766.2,-6124.033,8406.928,-4254.944,-1.922032,-0.6342402,19.00625,-0.2698607,-0.9512327,0.07353865,-0.1300911,-0.2934689,-0.0007908206,-0.001515102,-16.71964
766.4,-6124.417,8406.802,-4251.144,-1.91784,-0.6241055,19.00236,-0.2976769,-0.9429237,0.07719881,-0.1277643,-0.2935991,-0.0007008294,-0.001560843,-16.69492
766.6,-6124.8,8406.679,-4247.343,-1.913648,-0.613973,18.99847,-0.32525,-0.9337972,0.08078732,-0.1253336,-0.2937294,-0.0006082939,-0.00160114,-16.67023
766.8,-6125.183,8406.557,-4243.544,-1.909457,-0.6038427,18.99458,-0.3525559,-0.9238601,0.08430121,-0.1228013,-0.2938598,-0.0005135417,-0.00163585,-16.64554
767,-6125.564,8406.437,-4239.746,-1.905267,-0.5937145,18.99069,-0.3795707,-0.9131197,0.08773759,-0.1201696,-0.2939902,-0.0004169092,-0.00166485,-16.62086
767.2,-6125.944,8406.319,-4235.948,-1.901078,-0.5835885,18.9868,-0.4062704,-0.9015841,0.09109362,-0.1174408,-0.2941207,-0.0003187396,-0.001688037,-16.59617
767.4,-6126.324,8406.203,-4232.151,-1.896889,-0.5734647,18.98292,-0.4326316,-0.8892625,0.09436655,-0.1146173,-0.2942512,-0.0002193816,-0.001705327,-16.57148
767.6,-6126.703,8406.09,-4228.354,-1.8927,-0.5636487,18.97903,-0.4586309,-0.8761642,0.09755368,-0.1117016,-0.2943818,-0.0001191889,-0.001716659,-16.54682
767.8,-6127.082,8405.978,-4224.559,-1.88851,-0.554535,18.97515,-0.4842453,-0.8622996,0.1006524,-0.1086962,-0.2945125,-1.851833e-05,-0.001721993,-16.52213
768,-6127.458,8405.868,-4220.765,-1.88432,-0.5460581,18.97126,-0.509452,-0.8476798,0.1036601,-0.1056038,-0.2946432,8.22713e-05,-0.001721308,-16.49747
768.2,-6127.835,8405.76,-4216.971,-1.880128,-0.5381558,18.96738,-0.5342286,-0.8323163,0.1065745,-0.1024271,-0.294774,0.0001828203,-0.001714606,-16.47281
768.4,-6128.211,8405.652,-4213.178,-1.875936,-0.5307717,18.9635,-0.5585528,-0.8162215,0.109393,-0.09916891,-0.2949048,0.0002827697,-0.001701912,-16.44816
768.6,-6128.585,8405.547,-4209.385,-1.871743,-0.5238553,18.95962,-0.5824028,-0.7994084,0.1121134,-0.09583202,-0.2950357,0.0003817619,-0.001683271,-16.4235
768.8,-6128.959,8405.443,-4205.594,-1.86755,-0.5173607,18.95574,-0.6057573,-0.7818906,0.1147334,-0.09241937,-0.2951667,0.0004794429,-0.001658748,-16.39887
769,-6129.333,8405.34,-4201.803,-1.863357,-0.5112466,18.95186,-0.6285952,-0.7636826,0.117251,-0.08893394,-0.2952977,0.0005754627,-0.001628431,-16.37421
769.2,-6129.705,8405.238,-4198.013,-1.859163,-0.5054758,18.94799,-0.6508957,-0.7447991,0.1196641,-0.08537877,-0.2954288,0.0006694771,-0.001592429,-16.34958
769.4,-6130.076,8405.138,-4194.224,-1.85497,-0.5000147,18.94412,-0.6726387,-0.7252559,0.1219707,-0.08175696,-0.2955599,0.0007611486,-0.00155087,-16.32496
769.6,-6130.447,8405.038,-4190.436,-1.850776,-0.494833,18.94025,-0.6938044,-0.705069,0.124169,-0.07807168,-0.2956911,0.000850148,-0.001503904,-16.30033
769.8,-6130.816,8404.94,-4186.648,-1.846583,-0.4899033,18.93638,-0.7143735,-0.6842553,0.1262571,-0.07432611,-0.2958223,0.0009361553,-0.001451698,-16.2757
770,-6131.186,8404.843,-4182.861,-1.84239,-0.485201,18.93252,-0.734327,-0.6628321,0.1282335,-0.07052354,-0.2959537,0.001018861,-0.001394441,-16.2511
770.2,-6131.554,8404.746,-4179.075,-1.838197,-0.4807038,18.92866,-0.7536467,-0.6408174,0.1300964,-0.06666727,-0.296085,0.001097967,-0.001332338,-16.22648
770.4,-6131.921,8404.65,-4175.29,-1.834004,-0.4763916,18.9248,-0.7723148,-0.6182297,0.1318446,-0.06276064,-0.2962165,0.001173188,-0.001265613,-16.20188
770.6,-6132.287,8404.556,-4171.505,-1.829812,-0.4722463,18.92094,-0.7903138,-0.5950881,0.1334764,-0.05880707,-0.2963479,0.001244252,-0.001194506,-16.17728
770.8,-6132.653,8404.461,-4167.721,-1.82562,-0.4682516,18.91709,-0.8076272,-0.571412,0.1349908,-0.05480998,-0.2964795,0.001310903,-0.001119273,-16.15269
771,-6133.017,8404.368,-4163.938,-1.821428,-0.4643928,18.91324,-0.8242386,-0.5472217,0.1363864,-0.05077285,-0.2966111,0.0013729,-0.001040187,-16.12809
771.2,-6133.381,8404.275,-4160.156,-1.817237,-0.4606565,18.90939,-0.8401325,-0.5225377,0.1376622,-0.0466992,-0.2967428,0.001430018,-0.0009575329,-16.10352
771.4,-6133.744,8404.184,-4156.374,-1.813046,-0.4570308,18.90554,-0.8552939,-0.4973812,0.1388173,-0.04259254,-0.2968745,0.00148205,-0.0008716099,-16.07892
771.6,-6134.106,8404.093,-4152.594,-1.808856,-0.4535049,18.9017,-0.8697084,-0.4717736,0.1398507,-0.03845646,-0.2970063,0.001528807,-0.0007827291,-16.05436
771.8,-6134.468,8404.002,-4148.813,-1.804666,-0.450069,18.89785,-0.8833621,-0.4457369,0.1407616,-0.03429454,-0.2971381,0.00157012,-0.0006912128,-16.02979
772,-6134.828,8403.913,-4145.034,-1.800477,-0.4467143,18.89401,-0.8962421,-0.4192937,0.1415495,-0.03011039,-0.29727,0.001605838,-0.0005973929,-16.00522
772.2,-6135.188,8403.823,-4141.256,-1.796289,-0.4434329,18.89017,-0.9083358,-0.3924667,0.1422137,-0.02590765,-0.297402,0.001635831,-0.0005016103,-15.98066
772.4,-6135.547,8403.735,-4137.479,-1.792101,-0.4402176,18.88634,-0.9196315,-0.3652791,0.1427538,-0.02168996,-0.297534,0.00165999,-0.000404213,-15.95612
772.6,-6135.905,8403.647,-4133.702,-1.787914,-0.437062,18.8825,-0.930118,-0.3377546,0.1431694,-0.01746097,-0.2976661,0.001678226,-0.0003055556,-15.93156
772.8,-6136.262,8403.561,-4129.925,-1.783727,-0.4339603,18.87867,-0.9397849,-0.3099171,0.1434604,-0.01322437,-0.2977982,0.001690473,-0.0002059972,-15.90702
773,-6136.618,8403.474,-4126.15,-1.779541,-0.4309072,18.87484,-0.9486225,-0.2817909,0.1436266,-0.008983808,-0.2979304,0.001696686,-0.000105901,-15.88248
773.2,-6136.974,8403.388,-4122.375,-1.775356,-0.427898,18.87101,-0.9566218,-0.2534007,0.1436679,-0.004742976,-0.2980627,0.001696841,-5.632136e-06,-15.85795
773.4,-6137.329,8403.303,-4118.602,-1.771189,-0.4249027,18.86718,-0.9637744,-0.2247712,0.1435844,-0.0005055442,-0.298195,0.001690938,9.444312e-05,-15.83341
773.6,-6137.682,8403.218,-4114.829,-1.767363,-0.4214272,18.86336,-0.970073,-0.1959276,0.1433764,0.003724814,-0.2983274,0.001678998,0.0001939589,-15.80887
773.8,-6138.036,8403.135,-4111.056,-1.763968,-0.4173339,18.85954,-0.9755107,-0.1668955,0.1430441,0.007944435,-0.2984599,0.001661065,0.0002925509,-15.78437
774,-6138.388,8403.052,-4107.285,-1.760961,-0.4126839,18.85571,-0.9800814,-0.1377003,0.142588,0.01214966,-0.2985924,0.001637203,0.0003898581,-15.75986
774.2,-6138.74,8402.97,-4103.514,-1.758304,-0.4075322,18.8519,-0.98378,-0.108368,0.1420086,0.01633686,-0.2987249,0.001607499,0.0004855236,-15.73533
774.4,-6139.091,8402.889,-4099.744,-1.755963,-0.4019285,18.84808,-0.9866018,-0.07892458,0.1413064,0.02050239,-0.2988575,0.001572064,0.0005791964,-15.71082
774.6,-6139.442,8402.809,-4095.975,-1.753906,-0.3959175,18.84427,-0.9885431,-0.04939618,0.1404823,0.02464265,-0.2989902,0.001531025,0.0006705322,-15.68635
774.8,-6139.793,8402.729,-4092.206,-1.752105,-0.3895396,18.84046,-0.989601,-0.01980914,0.1395371,0.02875407,-0.2991229,0.001484534,0.0007591953,-15.66184
775,-6140.143,8402.652,-4088.438,-1.750535,-0.3828311,18.83665,-0.9897734,0.009810111,0.1384717,0.03283308,-0.2992557,0.001432761,0.0008448592,-15.63734
775.2,-6140.493,8402.577,-4084.672,-1.749173,-0.3758249,18.83285,-0.9890588,0.03943506,0.1372871,0.03687615,-0.2993886,0.001375897,0.0009272083,-15.61286
775.4,-6140.843,8402.502,-4080.905,-1.747999,-0.3685504,18.82904,-0.9874567,0.06903913,0.1359845,0.0408798,-0.2995215,0.001314151,0.001005939,-15.58839
775.6,-6141.192,8402.43,-4077.14,-1.746994,-0.3610344,18.82524,-0.9849672,0.09859569,0.1345652,0.04484054,-0.2996544,0.00124775,0.00108076,-15.56391
775.8,-6141.542,8402.358,-4073.375,-1.746141,-0.3533008,18.82144,-0.9815915,0.1280781,0.1330305,0.04875498,-0.2997875,0.00117694,0.001151396,-15.53943
776,-6141.891,8402.288,-4069.611,-1.745426,-0.3453715,18.81765,-0.9773313,0.1574597,0.1313819,0.05261971,-0.2999205,0.001101981,0.001217585,-15.51496
776.2,-6142.24,8402.22,-4065.848,-1.744835,-0.3372657,18.81385,-0.9721892,0.186714,0.129621,0.05643141,-0.3000537,0.00102315,0.001279081,-15.49052
776.4,-6142.589,8402.153,-4062.086,-1.744355,-0.3290013,18.81005,-0.9661686,0.2158143,0.1277493,0.06018678,-0.3001869,0.0009407399,0.001335658,-15.46607
776.6,-6142.938,8402.088,-4058.324,-1.743975,-0.320594,18.80626,-0.9592739,0.2447342,0.1257687,0.06388258,-0.3003201,0.0008550548,0.001387104,-15.4416
776.8,-6143.286,8402.025,-4054.563,-1.743687,-0.3120582,18.80247,-0.95151,0.2734473,0.123681,0.06751563,-0.3004534,0.0007664125,0.001433229,-15.41715
777,-6143.635,8401.964,-4050.803,-1.743479,-0.3034068,18.79869,-0.9428827,0.3019275,0.1214881,0.07108279,-0.3005868,0.0006751417,0.001473861,-15.39271
777.2,-6143.984,8401.903,-4047.044,-1.743346,-0.2946513,18.7949,-0.9333986,0.3301485,0.119192,0.07458099,-0.3007202,0.0005815814,0.001508849,-15.36829
777.4,-6144.333,8401.846,-4043.285,-1.743278,-0.2858023,18.79111,-0.9230651,0.3580845,0.116795,0.07800721,-0.3008537,0.0004860793,0.001538062,-15.34385
777.6,-6144.681,8401.789,-4039.527,-1.74327,-0.2768692,18.78733,-0.9118906,0.3857098,0.1142991,0.08135852,-0.3009873,0.0003889907,0.001561392,-15.31943
777.8,-6145.03,8401.735,-4035.77,-1.743316,-0.2678606,18.78355,-0.8998838,0.4129989,0.1117068,0.08463203,-0.3011209,0.0002906772,0.00157875,-15.29502
778,-6145.378,8401.683,-4032.014,-1.743411,-0.258784,18.77977,-0.8870547,0.4399266,0.1090203,0.08782492,-0.3012545,0.000191505,0.001590071,-15.27061
778.2,-6145.727,8401.632,-4028.258,-1.743549,-0.2496464,18.77599,-0.8734136,0.4664678,0.1062422,0.09093446,-0.3013883,9.184441e-05,0.001595314,-15.24619
778.4,-6146.076,8401.582,-4024.504,-1.74366,-0.2404745,18.77221,-0.858972,0.4925979,0.103375,0.09395797,-0.301522,-7.932578e-06,0.001594457,-15.22178
778.6,-6146.424,8401.535,-4020.75,-1.743346,-0.2313953,18.76844,-0.8437417,0.5182927,0.1004213,0.09689287,-0.3016559,-0.0001074529,0.001587504,-15.19736
778.8,-6146.773,8401.49,-4016.996,-1.742584,-0.2224204,18.76466,-0.8277357,0.5435279,0.09738384,0.09973665,-0.3017898,-0.0002063443,0.00157448,-15.17298
779,-6147.122,8401.446,-4013.244,-1.741416,-0.2135398,18.76089,-0.8109675,0.56828,0.09426536,0.1024869,-0.3019237,-0.0003042363,0.001555434,-15.1486
779.2,-6147.47,8401.404,-4009.492,-1.739884,-0.2047441,18.75712,-0.7934513,0.5925258,0.09106871,0.1051412,-0.3020577,-0.000400762,0.001530435,-15.12418
779.4,-6147.817,8401.364,-4005.741,-1.738024,-0.1960253,18.75335,-0.7752021,0.6162424,0.08779683,0.1076974,-0.3021918,-0.0004955592,0.001499579,-15.09983
779.6,-6148.165,8401.326,-4001.99,-1.735868,-0.1873758,18.74958,-0.7562355,0.6394074,0.08445268,0.1101532,-0.3023259,-0.0005882717,0.001462979,-15.07545
779.8,-6148.512,8401.289,-3998.241,-1.733446,-0.178789,18.74582,-0.736568,0.6619987,0.0810393,0.1125067,-0.3024601,-0.0006785511,0.001420773,-15.05106
780,-6148.858,8401.255,-3994.492,-1.730783,-0.1702588,18.74205,-0.7162167,0.6839951,0.07755981,0.1147557,-0.3025944,-0.0007660576,0.001373119,-15.02671
780.2,-6149.204,8401.222,-3990.744,-1.727905,-0.1617797,18.73829,-0.6951991,0.7053754,0.07401738,0.1168984,-0.3027287,-0.0008504615,0.001320197,-15.00233
780.4,-6149.549,8401.189,-3986.997,-1.724832,-0.153347,18.73453,-0.6735337,0.7261191,0.0704152,0.118933,-0.302863,-0.0009314446,0.001262205,-14.97797
780.6,-6149.894,8401.16,-3983.25,-1.721583,-0.144956,18.73078,-0.6512395,0.7462065,0.06675656,0.1208578,-0.3029974,-0.001008701,0.001199361,-14.95362
780.8,-6150.238,8401.132,-3979.505,-1.718177,-0.1366029,18.72702,-0.6283361,0.765618,0.06304479,0.1226711,-0.3031319,-0.001081939,0.001131903,-14.92927
781,-6150.581,8401.105,-3975.76,-1.71463,-0.1282841,18.72327,-0.6048439,0.7843348,0.05928323,0.1243716,-0.3032664,-0.001150882,0.001060084,-14.90494
781.2,-6150.924,8401.08,-3972.015,-1.710954,-0.1199962,18.71951,-0.5807834,0.802339,0.05547531,0.1259576,-0.3034011,-0.001215269,0.0009841766,-14.88059
781.4,-6151.266,8401.058,-3968.272,-1.707163,-0.1117366,18.71576,-0.5561763,0.8196127,0.05162448,0.1274281,-0.3035357,-0.001274855,0.0009044665,-14.85627
781.6,-6151.606,8401.036,-3964.529,-1.703269,-0.1035024,18.71202,-0.5310444,0.8361391,0.04773424,0.1287816,-0.3036704,-0.001329414,0.0008212559,-14.83195
781.8,-6151.947,8401.016,-3960.787,-1.699282,-0.09529132,18.70827,-0.5054102,0.8519019,0.04380809,0.1300173,-0.3038052,-0.00137874,0.0007348598,-14.80762
782,-6152.286,8400.998,-3957.046,-1.69521,-0.08710127,18.70453,-0.4792967,0.8668855,0.03984961,0.131134,-0.30394,-0.001422645,0.0006456057,-14.7833
782.2,-6152.625,8400.981,-3953.305,-1.691064,-0.0789303,18.70078,-0.4527275,0.881075,0.03586236,0.1321308,-0.3040749,-0.001460961,0.0005538323,-14.75898
782.4,-6152.963,8400.966,-3949.565,-1.686849,-0.07077667,18.69704,-0.4257264,0.8944561,0.03184997,0.1330071,-0.3042098,-0.001493542,0.0004598883,-14.73469
782.6,-6153.3,8400.953,-3945.826,-1.682574,-0.06263884,18.6933,-0.3983179,0.9070153,0.02781606,0.1337621,-0.3043449,-0.001520264,0.0003641307,-14.71036
782.8,-6153.636,8400.941,-3942.088,-1.678244,-0.05451541,18.68957,-0.3705269,0.9187399,0.02376428,0.1343953,-0.3044799,-0.001541025,0.0002669242,-14.68607
783,-6153.971,8400.931,-3938.35,-1.673864,-0.04640509,18.68583,-0.3423787,0.9296178,0.0196983,0.1349062,-0.3046151,-0.001555746,0.0001686389,-14.66178
783.2,-6154.305,8400.923,-3934.614,-1.669441,-0.03830677,18.6821,-0.3138989,0.9396376,0.0156218,0.1352945,-0.3047502,-0.001564369,6.964963e-05,-14.63749
783.4,-6154.639,8400.916,-3930.878,-1.664977,-0.0302194,18.67837,-0.2851135,0.9487891,0.01153845,0.1355599,-0.3048855,-0.001566861,-2.966576e-05,-14.6132
783.6,-6154.971,8400.91,-3927.142,-1.660478,-0.02214207,18.67464,-0.2560489,0.9570623,0.007451954,0.1357024,-0.3050208,-0.001563212,-0.0001289279,-14.58893
783.8,-6155.303,8400.906,-3923.408,-1.655946,-0.01407394,18.67091,-0.2267318,0.9644485,0.003366002,0.1357219,-0.3051561,-0.001553436,-0.0002277571,-14.56464
784,-6155.634,8400.904,-3919.674,-1.651386,-0.006014265,18.66718,-0.1971892,0.9709395,-0.0007157156,0.1356186,-0.3052916,-0.001537569,-0.0003257751,-14.54038
784.2,-6155.963,8400.904,-3915.941,-1.6468,0.002037633,18.66346,-0.1674484,0.976528,-0.004789511,0.1353926,-0.305427,-0.001515672,-0.0004226064,-14.51612
784.4,-6156.292,8400.905,-3912.208,-1.64219,0.01008236,18.65974,-0.1375368,0.9812076,-0.008851704,0.1350442,-0.3055626,-0.001487829,-0.0005178797,-14.49186
784.6,-6156.62,8400.908,-3908.477,-1.63756,0.01812047,18.65602,-0.1074823,0.9849726,-0.01289863,0.134574,-0.3056982,-0.001454145,-0.0006112292,-14.4676
784.8,-6156.947,8400.913,-3904.746,-1.632911,0.02615246,18.6523,-0.0773126,0.9878183,-0.01692663,0.1339825,-0.3058339,-0.00141475,-0.0007022961,-14.44333
785,-6157.273,8400.919,-3901.016,-1.628246,0.03417876,18.64858,-0.04705596,0.9897407,-0.02093207,0.1332703,-0.3059696,-0.001369795,-0.0007907303,-14.4191
785.2,-6157.599,8400.927,-3897.287,-1.623565,0.04219978,18.64487,-0.01674058,0.9907367,-0.02491135,0.1324382,-0.3061054,-0.001319452,-0.0008761912,-14.39487
785.4,-6157.923,8400.936,-3893.558,-1.618871,0.05021589,18.64115,0.01360517,0.9908043,-0.02886086,0.131487,-0.3062412,-0.001263915,-0.0009583497,-14.37064
785.6,-6158.246,8400.946,-3889.83,-1.614166,0.05822739,18.63744,0.04395285,0.989942,-0.03277704,0.1304178,-0.3063771,-0.001203397,-0.001036889,-14.34641
785.8,-6158.568,8400.959,-3886.103,-1.609449,0.0662346,18.63373,0.07427393,0.9881492,-0.03665638,0.1292316,-0.3065131,-0.001138131,-0.001111505,-14.32218
786,-6158.89,8400.973,-3882.377,-1.604723,0.07423777,18.63002,0.1045398,0.9854266,-0.04049536,0.1279296,-0.3066491,-0.00106837,-0.00118191,-14.29795
786.2,-6159.21,8400.988,-3878.651,-1.599989,0.08223715,18.62632,0.134722,0.9817753,-0.04429053,0.1265132,-0.3067852,-0.0009943829,-0.001247832,-14.27372
786.4,-6159.53,8401.006,-3874.926,-1.595247,0.09023293,18.62261,0.1647919,0.9771975,-0.04803848,0.1249837,-0.3069214,-0.0009164547,-0.001309015,-14.24952
786.6,-6159.849,8401.024,-3871.202,-1.590499,0.09822533,18.61891,0.194721,0.9716963,-0.05173582,0.1233426,-0.3070576,-0.0008348874,-0.001365222,-14.22532
786.8,-6160.166,8401.045,-3867.479,-1.585744,0.1062145,18.61521,0.2244808,0.9652756,-0.05537923,0.1215916,-0.3071939,-0.0007499968,-0.001416235,-14.20112
787,-6160.483,8401.067,-3863.756,-1.580985,0.1142006,18.61151,0.2540431,0.9579402,-0.05896543,0.1197324,-0.3073302,-0.000662112,-0.001461855,-14.17692
787.2,-6160.799,8401.091,-3860.034,-1.57622,0.1221838,18.60781,0.2833794,0.9496957,-0.06249121,0.1177668,-0.3074666,-0.0005715738,-0.001501906,-14.15272
787.4,-6161.113,8401.116,-3856.313,-1.571452,0.1301642,18.60412,0.3124619,0.9405488,-0.06595338,0.1156966,-0.3076031,-0.0004787339,-0.001536231,-14.12855
787.6,-6161.427,8401.143,-3852.593,-1.56668,0.1381419,18.60043,0.3412625,0.9305068,-0.06934884,0.1135239,-0.3077396,-0.0003839532,-0.001564697,-14.10435
787.8,-6161.74,8401.171,-3848.873,-1.561905,0.1461171,18.59674,0.3697537,0.9195781,-0.07267455,0.1112508,-0.3078762,-0.0002876005,-0.001587192,-14.08018
788,-6162.052,8401.201,-3845.154,-1.557127,0.1540897,18.59305,0.3979078,0.9077718,-0.07592751,0.1088794,-0.3080128,-0.000190051,-0.001603628,-14.05601
788.2,-6162.363,8401.233,-3841.436,-1.552347,0.16206,18.58936,0.4256977,0.8950979,-0.07910482,0.1064121,-0.3081495,-9.168511e-05,-0.001613941,-14.03184
788.4,-6162.673,8401.267,-3837.718,-1.547565,0.1700279,18.58567,0.4530966,0.8815674,-0.08220362,0.1038512,-0.3082863,7.113391e-06,-0.00161809,-14.00767
788.6,-6162.982,8401.301,-3834.001,-1.542781,0.1779936,18.58199,0.4800777,0.8671917,-0.08522115,0.1011991,-0.3084231,0.0001059586,-0.001616059,-13.9835
788.8,-6163.29,8401.338,-3830.285,-1.537995,0.1859571,18.5783,0.5066148,0.8519837,-0.0881547,0.09845841,-0.30856,0.000204464,-0.001607856,-13.95936
789,-6163.597,8401.375,-3826.57,-1.533209,0.1939185,18.57463,0.532682,0.8359565,-0.09100167,0.09563171,-0.308697,0.0003022441,-0.001593511,-13.93522
789.2,-6163.903,8401.415,-3822.855,-1.528421,0.2018777,18.57095,0.5582538,0.8191243,-0.09375949,0.0927217,-0.308834,0.0003989159,-0.001573081,-13.91105
789.4,-6164.208,8401.456,-3819.142,-1.523633,0.2098349,18.56727,0.5833051,0.8015021,-0.09642573,0.08973114,-0.3089711,0.0004941004,-0.001546645,-13.88691
789.6,-6164.513,8401.499,-3815.428,-1.518844,0.2177901,18.56359,0.6078111,0.7831057,-0.09899801,0.08666287,-0.3091082,0.000587424,-0.001514308,-13.8628
789.8,-6164.816,8401.543,-3811.716,-1.514054,0.2257434,18.55992,0.6317478,0.7639517,-0.101474,0.08351982,-0.3092454,0.00067852,-0.001476195,-13.83866
790,-6165.118,8401.589,-3808.004,-1.509264,0.2336947,18.55625,0.6550914,0.7440572,-0.1038516,0.08030496,-0.3093827,0.0007670302,-0.001432457,-13.81452
790.2,-6165.42,8401.637,-3804.294,-1.504474,0.2416441,18.55258,0.6778188,0.7234405,-0.1061287,0.07702133,-0.30952,0.0008526064,-0.001383264,-13.79041
790.4,-6165.72,8401.686,-3800.583,-1.499684,0.2495916,18.54891,0.6999072,0.7021201,-0.1083032,0.07367206,-0.3096574,0.0009349112,-0.001328811,-13.7663
790.6,-6166.02,8401.736,-3796.874,-1.494894,0.2575373,18.54524,0.7213347,0.6801158,-0.1103732,0.0702603,-0.3097948,0.00101362,-0.001269311,-13.74219
790.8,-6166.318,8401.789,-3793.165,-1.490103,0.2654812,18.54158,0.7420797,0.6574476,-0.112337,0.06678928,-0.3099324,0.001088422,-0.001205,-13.71808
791,-6166.616,8401.843,-3789.457,-1.485314,0.2734232,18.53792,0.7621213,0.6341365,-0.1141927,0.06326231,-0.3100699,0.001159023,-0.00113613,-13.69398
791.2,-6166.912,8401.898,-3785.75,-1.480524,0.2813634,18.53426,0.7814392,0.610204,-0.1159388,0.05968268,-0.3102076,0.001225141,-0.001062975,-13.66987
791.4,-6167.208,8401.955,-3782.044,-1.475734,0.2893019,18.5306,0.8000139,0.5856724,-0.1175738,0.0560538,-0.3103453,0.001286517,-0.0009858222,-13.64579
791.6,-6167.502,8402.014,-3778.338,-1.470945,0.2972386,18.52694,0.8178264,0.5605644,-0.1190963,0.05237909,-0.3104831,0.001342906,-0.0009049778,-13.62171
791.8,-6167.796,8402.074,-3774.633,-1.466157,0.3051736,18.52328,0.8348585,0.5349035,-0.1205049,0.04866203,-0.3106209,0.001394085,-0.0008207619,-13.5976
792,-6168.089,8402.136,-3770.929,-1.461368,0.3131068,18.51963,0.8510928,0.5087138,-0.1217984,0.0449061,-0.3107588,0.00143985,-0.0007335083,-13.57352
792.2,-6168.381,8402.199,-3767.225,-1.456581,0.3210383,18.51598,0.8665122,0.4820198,-0.1229758,0.04111486,-0.3108967,0.00148002,-0.0006435633,-13.54948
792.4,-6168.671,8402.265,-3763.522,-1.451794,0.328968,18.51233,0.8811009,0.4548468,-0.1240361,0.03729189,-0.3110347,0.001514434,-0.0005512841,-13.5254
792.6,-6168.961,8402.331,-3759.82,-1.447007,0.3368961,18.50868,0.8948436,0.4272203,-0.1249783,0.03344079,-0.3111728,0.001542956,-0.0004570377,-13.50132
792.8,-6169.25,8402.399,-3756.119,-1.442221,0.3448225,18.50503,0.9077257,0.3991665,-0.1258018,0.02956518,-0.3113109,0.001565471,-0.0003611991,-13.47727
793,-6169.539,8402.469,-3752.418,-1.437436,0.3527472,18.50139,0.9197336,0.3707121,-0.1265059,0.02566871,-0.3114491,0.00158189,-0.0002641501,-13.45322
793.2,-6169.825,8402.54,-3748.718,-1.432652,0.3606701,18.49775,0.9308545,0.3418841,-0.12709,0.02175507,-0.3115874,0.001592147,-0.0001662777,-13.42917
793.4,-6170.111,8402.613,-3745.019,-1.427868,0.3685915,18.4941,0.9410763,0.3127101,-0.1275537,0.01782793,-0.3117257,0.0015962,-6.797248e-05,-13.40513
793.6,-6170.396,8402.688,-3741.321,-1.423085,0.3765111,18.49046,0.9503878,0.283218,-0.1278967,0.01389099,-0.3118641,0.001594032,3.037277e-05,-13.38108
793.8,-6170.681,8402.764,-3737.623,-1.418302,0.3844291,18.48683,0.9587788,0.253436,-0.1281188,0.009947952,-0.3120025,0.001585653,0.0001283648,-13.35706
794,-6170.964,8402.842,-3733.926,-1.413521,0.3923454,18.48319,0.9662398,0.2233928,-0.1282199,0.006002534,-0.3121411,0.001571096,0.0002256114,-13.33301
794.2,-6171.246,8402.921,-3730.229,-1.40874,0.40026,18.47956,0.9727622,0.1931174,-0.1282,0.002058445,-0.3122796,0.001550417,0.0003217229,-13.309
794.4,-6171.527,8403.002,-3726.534,-1.40396,0.4081731,18.47592,0.9783383,0.162639,-0.1280593,-0.001880606,-0.3124183,0.001523701,0.000416314,-13.28498
794.6,-6171.808,8403.084,-3722.839,-1.399181,0.4160844,18.47229,0.9829615,0.1319871,-0.127798,-0.005810912,-0.312557,0.001491053,0.0005090047,-13.26096
794.8,-6172.087,8403.168,-3719.145,-1.394402,0.4239941,18.46866,0.9866259,0.1011914,-0.1274165,-0.00972878,-0.3126957,0.001452604,0.0005994229,-13.23694
795,-6172.365,8403.254,-3715.452,-1.389625,0.4319021,18.46504,0.9893267,0.07028189,-0.1269152,-0.01363053,-0.3128345,0.001408509,0.0006872047,-13.21293
795.2,-6172.643,8403.341,-3711.759,-1.384848,0.4398085,18.46141,0.9910597,0.03928874,-0.1262949,-0.01751248,-0.3129734,0.001358946,0.0007719967,-13.18894
795.4,-6172.919,8403.43,-3708.067,-1.380072,0.4477133,18.45779,0.9918221,0.008242202,-0.125556,-0.021371,-0.3131123,0.001304112,0.0008534574,-13.16492
795.6,-6173.195,8403.52,-3704.376,-1.375297,0.4556164,18.45417,0.9916117,-0.02282731,-0.1246996,-0.02520246,-0.3132513,0.001244229,0.000931258,-13.14094
795.8,-6173.47,8403.612,-3700.686,-1.370523,0.463518,18.45055,0.9904274,-0.05388931,-0.1237264,-0.02900326,-0.3133904,0.001179538,0.001005084,-13.11695
796,-6173.743,8403.705,-3696.996,-1.365749,0.4714178,18.44693,0.9882692,-0.08491323,-0.1226376,-0.03276983,-0.3135295,0.001110299,0.001074638,-13.09296
796.2,-6174.016,8403.801,-3693.307,-1.360977,0.4793161,18.44331,0.9851376,-0.1158685,-0.1214342,-0.03649864,-0.3136687,0.001036794,0.001139638,-13.06901
796.4,-6174.288,8403.897,-3689.618,-1.356205,0.4872127,18.4397,0.9810345,-0.1467245,-0.1201176,-0.04018618,-0.3138079,0.0009593181,0.00119982,-13.04502
796.6,-6174.558,8403.995,-3685.931,-1.351435,0.4951077,18.43608,0.9759627,-0.1774507,-0.1186891,-0.043829,-0.3139472,0.0008781853,0.001254941,-13.02106
796.8,-6174.828,8404.095,-3682.244,-1.346665,0.503001,18.43247,0.9699257,-0.2080166,-0.1171502,-0.04742368,-0.3140866,0.0007937241,0.001304777,-12.99708
797,-6175.097,8404.196,-3678.558,-1.341896,0.5108927,18.42886,0.9629283,-0.2383918,-0.1155024,-0.05096686,-0.314226,0.000706277,0.001349126,-12.97312
797.2,-6175.365,8404.3,-3674.873,-1.337128,0.5187829,18.42525,0.954976,-0.2685459,-0.1137474,-0.05445521,-0.3143655,0.0006161986,0.001387806,-12.94916
797.4,-6175.632,8404.404,-3671.188,-1.33236,0.5266714,18.42165,0.9460755,-0.2984489,-0.111887,-0.05788546,-0.314505,0.0005238549,0.001420661,-12.92521
797.6,-6175.898,8404.51,-3667.504,-1.327594,0.5345582,18.41805,0.9362341,-0.3280708,-0.1099231,-0.06125441,-0.3146446,0.0004296212,0.001447556,-12.90128
797.8,-6176.163,8404.618,-3663.821,-1.322828,0.5424435,18.41444,0.9254605,-0.3573818,-0.1078576,-0.0645589,-0.3147843,0.000333881,0.001468381,-12.87733
798,-6176.427,8404.728,-3660.138,-1.318064,0.5503271,18.41084,0.9137639,-0.3863524,-0.1056926,-0.06779584,-0.314924,0.0002370243,0.001483051,-12.8534
798.2,-6176.69,8404.838,-3656.456,-1.3133,0.5582091,18.40724,0.9011549,-0.4149535,-0.1034303,-0.07096221,-0.3150638,0.000139446,0.001491506,-12.82947
798.4,-6176.952,8404.95,-3652.775,-1.308537,0.5660895,18.40364,0.8876446,-0.443156,-0.1010729,-0.07405505,-0.3152037,4.15443e-05,0.001493711,-12.80555
798.6,-6177.213,8405.064,-3649.095,-1.303775,0.5739684,18.40005,0.8732452,-0.4709314,-0.09862284,-0.07707148,-0.3153436,-5.628095e-05,0.001489656,-12.78162
798.8,-6177.474,8405.18,-3645.415,-1.299014,0.5818455,18.39646,0.8579699,-0.4982513,-0.09608247,-0.08000868,-0.3154835,-0.0001536297,0.001479357,-12.7577
799,-6177.733,8405.297,-3641.736,-1.294254,0.5897211,18.39286,0.8418327,-0.5250881,-0.09345435,-0.08286391,-0.3156236,-0.0002501037,0.001462856,-12.73377
799.2,-6177.991,8405.416,-3638.058,-1.289495,0.597595,18.38927,0.8248485,-0.5514142,-0.09074108,-0.08563452,-0.3157637,-0.0003453075,0.00144022,-12.70988
799.4,-6178.249,8405.536,-3634.38,-1.284737,0.6054674,18.38568,0.8070332,-0.5772027,-0.08794533,-0.08831794,-0.3159038,-0.0004388508,0.001411542,-12.68598
799.6,-6178.505,8405.658,-3630.704,-1.279979,0.6133381,18.3821,0.7884034,-0.602427,-0.08506989,-0.09091166,-0.316044,-0.0005303498,0.001376938,-12.66208
799.8,-6178.761,8405.781,-3627.028,-1.275223,0.6212073,18.37851,0.7689765,-0.6270612,-0.0821176,-0.0934133,-0.3161843,-0.0006194284,0.00133655,-12.63819
800,-6179.016,8405.906,-3623.352,-1.270467,0.6290748,18.37493,0.748771,-0.6510798,-0.07909136,-0.09582053,-0.3163247,-0.0007057204,0.001290544,-12.61429
800.2,-6179.269,8406.033,-3619.678,-1.265712,0.6369407,18.37135,0.7278061,-0.6744579,-0.07599416,-0.09813113,-0.316465,-0.0007888704,0.001239108,-12.5904
800.4,-6179.521,8406.161,-3616.004,-1.260958,0.6448051,18.36777,0.7061017,-0.6971712,-0.07282906,-0.100343,-0.3166055,-0.0008685361,0.001182454,-12.56653
800.6,-6179.773,8406.291,-3612.331,-1.256205,0.6526678,18.36419,0.6836786,-0.7191959,-0.06959917,-0.102454,-0.316746,-0.0009443886,0.001120814,-12.54264
800.8,-6180.024,8406.422,-3608.658,-1.251453,0.6605289,18.36061,0.6605583,-0.740509,-0.06630766,-0.1044623,-0.3168866,-0.001016115,0.001054444,-12.51877
801,-6180.274,8406.556,-3604.986,-1.246702,0.6683884,18.35704,0.6367632,-0.7610882,-0.06295779,-0.106366,-0.3170272,-0.001083418,0.0009836149,-12.49491
801.2,-6180.523,8406.689,-3601.315,-1.241952,0.6762463,18.35346,0.6123163,-0.7809116,-0.05955284,-0.1081634,-0.3171679,-0.001146021,0.0009086208,-12.47104
801.4,-6180.771,8406.826,-3597.645,-1.237202,0.6841026,18.34989,0.5872412,-0.7999583,-0.05609616,-0.1098529,-0.3173087,-0.001203663,0.0008297708,-12.44718
801.6,-6181.018,8406.963,-3593.975,-1.232454,0.6919574,18.34632,0.5615625,-0.8182081,-0.05259114,-0.1114328,-0.3174495,-0.001256105,0.0007473909,-12.42335
801.8,-6181.264,8407.103,-3590.306,-1.227706,0.6998104,18.34276,0.5353052,-0.8356414,-0.04904122,-0.1129019,-0.3175904,-0.001303131,0.0006618223,-12.39948
802,-6181.509,8407.243,-3586.638,-1.222959,0.707662,18.33919,0.508495,-0.8522394,-0.0454499,-0.1142588,-0.3177314,-0.001344543,0.0005734193,-12.37565
802.2,-6181.753,8407.386,-3582.971,-1.218213,0.7155119,18.33562,0.4811583,-0.8679844,-0.04182069,-0.1155022,-0.3178724,-0.001380172,0.0004825487,-12.35181
802.4,-6181.996,8407.529,-3579.304,-1.213469,0.7233602,18.33206,0.453322,-0.8828592,-0.03815714,-0.1166311,-0.3180135,-0.001409866,0.0003895876,-12.32798
802.6,-6182.238,8407.675,-3575.638,-1.208724,0.731207,18.3285,0.4250137,-0.8968475,-0.03446287,-0.1176445,-0.3181546,-0.001433504,0.0002949222,-12.30414
802.8,-6182.479,8407.822,-3571.972,-1.204028,0.7390251,18.32494,0.3962613,-0.909934,-0.03074148,-0.1185416,-0.3182958,-0.001450985,0.0001989463,-12.28031
803,-6182.72,8407.971,-3568.308,-1.200279,0.7462903,18.32138,0.3670934,-0.9221041,-0.02699662,-0.1193215,-0.318437,-0.001462237,0.0001020596,-12.25651
803.2,-6182.96,8408.12,-3564.644,-1.197728,0.7528582,18.31782,0.3375392,-0.9333442,-0.02323196,-0.1199836,-0.3185784,-0.001467212,4.665552e-06,-12.23267
803.4,-6183.199,8408.271,-3560.981,-1.196251,0.7587994,18.31425,0.307628,-0.9436418,-0.0194512,-0.1205273,-0.3187197,-0.001465889,-9.282942e-05,-12.20887
803.6,-6183.438,8408.424,-3557.318,-1.195741,0.7641774,18.31069,0.2773898,-0.9529849,-0.01565802,-0.1209524,-0.3188612,-0.001458273,-0.0001900183,-12.18506
803.8,-6183.678,8408.577,-3553.656,-1.196099,0.7690493,18.30713,0.246855,-0.9613628,-0.01185615,-0.1212584,-0.3190027,-0.001444395,-0.0002864949,-12.16126
804,-6183.917,8408.731,-3549.995,-1.197237,0.7734662,18.30358,0.2160543,-0.9687656,-0.008049306,-0.1214452,-0.3191443,-0.001424313,-0.0003818558,-12.13746
804.2,-6184.156,8408.887,-3546.335,-1.199076,0.7774743,18.30002,0.1850186,-0.9751845,-0.004241214,-0.1215127,-0.3192859,-0.00139811,-0.0004757015,-12.11368
804.4,-6184.396,8409.042,-3542.675,-1.201544,0.7811152,18.29647,0.1537795,-0.9806115,-0.0004356019,-0.121461,-0.3194276,-0.001365897,-0.0005676388,-12.08988
804.6,-6184.637,8409.199,-3539.016,-1.204578,0.7844259,18.29293,0.1223685,-0.9850398,0.003363809,-0.1212902,-0.3195694,-0.001327806,-0.000657282,-12.06611
804.8,-6184.878,8409.356,-3535.358,-1.20812,0.7874398,18.28938,0.09081741,-0.9884634,0.007153301,-0.1210006,-0.3197112,-0.001283998,-0.0007442547,-12.04233
805,-6185.121,8409.514,-3531.701,-1.212118,0.7901873,18.28584,0.05915845,-0.9908775,0.01092917,-0.1205926,-0.3198531,-0.001234657,-0.0008281913,-12.01856
805.2,-6185.363,8409.672,-3528.044,-1.216526,0.7926952,18.2823,0.02742387,-0.9922783,0.01468772,-0.1200668,-0.319995,-0.001179989,-0.0009087388,-11.99479
805.4,-6185.607,8409.831,-3524.388,-1.221302,0.7949879,18.27876,-0.004353895,-0.9926628,0.01842529,-0.1194237,-0.3201371,-0.001120224,-0.0009855577,-11.97101
805.6,-6185.852,8409.99,-3520.732,-1.226409,0.7970873,18.27523,-0.0361423,-0.9920295,0.02213821,-0.1186641,-0.3202791,-0.001055614,-0.001058324,-11.94727
805.8,-6186.098,8410.149,-3517.078,-1.231813,0.7990128,18.27169,-0.06790871,-0.9903774,0.02582286,-0.1177888,-0.3204212,-0.0009864299,-0.001126732,-11.9235
806,-6186.345,8410.31,-3513.424,-1.237484,0.8007822,18.26816,-0.09962045,-0.9877069,0.02947564,-0.1167989,-0.3205635,-0.0009129642,-0.001190491,-11.89976
806.2,-6186.593,8410.47,-3509.771,-1.243394,0.8024113,18.26463,-0.1312448,-0.9840195,0.03309298,-0.1156953,-0.3207057,-0.0008355266,-0.001249332,-11.87601
806.4,-6186.842,8410.631,-3506.118,-1.249519,0.8039144,18.26111,-0.1627491,-0.9793173,0.03667136,-0.1144794,-0.3208481,-0.0007544442,-0.001303007,-11.85227
806.6,-6187.092,8410.792,-3502.466,-1.255837,0.8053042,18.25758,-0.1941006,-0.973604,0.04020727,-0.1131524,-0.3209905,-0.0006700597,-0.001351287,-11.82853
806.8,-6187.344,8410.953,-3498.815,-1.262328,0.8065923,18.25406,-0.2252669,-0.9668841,0.04369728,-0.1117158,-0.3211329,-0.0005827303,-0.001393968,-11.80479
807,-6187.598,8411.114,-3495.164,-1.268975,0.807789,18.25054,-0.2562156,-0.9591631,0.04713796,-0.1101709,-0.3212754,-0.0004928259,-0.001430868,-11.78107
807.2,-6187.852,8411.276,-3491.515,-1.275761,0.8089036,18.24702,-0.2869142,-0.9504477,0.05052598,-0.1085196,-0.321418,-0.0004007278,-0.001461832,-11.75733
807.4,-6188.108,8411.438,-3487.865,-1.282672,0.8099445,18.2435,-0.3173308,-0.9407455,0.05385802,-0.1067635,-0.3215607,-0.0003068268,-0.001486726,-11.73362
807.6,-6188.365,8411.6,-3484.217,-1.289695,0.810919,18.23998,-0.3474334,-0.9300652,0.05713084,-0.1049044,-0.3217034,-0.0002115218,-0.001505445,-11.70991
807.8,-6188.624,8411.763,-3480.57,-1.296819,0.811834,18.23647,-0.3771905,-0.9184164,0.06034125,-0.1029444,-0.3218462,-0.0001152182,-0.001517909,-11.68619
808,-6188.884,8411.925,-3476.923,-1.304034,0.8126954,18.23295,-0.4065707,-0.9058101,0.06348614,-0.1008853,-0.3219891,-1.832597e-05,-0.001524064,-11.66251
808.2,-6189.145,8412.087,-3473.276,-1.311329,0.8135089,18.22944,-0.4355429,-0.892258,0.06656243,-0.09872948,-0.322132,7.874216e-05,-0.001523884,-11.6388
808.4,-6189.408,8412.25,-3469.631,-1.318697,0.8142792,18.22593,-0.4640766,-0.8777728,0.06956714,-0.09647903,-0.3222749,0.0001755722,-0.001517368,-11.61509
808.6,-6189.673,8412.413,-3465.986,-1.325887,0.8148268,18.22242,-0.4921415,-0.8623684,0.07249735,-0.09413631,-0.322418,0.0002717507,-0.001504546,-11.59141
808.8,-6189.938,8412.576,-3462.342,-1.332569,0.8149126,18.21891,-0.5197076,-0.8460596,0.07535021,-0.09170374,-0.3225611,0.0003668669,-0.001485471,-11.56772
809,-6190.206,8412.739,-3458.698,-1.338793,0.8145812,18.2154,-0.5467457,-0.828862,0.07812296,-0.08918382,-0.3227043,0.0004605137,-0.001460224,-11.54404
809.2,-6190.474,8412.901,-3455.056,-1.344604,0.8138753,18.21189,-0.5732267,-0.8107924,0.0808129,-0.08657916,-0.3228475,0.0005522904,-0.001428913,-11.52036
809.4,-6190.744,8413.064,-3451.414,-1.350045,0.812833,18.20839,-0.5991225,-0.7918686,0.08341745,-0.08389242,-0.3229908,0.0006418036,-0.001391671,-11.49668
809.6,-6191.014,8413.227,-3447.772,-1.355154,0.8114887,18.20488,-0.6244049,-0.772109,0.08593407,-0.08112637,-0.3231342,0.0007286694,-0.00134866,-11.47303
809.8,-6191.286,8413.389,-3444.132,-1.359964,0.8098733,18.20138,-0.6490468,-0.7515333,0.08836033,-0.07828383,-0.3232776,0.0008125148,-0.001300061,-11.44935
810,-6191.558,8413.551,-3440.492,-1.364506,0.8080145,18.19788,-0.6730216,-0.7301618,0.09069391,-0.07536773,-0.3234211,0.0008929796,-0.001246084,-11.4257
810.2,-6191.832,8413.712,-3436.853,-1.368806,0.805937,18.19438,-0.6963032,-0.7080158,0.09293254,-0.07238106,-0.3235646,0.0009697174,-0.001186962,-11.40204
810.4,-6192.105,8413.873,-3433.214,-1.372891,0.8036634,18.19088,-0.7188662,-0.6851175,0.09507407,-0.06932685,-0.3237083,0.001042398,-0.001122947,-11.37839
810.6,-6192.38,8414.034,-3429.576,-1.376781,0.8012137,18.18739,-0.7406861,-0.66149,0.09711646,-0.06620824,-0.323852,0.001110708,-0.001054316,-11.35474
810.8,-6192.656,8414.193,-3425.939,-1.380496,0.7986059,18.18389,-0.7617389,-0.6371568,0.09905775,-0.06302841,-0.3239957,0.001174352,-0.0009813635,-11.33109
811,-6192.933,8414.354,-3422.303,-1.384054,0.7958562,18.1804,-0.7820014,-0.6121429,0.1008961,-0.05979061,-0.3241396,0.001233057,-0.000904405,-11.30747
811.2,-6193.21,8414.512,-3418.667,-1.387471,0.7929792,18.17691,-0.8014512,-0.5864734,0.1026297,-0.05649815,-0.3242835,0.001286567,-0.0008237724,-11.28385
811.4,-6193.488,8414.67,-3415.032,-1.390762,0.789988,18.17342,-0.8200668,-0.5601746,0.104257,-0.05315438,-0.3244274,0.001334652,-0.000739814,-11.2602
811.6,-6193.766,8414.828,-3411.397,-1.393939,0.7868943,18.16994,-0.8378273,-0.5332733,0.1057764,-0.04976272,-0.3245714,0.001377103,-0.0006528931,-11.23658
811.8,-6194.045,8414.985,-3407.764,-1.397014,0.7837086,18.16645,-0.854713,-0.5057971,0.1071865,-0.04632661,-0.3247155,0.001413736,-0.0005633859,-11.21296
812,-6194.325,8415.142,-3404.131,-1.399997,0.7804404,18.16297,-0.8707047,-0.4777741,0.1084859,-0.04284958,-0.3248596,0.001444392,-0.0004716802,-11.18934
812.2,-6194.605,8415.297,-3400.499,-1.402898,0.7770982,18.15949,-0.8857844,-0.4492333,0.1096735,-0.03933515,-0.3250038,0.001468937,-0.0003781738,-11.16575
812.4,-6194.886,8415.452,-3396.867,-1.405724,0.7736896,18.15601,-0.8999348,-0.4202041,0.1107481,-0.0357869,-0.3251481,0.001487265,-0.0002832728,-11.14213
812.6,-6195.167,8415.606,-3393.236,-1.408484,0.7702216,18.15253,-0.9131398,-0.3907166,0.1117089,-0.03220845,-0.3252925,0.001499295,-0.0001873894,-11.11854
812.8,-6195.45,8415.761,-3389.606,-1.411185,0.7667002,18.14906,-0.925384,-0.3608014,0.1125549,-0.02860344,-0.3254369,0.001504975,-9.094087e-05,-11.09495
813,-6195.732,8415.913,-3385.977,-1.413831,0.763131,18.14559,-0.9366532,-0.3304897,0.1132853,-0.02497555,-0.3255813,0.00150428,5.652926e-06,-11.07136
813.2,-6196.015,8416.065,-3382.348,-1.41643,0.7595189,18.14211,-0.946934,-0.2998131,0.1138996,-0.02132845,-0.3257259,0.001497213,0.000101971,-11.04777
813.4,-6196.298,8416.217,-3378.72,-1.418969,0.7557348,18.13864,-0.9562143,-0.2688036,0.1143971,-0.01766587,-0.3258705,0.001483803,0.0001975931,-11.02418
813.6,-6196.583,8416.368,-3375.093,-1.421423,0.7515324,18.13518,-0.9644828,-0.2374938,0.1147777,-0.01399152,-0.3260151,0.00146411,0.0002921018,-11.00059
813.8,-6196.867,8416.518,-3371.466,-1.4238,0.7469469,18.13171,-0.9717292,-0.2059166,0.1150408,-0.01030915,-0.3261598,0.001438218,0.000385084,-10.97703
814,-6197.152,8416.667,-3367.84,-1.426108,0.7420178,18.12825,-0.9779446,-0.1741053,0.1151865,-0.006622504,-0.3263046,0.001406242,0.0004761328,-10.95347
814.2,-6197.438,8416.814,-3364.215,-1.428353,0.7367803,18.12478,-0.9831207,-0.1420935,0.1152145,-0.002935322,-0.3264495,0.001368319,0.0005648495,-10.92991
814.4,-6197.724,8416.961,-3360.59,-1.430543,0.7312663,18.12132,-0.9872509,-0.109915,0.1151252,0.0007486434,-0.3265944,0.001324617,0.0006508453,-10.90635
814.6,-6198.01,8417.107,-3356.966,-1.432683,0.7255039,18.11787,-0.9903291,-0.07760397,0.1149185,0.004425648,-0.3267394,0.001275326,0.0007337428,-10.88279
814.8,-6198.296,8417.252,-3353.343,-1.434777,0.719519,18.11441,-0.9923508,-0.04519481,0.1145949,0.008091955,-0.3268844,0.001220663,0.0008131778,-10.85923
815,-6198.583,8417.395,-3349.72,-1.436831,0.7133344,18.11096,-0.9933121,-0.01272204,0.1141547,0.01174384,-0.3270296,0.001160867,0.0008888014,-10.83567
815.2,-6198.871,8417.537,-3346.098,-1.438849,0.7069707,18.1075,-0.9932108,0.01977965,0.1135986,0.01537759,-0.3271747,0.001096201,0.0009602804,-10.81214
815.4,-6199.159,8417.678,-3342.477,-1.440834,0.7004464,18.10405,-0.9920454,0.05227548,0.1129272,0.01898951,-0.3273199,0.001026949,0.0010273,-10.78861
815.6,-6199.448,8417.817,-3338.857,-1.442789,0.6937781,18.1006,-0.9898158,0.08473057,0.1121413,0.02257594,-0.3274653,0.0009534164,0.001089565,-10.76508
815.8,-6199.736,8417.955,-3335.237,-1.444718,0.6869807,18.09715,-0.986523,0.11711,0.1112417,0.02613324,-0.3276106,0.0008759266,0.0011468,-10.74155
816,-6200.025,8418.092,-3331.618,-1.446624,0.6800675,18.09371,-0.9821689,0.149379,0.1102296,0.02965779,-0.327756,0.0007948215,0.001198752,-10.71802
816.2,-6200.315,8418.228,-3328,-1.448508,0.6730508,18.09026,-0.9767569,0.1815025,0.1091061,0.03314601,-0.3279015,0.0007104591,0.001245192,-10.69449
816.4,-6200.605,8418.361,-3324.382,-1.450373,0.665941,18.08682,-0.9702913,0.2134459,0.1078723,0.03659436,-0.3280471,0.000623212,0.001285914,-10.671
816.6,-6200.895,8418.493,-3320.765,-1.45222,0.658748,18.08337,-0.9627777,0.2451744,0.1065298,0.03999935,-0.3281927,0.0005334662,0.001320737,-10.64747
816.8,-6201.186,8418.625,-3317.148,-1.454053,0.6514805,18.07993,-0.9542228,0.2766536,0.1050799,0.04335752,-0.3283384,0.0004416188,0.001349506,-10.62397
817,-6201.477,8418.754,-3313.533,-1.455871,0.6441463,18.07649,-0.9446343,0.3078491,0.1035242,0.04666547,-0.3284841,0.000348077,0.001372093,-10.60047
817.2,-6201.768,8418.882,-3309.918,-1.457676,0.6367522,18.07306,-0.9340213,0.3387269,0.1018644,0.04991983,-0.3286299,0.0002532556,0.001388399,-10.57697
817.4,-6202.06,8419.009,-3306.303,-1.459471,0.6293047,18.06962,-0.9223937,0.3692531,0.1001024,0.05311732,-0.3287758,0.0001575755,0.001398349,-10.55347
817.6,-6202.352,8419.134,-3302.69,-1.461255,0.6218094,18.06618,-0.9097629,0.3993943,0.09824001,0.05625468,-0.3289218,6.146199e-05,0.001401899,-10.52997
817.8,-6202.645,8419.258,-3299.077,-1.46303,0.6142712,18.06275,-0.8961411,0.4291171,0.09627925,0.05932875,-0.3290678,-3.465751e-05,0.001399034,-10.50651
818,-6202.937,8419.38,-3295.465,-1.464797,0.6066949,18.05932,-0.8815418,0.458389,0.09422224,0.06233642,-0.3292138,-0.000130355,0.001389764,-10.48301
818.2,-6203.23,8419.5,-3291.853,-1.466556,0.5990844,18.05589,-0.8659794,0.4871774,0.09207118,0.06527463,-0.3293599,-0.000225204,0.001374131,-10.45954
818.4,-6203.524,8419.619,-3288.242,-1.468309,0.5914434,18.05246,-0.8494696,0.5154504,0.08982836,0.06814041,-0.3295061,-0.0003187815,0.001352205,-10.43607
818.6,-6203.817,8419.737,-3284.632,-1.470055,0.5837752,18.04903,-0.832029,0.5431767,0.08749621,0.07093088,-0.3296524,-0.0004106696,0.001324081,-10.4126
818.8,-6204.112,8419.853,-3281.023,-1.471796,0.5760826,18.04561,-0.8136753,0.5703253,0.0850772,0.0736432,-0.3297987,-0.0005004575,0.001289887,-10.38914
819,-6204.406,8419.967,-3277.414,-1.473532,0.5683686,18.04218,-0.7944274,0.5968658,0.08257391,0.07627466,-0.3299451,-0.0005877437,0.001249773,-10.3657
819.2,-6204.701,8420.08,-3273.806,-1.475264,0.5606353,18.03876,-0.7743049,0.6227686,0.07998901,0.07882258,-0.3300915,-0.0006721372,0.001203919,-10.34223
819.4,-6204.997,8420.191,-3270.199,-1.476992,0.5528848,18.03534,-0.7533286,0.6480044,0.07732525,0.0812844,-0.330238,-0.0007532599,0.00115253,-10.31879
819.6,-6205.292,8420.302,-3266.592,-1.478715,0.5451191,18.03192,-0.7315202,0.6725448,0.07458545,0.08365764,-0.3303846,-0.0008307475,0.001095836,-10.29536
819.8,-6205.588,8420.409,-3262.986,-1.480436,0.53734,18.0285,-0.7089026,0.6963621,0.07177253,0.08593992,-0.3305312,-0.0009042523,0.001034091,-10.27192
820,-6205.884,8420.517,-3259.381,-1.482154,0.5295489,18.02509,-0.6854992,0.7194292,0.06888948,0.08812895,-0.3306779,-0.0009734436,0.0009675716,-10.24848
820.2,-6206.181,8420.621,-3255.776,-1.483869,0.5217472,18.02167,-0.6613347,0.7417198,0.06593934,0.09022254,-0.3308247,-0.00103801,0.0008965763,-10.22504
820.4,-6206.478,8420.725,-3252.172,-1.485581,0.5139362,18.01826,-0.6364344,0.7632086,0.06292525,0.09221857,-0.3309715,-0.001097661,0.0008214243,-10.20161
820.6,-6206.775,8420.827,-3248.569,-1.487291,0.506117,18.01485,-0.6108249,0.7838707,0.0598504,0.09411508,-0.3311184,-0.001152127,0.0007424536,-10.1782
820.8,-6207.073,8420.928,-3244.966,-1.488999,0.4982905,18.01144,-0.584533,0.8036824,0.05671805,0.09591015,-0.3312654,-0.001201162,0.0006600199,-10.15479
821,-6207.371,8421.026,-3241.364,-1.490706,0.4904578,18.00803,-0.5575869,0.8226209,0.05353151,0.09760201,-0.3314124,-0.001244545,0.0005744945,-10.13135
821.2,-6207.669,8421.124,-3237.763,-1.49241,0.4826195,18.00462,-0.5300153,0.8406639,0.05029415,0.09918898,-0.3315595,-0.001282079,0.0004862635,-10.10795
821.4,-6207.967,8421.22,-3234.162,-1.494113,0.4747764,18.00122,-0.5018476,0.8577906,0.0470094,0.1006695,-0.3317066,-0.001313595,0.0003957253,-10.08454
821.6,-6208.267,8421.313,-3230.562,-1.495814,0.4669291,17.99781,-0.4731141,0.8739808,0.04368072,0.1020421,-0.3318538,-0.001338949,0.0003032891,-10.06116
821.8,-6208.566,8421.406,-3226.963,-1.497515,0.4590783,17.99441,-0.4438457,0.8892154,0.04031165,0.1033055,-0.3320011,-0.001358026,0.0002093732,-10.03776
822,-6208.866,8421.497,-3223.365,-1.499213,0.4512244,17.99101,-0.414074,0.9034761,0.03690573,0.1044583,-0.3321485,-0.001370738,0.000114403,-10.01438
822.2,-6209.166,8421.587,-3219.767,-1.500911,0.4433679,17.98761,-0.3838312,0.9167461,0.03346656,0.1054996,-0.3322959,-0.001377029,1.880902e-05,-9.990973
822.4,-6209.466,8421.675,-3216.169,-1.502608,0.4355092,17.98421,-0.35315,0.9290093,0.02999779,0.1064282,-0.3324434,-0.001376868,-7.697499e-05,-9.967596
822.6,-6209.767,8421.761,-3212.573,-1.504304,0.4276488,17.98082,-0.3220639,0.9402506,0.02650307,0.1072434,-0.3325909,-0.001370256,-0.0001725139,-9.94422
822.8,-6210.067,8421.846,-3208.977,-1.505998,0.4197869,17.97742,-0.2906067,0.9504564,0.02298609,0.1079444,-0.3327385,-0.001357222,-0.0002673735,-9.920844
823,-6210.369,8421.929,-3205.382,-1.507692,0.4119238,17.97403,-0.2588128,0.9596139,0.01945057,0.1085305,-0.3328862,-0.001337826,-0.0003611218,-9.897498
823.2,-6210.671,8422.011,-3201.787,-1.509386,0.4040598,17.97064,-0.2267169,0.9677114,0.01590024,0.1090011,-0.3330339,-0.001312154,-0.0004533321,-9.874121
823.4,-6210.973,8422.09,-3198.194,-1.511078,0.3961952,17.96725,-0.1943544,0.9747387,0.01233884,0.109356,-0.3331817,-0.001280325,-0.0005435837,-9.850745
823.6,-6211.275,8422.169,-3194.601,-1.51277,0.3883301,17.96386,-0.1617608,0.9806862,0.008770145,0.1095948,-0.3333296,-0.001242481,-0.0006314648,-9.827399
823.8,-6211.578,8422.246,-3191.008,-1.514461,0.3804648,17.96048,-0.128972,0.9855462,0.005197912,0.1097174,-0.3334775,-0.001198797,-0.0007165738,-9.804053
824,-6211.881,8422.321,-3187.416,-1.516151,0.3725995,17.95709,-0.09602444,0.9893116,0.001625912,0.1097237,-0.3336255,-0.00114947,-0.0007985218,-9.780707
824.2,-6212.184,8422.395,-3183.825,-1.517841,0.3647342,17.95371,-0.06295445,0.9919767,-0.001942083,0.1096138,-0.3337736,-0.001094726,-0.0008769335,-9.757361
824.4,-6212.488,8422.467,-3180.235,-1.519531,0.3568692,17.95033,-0.02979879,0.9935371,-0.005502309,0.109388,-0.3339217,-0.001034816,-0.0009514497,-9.734015
824.6,-6212.792,8422.537,-3176.645,-1.521219,0.3490046,17.94695,0.003405622,0.9939896,-0.009051008,0.1090465,-0.3340699,-0.0009700131,-0.001021729,-9.710699
824.8,-6213.097,8422.606,-3173.056,-1.522907,0.3411404,17.94357,0.03662176,0.9933321,-0.01258444,0.1085899,-0.3342181,-0.0009006148,-0.001087448,-9.687354
825,-6213.401,8422.674,-3169.468,-1.524595,0.3332768,17.94019,0.06981251,0.9915639,-0.01609887,0.1080187,-0.3343665,-0.0008269391,-0.001148305,-9.664038
825.2,-6213.707,8422.74,-3165.88,-1.526283,0.3254139,17.93681,0.1029407,0.9886855,-0.01959059,0.1073335,-0.3345149,-0.0007493243,-0.00120402,-9.640723
825.4,-6214.012,8422.804,-3162.293,-1.527969,0.3175517,17.93344,0.135969,0.9846985,-0.02305592,0.1065353,-0.3346633,-0.000668127,-0.001254337,-9.617407
825.6,-6214.317,8422.867,-3158.707,-1.529656,0.3096904,17.93007,0.1688604,0.9796059,-0.02649121,0.105625,-0.3348118,-0.0005837207,-0.001299024,-9.594092
825.8,-6214.624,8422.928,-3155.121,-1.531342,0.3018299,17.9267,0.2015777,0.973412,-0.02989283,0.1046035,-0.3349605,-0.0004964942,-0.001337874,-9.570776
826,-6214.93,8422.987,-3151.536,-1.533027,0.2939704,17.92333,0.234084,0.9661222,-0.03325719,0.1034722,-0.3351091,-0.0004068494,-0.001370708,-9.547491
826.2,-6215.237,8423.046,-3147.952,-1.534712,0.2861118,17.91996,0.2663424,0.9577432,-0.03658074,0.1022323,-0.3352578,-0.0003151999,-0.001397375,-9.524176
826.4,-6215.544,8423.102,-3144.368,-1.536397,0.2782544,17.9166,0.2983163,0.9482831,-0.03985998,0.1008851,-0.3354066,-0.0002219689,-0.001417749,-9.500891
826.6,-6215.852,8423.157,-3140.785,-1.538081,0.270398,17.91323,0.3299693,0.9377508,-0.04309146,0.09943223,-0.3355555,-0.0001275874,-0.001431738,-9.477606
826.8,-6216.159,8423.21,-3137.203,-1.539765,0.2625427,17.90987,0.3612652,0.926157,-0.04627176,0.09787532,-0.3357044,-3.249209e-05,-0.001439275,-9.454321
827,-6216.467,8423.262,-3133.621,-1.541448,0.2546886,17.90651,0.3921683,0.9135132,-0.04939754,0.0962161,-0.3358534,6.287669e-05,-0.001440326,-9.431036
827.2,-6216.776,8423.312,-3130.04,-1.543132,0.2468357,17.90315,0.4226431,0.8998323,-0.05246549,0.0944564,-0.3360025,0.0001580768,-0.001434886,-9.407751
827.4,-6217.084,8423.36,-3126.46,-1.544814,0.238984,17.89979,0.4526546,0.8851283,-0.05547239,0.09259821,-0.3361516,0.0002526665,-0.001422978,-9.384497
827.6,-6217.394,8423.407,-3122.88,-1.546497,0.2311336,17.89643,0.4821683,0.8694166,-0.05841508,0.09064359,-0.3363008,0.0003462065,-0.001404659,-9.361212
827.8,-6217.703,8423.453,-3119.301,-1.548179,0.2232843,17.89308,0.5111499,0.8527134,-0.06129044,0.08859469,-0.3364501,0.0004382619,-0.001380013,-9.337958
828,-6218.013,8423.497,-3115.723,-1.54986,0.2154364,17.88972,0.5395661,0.8350365,-0.06409547,0.08645379,-0.3365994,0.0005284043,-0.001349154,-9.314703
828.2,-6218.323,8423.539,-3112.145,-1.551542,0.2075898,17.88637,0.5673837,0.8164045,-0.06682719,0.08422326,-0.3367489,0.0006162138,-0.001312226,-9.291449
828.4,-6218.634,8423.58,-3108.568,-1.553223,0.1997445,17.88302,0.5945704,0.7968373,-0.06948275,0.08190554,-0.3368983,0.0007012811,-0.0012694,-9.268195
828.6,-6218.944,8423.619,-3104.992,-1.554904,0.1919005,17.87967,0.6210944,0.7763559,-0.07205935,0.07950321,-0.3370479,0.0007832092,-0.001220876,-9.24494
828.8,-6219.255,8423.656,-3101.417,-1.556584,0.1840579,17.87632,0.6469247,0.7549822,-0.07455429,0.0770189,-0.3371975,0.0008616153,-0.001166881,-9.221716
829,-6219.567,8423.692,-3097.842,-1.558264,0.1762166,17.87298,0.6720309,0.7327396,-0.07696493,0.07445535,-0.3373471,0.0009361328,-0.001107666,-9.198462
829.2,-6219.879,8423.728,-3094.267,-1.559943,0.1683767,17.86963,0.6963834,0.7096521,-0.07928877,0.07181539,-0.3374969,0.001006413,-0.001043508,-9.175238
829.4,-6220.191,8423.76,-3090.694,-1.561623,0.1605381,17.86629,0.7199534,0.6857448,-0.08152336,0.06910189,-0.3376467,0.001072126,-0.0009747075,-9.152014
829.6,-6220.503,8423.791,-3087.121,-1.563302,0.1527009,17.86295,0.742713,0.6610441,-0.08366635,0.06631786,-0.3377966,0.001132965,-0.0009015864,-9.12879
829.8,-6220.816,8423.821,-3083.549,-1.56498,0.1448651,17.85961,0.7646351,0.6355769,-0.08571552,0.06346635,-0.3379465,0.001188644,-0.0008244875,-9.105566
830,-6221.129,8423.85,-3079.977,-1.566659,0.1370307,17.85627,0.7856935,0.6093714,-0.08766872,0.06055047,-0.3380966,0.0012389,-0.0007437727,-9.082343
830.2,-6221.443,8423.876,-3076.406,-1.568337,0.1291977,17.85294,0.8058629,0.5824567,-0.08952392,0.05757344,-0.3382466,0.001283497,-0.000659821,-9.059149
830.4,-6221.757,8423.901,-3072.836,-1.570014,0.1213661,17.8496,0.825119,0.5548625,-0.09127917,0.05453851,-0.3383968,0.001322226,-0.0005730271,-9.035925
830.6,-6222.071,8423.925,-3069.266,-1.571692,0.1135358,17.84627,0.8434384,0.5266196,-0.09293267,0.05144901,-0.338547,0.001354904,-0.0004837996,-9.012732
830.8,-6222.386,8423.946,-3065.697,-1.573369,0.105707,17.84294,0.860799,0.4977595,-0.09448269,0.04830833,-0.3386973,0.001381377,-0.0003925586,-8.989539
831,-6222.7,8423.967,-3062.129,-1.575045,0.09787961,17.83961,0.8771793,0.4683145,-0.09592764,0.0451199,-0.3388476,0.001401519,-0.0002997345,-8.966345
831.2,-6223.016,8423.985,-3058.562,-1.576722,0.09005361,17.83628,0.8925595,0.4383177,-0.09726602,0.04188722,-0.338998,0.001415235,-0.0002057653,-8.943152
831.4,-6223.331,8424.003,-3054.995,-1.578398,0.08222903,17.83295,0.9069202,0.4078028,-0.09849646,0.03861382,-0.3391486,0.001422459,-0.0001110949,-8.919958
831.6,-6223.647,8424.019,-3051.428,-1.580073,0.07440586,17.82962,0.9202437,0.3768044,-0.09961771,0.03530329,-0.3392991,0.001423158,-1.617098e-05,-8.896796
831.8,-6223.963,8424.032,-3047.863,-1.581749,0.06658412,17.8263,0.9325132,0.3453573,-0.1006286,0.03195927,-0.3394497,0.001417328,7.855713e-05,-8.873602
832,-6224.28,8424.045,-3044.298,-1.583424,0.05876379,17.82298,0.943713,0.3134974,-0.1015282,0.0285854,-0.3396004,0.001404995,0.0001726407,-8.850439
832.2,-6224.596,8424.056,-3040.733,-1.585099,0.05094488,17.81966,0.9538289,0.2812609,-0.1023155,0.02518538,-0.3397512,0.001386219,0.0002656335,-8.827277
832.4,-6224.914,8424.065,-3037.17,-1.586773,0.0431274,17.81634,0.9628476,0.2486845,-0.1029898,0.02176293,-0.339902,0.001361087,0.0003570941,-8.804114
832.6,-6225.231,8424.073,-3033.607,-1.588447,0.03531133,17.81302,0.9707572,0.2158053,-0.1035504,0.0183218,-0.3400529,0.001329719,0.000446588,-8.780951
832.8,-6225.549,8424.08,-3030.045,-1.590121,0.02749669,17.8097,0.9775472,0.1826612,-0.1039968,0.01486576,-0.3402038,0.001292264,0.0005336896,-8.757788
833,-6225.867,8424.084,-3026.483,-1.591794,0.01968348,17.80639,0.9832081,0.1492901,-0.1043286,0.01139859,-0.3403549,0.001248899,0.0006179842,-8.734625
833.2,-6226.186,8424.088,-3022.922,-1.593467,0.01187169,17.80307,0.9877317,0.1157304,-0.1045455,0.007924091,-0.3405059,0.001199831,0.0006990702,-8.711493
833.4,-6226.504,8424.089,-3019.362,-1.59514,0.004061326,17.79976,0.9911113,0.08202079,-0.1046474,0.004446058,-0.3406571,0.001145293,0.0007765606,-8.688361
833.6,-6226.824,8424.089,-3015.802,-1.596813,-0.003747612,17.79645,0.9933416,0.0482003,-0.1046342,0.0009683036,-0.3408083,0.001085545,0.0008500856,-8.665228
833.8,-6227.143,8424.088,-3012.243,-1.598485,-0.01155513,17.79314,0.9944181,0.01430807,-0.104506,-0.002505364,-0.3409596,0.001020872,0.0009192938,-8.642096
834,-6227.463,8424.085,-3008.685,-1.600157,-0.01936121,17.78983,0.9943383,-0.01961655,-0.104263,-0.00597114,-0.3411109,0.0009515829,0.0009838541,-8.618964
834.2,-6227.783,8424.08,-3005.127,-1.601829,-0.02716587,17.78653,0.9931006,-0.05353408,-0.1039057,-0.009425229,-0.3412624,0.0008780091,0.001043457,-8.595831
834.4,-6228.104,8424.073,-3001.57,-1.6035,-0.03496911,17.78323,0.9907049,-0.08740496,-0.1034344,-0.01286385,-0.3414139,0.0008005024,0.001097817,-8.572699
834.6,-6228.425,8424.065,-2998.014,-1.605171,-0.04277092,17.77992,0.9871524,-0.1211896,-0.1028497,-0.01628323,-0.3415654,0.0007194341,0.001146673,-8.549597
834.8,-6228.746,8424.057,-2994.458,-1.606841,-0.0505713,17.77662,0.9824457,-0.1548484,-0.1021524,-0.01967963,-0.341717,0.0006351927,0.001189791,-8.526465
835,-6229.067,8424.046,-2990.903,-1.608512,-0.05837027,17.77332,0.9765887,-0.1883419,-0.1013434,-0.02304933,-0.3418687,0.0005481826,0.001226963,-8.503363
835.2,-6229.389,8424.033,-2987.349,-1.610182,-0.0661678,17.77002,0.9695868,-0.2216307,-0.1004235,-0.02638864,-0.3420205,0.0004588217,0.001258009,-8.480261
835.4,-6229.711,8424.02,-2983.795,-1.611851,-0.07396391,17.76673,0.9614466,-0.2546754,-0.09939393,-0.02969389,-0.3421723,0.0003675396,0.001282781,-8.457159
835.6,-6230.034,8424.004,-2980.242,-1.613521,-0.0817586,17.76343,0.952176,-0.2874371,-0.09825584,-0.03296146,-0.3423242,0.0002747756,0.001301157,-8.434088
835.8,-6230.357,8423.986,-2976.69,-1.61519,-0.08955186,17.76014,0.9417846,-0.3198769,-0.09701057,-0.03618778,-0.3424761,0.0001809765,0.001313051,-8.410986
836,-6230.68,8423.968,-2973.138,-1.616859,-0.0973437,17.75685,0.9302828,-0.3519562,-0.09565956,-0.03936931,-0.3426282,8.659469e-05,0.001318402,-8.387885
836.2,-6231.004,8423.947,-2969.587,-1.618527,-0.1051341,17.75356,0.9176828,-0.383637,-0.09420438,-0.04250256,-0.3427802,-7.914406e-06,0.001317185,-8.364813
836.4,-6231.328,8423.926,-2966.037,-1.620195,-0.1129231,17.75027,0.9039979,-0.4148813,-0.09264672,-0.04558409,-0.3429324,-0.0001020942,0.001309406,-8.341742
836.6,-6231.652,8423.902,-2962.487,-1.621863,-0.1207107,17.74698,0.8892427,-0.4456518,-0.09098836,-0.04861054,-0.3430846,-0.0001954893,0.001295102,-8.318671
836.8,-6231.977,8423.877,-2958.938,-1.62353,-0.1284968,17.74369,0.8734332,-0.4759116,-0.0892312,-0.05157858,-0.3432369,-0.0002876476,0.00127434,-8.295599
837,-6232.301,8423.851,-2955.39,-1.625359,-0.1361805,17.74041,0.8565866,-0.5056244,-0.08737727,-0.05448497,-0.3433892,-0.0003781226,0.001247222,-8.272528
837.2,-6232.626,8423.823,-2951.842,-1.628258,-0.1431904,17.73712,0.8387213,-0.5347542,-0.08542867,-0.05732651,-0.3435417,-0.0004664756,0.001213878,-8.249487
837.4,-6232.953,8423.794,-2948.295,-1.632265,-0.1495038,17.73384,0.8198572,-0.563266,-0.08338764,-0.06010009,-0.3436941,-0.0005522778,0.001174469,-8.226416
837.6,-6233.279,8423.764,-2944.748,-1.637263,-0.1551934,17.73056,0.8000152,-0.5911251,-0.0812565,-0.06280268,-0.3438467,-0.0006351121,0.001129186,-8.203375
837.8,-6233.607,8423.731,-2941.203,-1.643148,-0.1603245,17.72728,0.7792174,-0.6182976,-0.07903769,-0.06543131,-0.3439993,-0.0007145758,0.001078249,-8.180304
838,-6233.937,8423.699,-2937.657,-1.649828,-0.1649553,17.724,0.7574872,-0.6447506,-0.07673372,-0.06798311,-0.344152,-0.0007902818,0.001021905,-8.157263
838.2,-6234.268,8423.666,-2934.113,-1.657219,-0.1691382,17.72073,0.7348491,-0.6704516,-0.07434722,-0.07045528,-0.3443047,-0.0008618614,0.000960428,-8.134222
838.4,-6234.6,8423.632,-2930.569,-1.665247,-0.1729201,17.71746,0.7113287,-0.6953691,-0.07188091,-0.07284512,-0.3444575,-0.0009289653,0.0008941171,-8.111212
838.6,-6234.934,8423.597,-2927.026,-1.673845,-0.1763427,17.71419,0.6869528,-0.7194724,-0.06933758,-0.07515002,-0.3446104,-0.0009912658,0.0008232953,-8.088171
838.8,-6235.27,8423.561,-2923.483,-1.682952,-0.1794438,17.71093,0.6617493,-0.7427319,-0.06672011,-0.07736744,-0.3447633,-0.001048458,0.000748308,-8.065131
839,-6235.607,8423.524,-2919.942,-1.692516,-0.1822569,17.70766,0.6357469,-0.7651185,-0.06403149,-0.07949498,-0.3449164,-0.001100263,0.000669521,-8.04212
839.2,-6235.946,8423.488,-2916.4,-1.702488,-0.1848122,17.7044,0.6089756,-0.7866047,-0.06127476,-0.08153029,-0.3450694,-0.001146426,0.0005873195,-8.01911
839.4,-6236.288,8423.451,-2912.86,-1.712826,-0.1871366,17.70114,0.5814663,-0.8071634,-0.05845305,-0.08347117,-0.3452226,-0.001186721,0.0005021055,-7.9961
839.6,-6236.631,8423.413,-2909.32,-1.72349,-0.1892543,17.69788,0.5532507,-0.826769,-0.05556957,-0.0853155,-0.3453758,-0.00122095,0.0004142959,-7.97309
839.8,-6236.978,8423.375,-2905.781,-1.734447,-0.1911869,17.69462,0.5243616,-0.8453967,-0.05262757,-0.08706126,-0.3455291,-0.001248945,0.0003243213,-7.950079
840,-6237.325,8423.337,-2902.242,-1.745665,-0.1929539,17.69137,0.4948327,-0.8630229,-0.04963039,-0.08870657,-0.3456824,-0.001270568,0.0002326229,-7.927069
840.2,-6237.676,8423.298,-2898.704,-1.757117,-0.1945724,17.68811,0.4646983,-0.8796253,-0.04658144,-0.09024963,-0.3458359,-0.001285711,0.000139651,-7.904089
840.4,-6238.028,8423.259,-2895.167,-1.768778,-0.1960582,17.68486,0.4339939,-0.8951824,-0.04348417,-0.09168877,-0.3459893,-0.001294301,4.58624e-05,-7.881079
840.6,-6238.383,8423.22,-2891.63,-1.780626,-0.1974251,17.68161,0.4027553,-0.9096743,-0.04034209,-0.09302244,-0.3461429,-0.001296293,-4.828144e-05,-7.858099
840.8,-6238.74,8423.18,-2888.094,-1.792641,-0.1986855,17.67836,0.3710195,-0.9230823,-0.03715875,-0.09424918,-0.3462965,-0.001291679,-0.000142317,-7.83512
841,-6239.1,8423.141,-2884.559,-1.804805,-0.1998507,17.67511,0.3388236,-0.9353886,-0.03393779,-0.0953677,-0.3464502,-0.001280479,-0.0002357807,-7.81214
841.2,-6239.462,8423.1,-2881.024,-1.817103,-0.2009305,17.67186,0.306206,-0.946577,-0.03068283,-0.09637678,-0.346604,-0.00126275,-0.0003282116,-7.78916
841.4,-6239.827,8423.06,-2877.49,-1.82952,-0.201934,17.66861,0.2732051,-0.9566326,-0.02739757,-0.09727536,-0.3467578,-0.001238577,-0.0004191532,-7.76618
841.6,-6240.194,8423.02,-2873.957,-1.842044,-0.2028691,17.66537,0.2398602,-0.9655417,-0.02408575,-0.09806249,-0.3469117,-0.00120808,-0.000508156,-7.743231
841.8,-6240.564,8422.979,-2870.424,-1.854662,-0.203743,17.66212,0.2062111,-0.973292,-0.02075111,-0.09873732,-0.3470656,-0.001171409,-0.0005947797,-7.720251
842,-6240.936,8422.938,-2866.892,-1.867365,-0.2045621,17.65888,0.1722978,-0.9798727,-0.01739744,-0.09929918,-0.3472196,-0.001128745,-0.0006785952,-7.697302
842.2,-6241.311,8422.896,-2863.36,-1.880144,-0.2053322,17.65564,0.138161,-0.9852741,-0.01402854,-0.09974748,-0.3473738,-0.001080299,-0.0007591871,-7.674353
842.4,-6241.688,8422.855,-2859.83,-1.893019,-0.2060768,17.65239,0.1038417,-0.9894883,-0.01064824,-0.1000818,-0.3475279,-0.00102631,-0.0008361555,-7.651404
842.6,-6242.068,8422.814,-2856.3,-1.906478,-0.2071131,17.64916,0.06938095,-0.9925085,-0.007260366,-0.1003018,-0.3476821,-0.0009670477,-0.000909118,-7.628455
842.8,-6242.451,8422.772,-2852.77,-1.920633,-0.2085217,17.64593,0.0348204,-0.9943294,-0.003868774,-0.1004073,-0.3478365,-0.0009028044,-0.0009777121,-7.605505
843,-6242.836,8422.73,-2849.241,-1.935412,-0.2102633,17.6427,0.000201756,-0.9949472,-0.0004773104,-0.1003982,-0.3479908,-0.0008338995,-0.001041596,-7.582556
843.2,-6243.225,8422.688,-2845.713,-1.950748,-0.212303,17.63947,-0.0344331,-0.9943596,0.002910172,-0.1002746,-0.3481453,-0.0007606758,-0.001100452,-7.559637
843.4,-6243.617,8422.646,-2842.185,-1.966583,-0.2146093,17.63625,-0.06904217,-0.9925655,0.006289824,-0.1000368,-0.3482998,-0.0006834976,-0.001153987,-7.536719
843.6,-6244.012,8422.603,-2838.658,-1.982865,-0.2171543,17.63303,-0.1035834,-0.9895656,0.009657808,-0.09968499,-0.3484544,-0.0006027494,-0.001201932,-7.51377
843.8,-6244.41,8422.56,-2835.132,-1.999545,-0.2199127,17.62981,-0.1380146,-0.9853619,0.01301029,-0.0992197,-0.348609,-0.0005188339,-0.00124405,-7.490851
844,-6244.812,8422.515,-2831.606,-2.016581,-0.2228621,17.62659,-0.1722939,-0.9799579,0.01634347,-0.09864151,-0.3487637,-0.00043217,-0.001280128,-7.467932
844.2,-6245.216,8422.47,-2828.082,-2.033937,-0.2259824,17.62338,-0.2063793,-0.9733586,0.01965355,-0.09795115,-0.3489185,-0.0003431907,-0.001309986,-7.445044
844.4,-6245.625,8422.425,-2824.557,-2.051577,-0.2292554,17.62016,-0.2402289,-0.9655703,0.02293676,-0.09714945,-0.3490734,-0.0002523411,-0.001333474,-7.422125
844.6,-6246.037,8422.378,-2821.033,-2.069471,-0.2326652,17.61695,-0.2738012,-0.956601,0.02618938,-0.09623738,-0.3492283,-0.0001600759,-0.001350475,-7.399207
844.8,-6246.453,8422.331,-2817.51,-2.087593,-0.2361971,17.61374,-0.3070547,-0.9464599,0.02940769,-0.09521604,-0.3493833,-6.685766e-05,-0.001360903,-7.376318
845,-6246.872,8422.284,-2813.988,-2.105918,-0.2398384,17.61052,-0.3399485,-0.9351581,0.03258804,-0.09408666,-0.3495384,2.684617e-05,-0.001364705,-7.35343
845.2,-6247.295,8422.235,-2810.466,-2.124424,-0.2435775,17.60731,-0.3724418,-0.9227077,0.0357268,-0.09285059,-0.3496935,0.0001205651,-0.001361862,-7.330542
845.4,-6247.722,8422.187,-2806.945,-2.143093,-0.2474039,17.6041,-0.4044943,-0.9091223,0.0388204,-0.09150929,-0.3498487,0.0002138281,-0.001352387,-7.307654
845.6,-6248.152,8422.137,-2803.425,-2.161906,-0.2513085,17.60089,-0.4360661,-0.8944172,0.04186532,-0.09006435,-0.350004,0.000306166,-0.001336328,-7.284766
845.8,-6248.587,8422.086,-2799.905,-2.180847,-0.2552829,17.59768,-0.4671178,-0.8786088,0.04485809,-0.08851749,-0.3501594,0.0003971139,-0.001313765,-7.261877
846,-6249.025,8422.034,-2796.385,-2.199904,-0.2593198,17.59447,-0.4976107,-0.861715,0.04779529,-0.08687054,-0.3503148,0.0004862135,-0.001284813,-7.23902
846.2,-6249.467,8421.982,-2792.867,-2.219064,-0.2634125,17.59126,-0.5275065,-0.8437552,0.05067357,-0.08512541,-0.3504703,0.0005730151,-0.001249616,-7.216132
846.4,-6249.913,8421.929,-2789.349,-2.238314,-0.267555,17.58805,-0.5567676,-0.8247499,0.05348966,-0.08328418,-0.3506258,0.0006570805,-0.001208351,-7.193274
846.6,-6250.362,8421.875,-2785.832,-2.257646,-0.271742,17.58484,-0.5853572,-0.8047213,0.05624035,-0.08134901,-0.3507815,0.0007379848,-0.001161228,-7.170416
846.8,-6250.815,8421.82,-2782.315,-2.27705,-0.2759688,17.58164,-0.6132391,-0.7836925,0.05892248,-0.07932217,-0.3509372,0.0008153186,-0.001108484,-7.147559
847,-6251.273,8421.765,-2778.799,-2.296519,-0.2802311,17.57843,-0.6403781,-0.7616881,0.06153302,-0.07720604,-0.351093,0.0008886903,-0.001050386,-7.124701
847.2,-6251.734,8421.708,-2775.284,-2.315623,-0.2844794,17.57522,-0.6667396,-0.7387341,0.06406897,-0.0750031,-0.3512488,0.000957728,-0.000987228,-7.101843
847.4,-6252.199,8421.651,-2771.769,-2.33376,-0.2886457,17.57201,-0.69229,-0.7148573,0.06652745,-0.07271595,-0.3514047,0.001022081,-0.0009193299,-7.078986
847.6,-6252.667,8421.593,-2768.255,-2.351026,-0.2927377,17.56879,-0.7169967,-0.6900862,0.06890564,-0.07034724,-0.3515607,0.001081423,-0.0008470363,-7.056158
847.8,-6253.14,8421.534,-2764.741,-2.367511,-0.2967633,17.56557,-0.7408279,-0.6644502,0.07120085,-0.06789977,-0.3517168,0.001135452,-0.0007707143,-7.033331
848,-6253.615,8421.474,-2761.229,-2.383297,-0.3007295,17.56235,-0.7637529,-0.6379799,0.07341043,-0.0653764,-0.3518729,0.001183893,-0.0006907518,-7.010474
848.2,-6254.093,8421.413,-2757.717,-2.398459,-0.3046423,17.55912,-0.7857422,-0.6107069,0.07553188,-0.06278009,-0.3520291,0.0012265,-0.0006075556,-6.987646
848.4,-6254.574,8421.353,-2754.205,-2.413062,-0.3085075,17.5559,-0.806767,-0.5826639,0.07756277,-0.06011388,-0.3521854,0.001263054,-0.0005215494,-6.964819
848.6,-6255.058,8421.29,-2750.694,-2.427164,-0.3123299,17.55269,-0.8268002,-0.5538849,0.07950079,-0.05738088,-0.3523417,0.001293369,-0.0004331716,-6.942023
848.8,-6255.545,8421.228,-2747.184,-2.440818,-0.3161141,17.54947,-0.8458154,-0.5244045,0.08134373,-0.05458432,-0.3524981,0.00131729,-0.0003428731,-6.919196
849,-6256.034,8421.164,-2743.674,-2.454072,-0.319864,17.54626,-0.8637876,-0.4942585,0.08308949,-0.05172744,-0.3526546,0.001334695,-0.0002511152,-6.896368
849.2,-6256.526,8421.1,-2740.165,-2.466966,-0.3235831,17.54305,-0.880693,-0.4634835,0.08473607,-0.04881362,-0.3528111,0.001345495,-0.0001583669,-6.873572
849.4,-6257.021,8421.034,-2736.657,-2.47954,-0.3272747,17.53984,-0.8965091,-0.432117,0.08628161,-0.04584626,-0.3529677,0.001349633,-6.510278e-05,-6.850775
849.6,-6257.518,8420.969,-2733.149,-2.491827,-0.3309416,17.53663,-0.9112146,-0.4001974,0.08772434,-0.04282883,-0.3531244,0.001347088,2.819942e-05,-6.827979
849.8,-6258.018,8420.902,-2729.642,-2.503856,-0.3345863,17.53343,-0.92479,-0.3677637,0.08906262,-0.03976488,-0.3532812,0.001337873,0.0001210614,-6.805182
850,-6258.52,8420.835,-2726.136,-2.515655,-0.3382112,17.53023,-0.9372164,-0.3348558,0.09029494,-0.036658,-0.353438,0.001322035,0.0002130065,-6.782385
850.2,-6259.024,8420.767,-2722.63,-2.527247,-0.3418183,17.52703,-0.948477,-0.3015142,0.09141991,-0.03351184,-0.3535949,0.001299655,0.0003035626,-6.759589
850.4,-6259.531,8420.698,-2719.125,-2.538655,-0.3454094,17.52384,-0.9585559,-0.26778,0.09243623,-0.03033008,-0.3537519,0.001270847,0.000392264,-6.736823
850.6,-6260.04,8420.628,-2715.621,-2.549898,-0.3489861,17.52065,-0.9674391,-0.233695,0.09334278,-0.02711645,-0.3539089,0.001235759,0.0004786542,-6.714026
850.8,-6260.55,8420.559,-2712.117,-2.560993,-0.3525499,17.51746,-0.9751137,-0.1993015,0.09413853,-0.02387474,-0.354066,0.001194572,0.0005622882,-6.69126
851,-6261.064,8420.487,-2708.614,-2.571955,-0.3561022,17.51427,-0.9815686,-0.1646421,0.09482259,-0.02060875,-0.3542232,0.001147498,0.0006427346,-6.668494
851.2,-6261.579,8420.416,-2705.111,-2.582799,-0.359644,17.51108,-0.9867939,-0.1297602,0.09539421,-0.01732232,-0.3543804,0.001094779,0.0007195783,-6.645728
851.4,-6262.097,8420.344,-2701.609,-2.593536,-0.3631764,17.5079,-0.9907814,-0.09469911,0.09585276,-0.0140193,-0.3545378,0.001036686,0.0007924222,-6.622961
851.6,-6262.617,8420.271,-2698.108,-2.604178,-0.3667004,17.50471,-0.9935244,-0.05950286,0.09619772,-0.01070359,-0.3546951,0.0009735207,0.0008608896,-6.600195
851.8,-6263.139,8420.197,-2694.607,-2.614734,-0.3702168,17.50154,-0.9950179,-0.02421556,0.09642876,-0.00737908,-0.3548526,0.0009056084,0.000924626,-6.57746
852,-6263.663,8420.122,-2691.107,-2.625214,-0.3737263,17.49836,-0.9952582,0.01111843,0.09654563,-0.004049686,-0.3550101,0.0008333007,0.000983301,-6.554694
852.2,-6264.188,8420.048,-2687.608,-2.635625,-0.3772297,17.49518,-0.9942434,0.04645458,0.09654823,-0.0007193275,-0.3551677,0.000756972,0.00103661,-6.531958
852.4,-6264.717,8419.972,-2684.109,-2.645974,-0.3807274,17.492,-0.991973,0.08174829,0.0964366,0.002608073,-0.3553253,0.0006770179,0.001084277,-6.509222
852.6,-6265.247,8419.896,-2680.611,-2.656268,-0.3842201,17.48883,-0.9884482,0.1169549,0.09621092,0.005928595,-0.3554831,0.0005938532,0.001126053,-6.486487
852.8,-6265.779,8419.818,-2677.114,-2.666512,-0.3877082,17.48566,-0.9836718,0.1520297,0.09587149,0.009238322,-0.3556409,0.0005079098,0.001161721,-6.463751
853,-6266.313,8419.74,-2673.617,-2.676712,-0.3911922,17.48249,-0.9776482,0.1869282,0.09541874,0.01253335,-0.3557987,0.0004196345,0.001191095,-6.441016
853.2,-6266.85,8419.661,-2670.121,-2.686872,-0.3946724,17.47932,-0.9703833,0.2216058,0.09485324,0.0158098,-0.3559567,0.0003294864,0.001214022,-6.41828
853.4,-6267.388,8419.582,-2666.625,-2.696995,-0.3981491,17.47616,-0.9618847,0.2560183,0.09417572,0.01906379,-0.3561147,0.0002379353,0.001230381,-6.395575
853.6,-6267.929,8419.502,-2663.13,-2.707086,-0.4016227,17.47299,-0.9521614,0.2901217,0.093387,0.02229148,-0.3562728,0.0001454583,0.001240088,-6.372839
853.8,-6268.471,8419.422,-2659.636,-2.717148,-0.4050936,17.46983,-0.9412243,0.3238721,0.09248804,0.02548905,-0.3564309,5.253799e-05,0.00124309,-6.350134
854,-6269.016,8419.34,-2656.143,-2.727184,-0.4085617,17.46667,-0.9290855,0.3572263,0.09147996,0.02865274,-0.3565891,-4.034034e-05,0.001239371,-6.327429
854.2,-6269.562,8419.258,-2652.649,-2.737196,-0.4120275,17.46351,-0.9157589,0.3901411,0.09036397,0.03177879,-0.3567474,-0.0001326911,0.001228951,-6.304724
854.4,-6270.11,8419.176,-2649.157,-2.747187,-0.4154911,17.46035,-0.9012599,0.4225741,0.08914144,0.0348635,-0.3569057,-0.000224031,0.001211883,-6.282019
854.6,-6270.661,8419.092,-2645.665,-2.757158,-0.4189527,17.45719,-0.8856055,0.4544833,0.08781385,0.03790322,-0.3570641,-0.0003138816,0.001188256,-6.259314
854.8,-6271.213,8419.008,-2642.174,-2.767112,-0.4224125,17.45404,-0.8688139,0.4858273,0.08638281,0.04089434,-0.3572226,-0.0004017717,0.001158194,-6.236639
855,-6271.768,8418.923,-2638.684,-2.77705,-0.4258705,17.45088,-0.8509051,0.5165651,0.08485005,0.04383333,-0.3573812,-0.0004872403,0.001121853,-6.213934
855.2,-6272.324,8418.837,-2635.194,-2.786973,-0.4293269,17.44773,-0.8319007,0.5466568,0.08321742,0.0467167,-0.3575398,-0.0005698381,0.001079423,-6.19126
855.4,-6272.883,8418.751,-2631.705,-2.796884,-0.4327819,17.44458,-0.8118233,0.576063,0.0814869,0.04954102,-0.3576985,-0.000649131,0.001031128,-6.168585
855.6,-6273.443,8418.664,-2628.216,-2.806783,-0.4362355,17.44143,-0.7906973,0.6047449,0.07966059,0.05230293,-0.3578573,-0.0007247015,0.0009772211,-6.145911
855.8,-6274.005,8418.577,-2624.728,-2.816671,-0.4396877,17.43828,-0.7685483,0.632665,0.07774067,0.05499917,-0.3580161,-0.0007961515,0.0009179849,-6.123236
856,-6274.57,8418.488,-2621.241,-2.826549,-0.4431388,17.43513,-0.7454033,0.6597863,0.07572948,0.05762652,-0.358175,-0.000863104,0.0008537314,-6.100562
856.2,-6275.136,8418.399,-2617.754,-2.836418,-0.4465887,17.43199,-0.7212909,0.6860731,0.07362944,0.06018186,-0.3583339,-0.0009252058,0.0007847988,-6.077887
856.4,-6275.704,8418.31,-2614.268,-2.846279,-0.4500376,17.42884,-0.6962407,0.7114902,0.07144309,0.06266214,-0.358493,-0.0009821284,0.0007115508,-6.055243
856.6,-6276.274,8418.22,-2610.782,-2.856132,-0.4534854,17.4257,-0.6702835,0.7360039,0.06917305,0.06506442,-0.3586521,-0.001033571,0.0006343739,-6.032599
856.8,-6276.847,8418.128,-2607.298,-2.865978,-0.4569322,17.42256,-0.6434517,0.7595814,0.0668221,0.06738583,-0.3588113,-0.00107926,0.0005536756,-6.009924
857,-6277.421,8418.037,-2603.813,-2.875818,-0.4603782,17.41942,-0.6157786,0.782191,0.06439304,0.0696236,-0.3589705,-0.001118955,0.0004698828,-5.98728
857.2,-6277.997,8417.944,-2600.33,-2.885652,-0.4638232,17.41628,-0.5872988,0.8038024,0.06188882,0.07177508,-0.3591298,-0.001152444,0.0003834391,-5.964636
857.4,-6278.575,8417.852,-2596.847,-2.895481,-0.4672675,17.41315,-0.558048,0.8243861,0.05931247,0.07383769,-0.3592892,-0.001179549,0.0002948023,-5.941992
857.6,-6279.155,8417.757,-2593.365,-2.905304,-0.4707108,17.41001,-0.528063,0.8439143,0.0566671,0.07580896,-0.3594487,-0.001200125,0.0002044426,-5.919379
857.8,-6279.737,8417.663,-2589.883,-2.915123,-0.4741535,17.40688,-0.4973815,0.8623602,0.05395591,0.07768655,-0.3596082,-0.001214064,0.0001128397,-5.896735
858,-6280.321,8417.567,-2586.402,-2.924937,-0.4775953,17.40375,-0.4660424,0.8796986,0.05118217,0.07946821,-0.3597678,-0.00122129,2.048034e-05,-5.874121
858.2,-6280.907,8417.472,-2582.921,-2.934747,-0.4810365,17.40061,-0.4340853,0.8959055,0.04834925,0.08115182,-0.3599275,-0.001221764,-7.214428e-05,-5.851477
858.4,-6281.495,8417.375,-2579.442,-2.944553,-0.4844769,17.39748,-0.4015509,0.9109583,0.04546057,0.08273535,-0.3600872,-0.001215483,-0.000164541,-5.828864
858.6,-6282.085,8417.278,-2575.962,-2.954355,-0.4879166,17.39436,-0.3684806,0.924836,0.04251963,0.08421692,-0.360247,-0.00120248,-0.0002562175,-5.80625
858.8,-6282.677,8417.18,-2572.484,-2.964154,-0.4913557,17.39123,-0.3349167,0.937519,0.03953,0.08559476,-0.3604069,-0.001182824,-0.0003466847,-5.783636
859,-6283.271,8417.081,-2569.006,-2.97395,-0.494794,17.3881,-0.3009021,0.948989,0.03649529,0.08686721,-0.3605669,-0.001156619,-0.0004354597,-5.761053
859.2,-6283.866,8416.982,-2565.529,-2.983742,-0.4982318,17.38498,-0.2664805,0.9592296,0.0334192,0.08803275,-0.3607269,-0.001124005,-0.0005220679,-5.73844
859.4,-6284.464,8416.882,-2562.052,-2.993531,-0.5016689,17.38186,-0.2316962,0.9682259,0.03030545,0.08909,-0.360887,-0.001085156,-0.0006060462,-5.715826
859.6,-6285.064,8416.781,-2558.576,-3.003317,-0.5051053,17.37874,-0.1965942,0.9759644,0.02715783,0.09003767,-0.3610471,-0.001040278,-0.0006869448,-5.693243
859.8,-6285.666,8416.68,-2555.101,-3.013101,-0.5085412,17.37562,-0.1612196,0.9824332,0.02398015,0.09087465,-0.3612074,-0.0009896129,-0.00076433,-5.67066
860,-6286.269,8416.578,-2551.626,-3.022882,-0.5119765,17.3725,-0.1256184,0.9876223,0.02077629,0.09159992,-0.3613677,-0.0009334308,-0.0008377869,-5.648077
860.2,-6286.875,8416.476,-2548.151,-3.03266,-0.5154111,17.36938,-0.0898369,0.9915231,0.01755014,0.09221263,-0.361528,-0.0008720329,-0.0009069209,-5.625494
860.4,-6287.482,8416.372,-2544.678,-3.042435,-0.5188452,17.36626,-0.05392155,0.9941289,0.01430563,0.09271204,-0.3616885,-0.0008057487,-0.0009713604,-5.602911
860.6,-6288.092,8416.268,-2541.205,-3.052208,-0.5222787,17.36315,-0.01791925,0.9954345,0.01104671,0.09309756,-0.361849,-0.0007349343,-0.001030759,-5.580328
860.8,-6288.703,8416.163,-2537.733,-3.061979,-0.5257115,17.36004,0.01812294,0.9954363,0.00777735,0.09336874,-0.3620096,-0.0006599703,-0.001084796,-5.557776
861,-6289.316,8416.058,-2534.261,-3.071747,-0.5291439,17.35693,0.05415777,0.9941326,0.004501541,0.09352525,-0.3621703,-0.0005812601,-0.00113318,-5.535193
861.2,-6289.932,8415.951,-2530.79,-3.081513,-0.5325756,17.35382,0.09013794,0.9915235,0.001223281,0.09356692,-0.362331,-0.0004992277,-0.001175651,-5.51264
861.4,-6290.549,8415.845,-2527.319,-3.091277,-0.5360068,17.35071,0.1260161,0.9876106,-0.002053426,0.09349371,-0.3624918,-0.0004143156,-0.001211979,-5.490088
861.6,-6291.168,8415.737,-2523.85,-3.101039,-0.5394374,17.3476,0.1617448,0.9823972,-0.005324575,0.09330573,-0.3626527,-0.0003269819,-0.001241967,-5.467535
861.8,-6291.79,8415.629,-2520.38,-3.110798,-0.5428675,17.34449,0.197277,0.9758886,-0.008586165,0.09300321,-0.3628137,-0.0002376987,-0.001265453,-5.444983
862,-6292.413,8415.52,-2516.912,-3.120556,-0.546297,17.34139,0.2325654,0.9680914,-0.0118342,0.09258652,-0.3629747,-0.0001469487,-0.001282309,-5.42243
862.2,-6293.038,8415.41,-2513.444,-3.130311,-0.5497259,17.33829,0.2675633,0.9590144,-0.01506471,0.0920562,-0.3631358,-5.522322e-05,-0.001292444,-5.399878
862.4,-6293.665,8415.3,-2509.977,-3.140064,-0.5531543,17.33518,0.3022241,0.9486677,-0.01827373,0.0914129,-0.363297,3.698075e-05,-0.001295802,-5.377356
862.6,-6294.293,8415.188,-2506.51,-3.149815,-0.5565822,17.33208,0.3365014,0.9370633,-0.02145732,0.09065742,-0.3634582,0.0001291631,-0.001292366,-5.354803
862.8,-6294.925,8415.077,-2503.044,-3.159564,-0.5600095,17.32898,0.3703495,0.9242149,-0.02461157,0.0897907,-0.3636196,0.0002208234,-0.001282153,-5.332281
863,-6295.558,8414.965,-2499.578,-3.169311,-0.5634363,17.32589,0.403723,0.9101378,-0.02773261,0.0888138,-0.3637809,0.0003114636,-0.001265218,-5.30976
863.2,-6296.192,8414.852,-2496.113,-3.179056,-0.5668625,17.32279,0.436577,0.8948489,-0.0308166,0.08772794,-0.3639424,0.0004005906,-0.001241653,-5.287238
863.4,-6296.829,8414.738,-2492.649,-3.188799,-0.5702882,17.31969,0.4688673,0.8783671,-0.03385974,0.08653446,-0.3641039,0.0004877192,-0.001211586,-5.264716
863.6,-6297.468,8414.624,-2489.185,-3.19854,-0.5737133,17.3166,0.5005503,0.8607125,-0.03685829,0.08523483,-0.3642656,0.0005723746,-0.001175181,-5.242194
863.8,-6298.108,8414.509,-2485.722,-3.208279,-0.5771379,17.31351,0.531583,0.8419069,-0.03980854,0.08383065,-0.3644273,0.000654095,-0.001132636,-5.219702
864,-6298.751,8414.393,-2482.26,-3.218017,-0.580562,17.31042,0.5619233,0.8219739,-0.04270686,0.08232369,-0.364589,0.0007324341,-0.001084183,-5.19718
864.2,-6299.396,8414.276,-2478.798,-3.227752,-0.5839855,17.30733,0.59153,0.8009385,-0.04554967,0.08071577,-0.3647509,0.0008069638,-0.001030085,-5.174689
864.4,-6300.042,8414.159,-2475.337,-3.237485,-0.5874085,17.30424,0.6203626,0.7788271,-0.04833345,0.07900891,-0.3649127,0.0008772765,-0.0009706401,-5.152197
864.6,-6300.691,8414.041,-2471.876,-3.247217,-0.5908309,17.30115,0.6483816,0.755668,-0.05105477,0.07720522,-0.3650747,0.000942987,-0.0009061717,-5.129706
864.8,-6301.341,8413.923,-2468.417,-3.256946,-0.5942528,17.29807,0.6755486,0.7314904,-0.05371024,0.07530692,-0.3652368,0.001003735,-0.0008370331,-5.107214
865,-6301.994,8413.804,-2464.957,-3.266674,-0.5976743,17.29498,0.7018262,0.7063254,-0.05629659,0.07331638,-0.3653989,0.001059188,-0.0007636034,-5.084723
865.2,-6302.648,8413.684,-2461.499,-3.276399,-0.6010951,17.2919,0.7271779,0.6802052,-0.05881059,0.07123607,-0.3655611,0.00110904,-0.0006862853,-5.062231
865.4,-6303.304,8413.563,-2458.041,-3.286123,-0.6045154,17.28882,0.7515687,0.6531634,-0.06124913,0.06906855,-0.3657234,0.001153018,-0.0006055034,-5.039771
865.6,-6303.962,8413.442,-2454.583,-3.295845,-0.6079352,17.28574,0.7749647,0.6252353,-0.06360918,0.06681654,-0.3658857,0.001190879,-0.0005217016,-5.017279
865.8,-6304.623,8413.32,-2451.126,-3.305565,-0.6113544,17.28266,0.7973331,0.5964568,-0.06588779,0.06448282,-0.3660481,0.001222415,-0.0004353411,-4.994818
866,-6305.285,8413.197,-2447.67,-3.315284,-0.6147732,17.27958,0.8186426,0.5668654,-0.06808215,0.0620703,-0.3662106,0.001247452,-0.0003468973,-4.972357
866.2,-6305.949,8413.074,-2444.214,-3.325,-0.6181914,17.27651,0.8388631,0.5364999,-0.07018949,0.05958199,-0.3663732,0.001265852,-0.000256858,-4.949896
866.4,-6306.614,8412.95,-2440.76,-3.334714,-0.621609,17.27343,0.8579659,0.5054,-0.0722072,0.05702098,-0.3665358,0.001277513,-0.0001657197,-4.927435
866.6,-6307.282,8412.825,-2437.305,-3.344427,-0.6250262,17.27036,0.8759241,0.4736065,-0.07413275,0.05439046,-0.3666985,0.001282369,-7.398591e-05,-4.904974
866.8,-6307.952,8412.7,-2433.851,-3.354137,-0.6284428,17.26729,0.8927116,0.4411613,-0.07596374,0.05169372,-0.3668613,0.001280394,1.783628e-05,-4.882544
867,-6308.624,8412.574,-2430.398,-3.363846,-0.6318588,17.26422,0.9083045,0.4081072,-0.07769786,0.04893412,-0.3670242,0.001271599,0.0001092388,-4.860083
867.2,-6309.298,8412.447,-2426.946,-3.373553,-0.6352744,17.26115,0.9226801,0.3744879,-0.07933295,0.04611512,-0.3671871,0.001256031,0.0001997154,-4.837653
867.4,-6309.974,8412.32,-2423.494,-3.383259,-0.6386894,17.25808,0.9358172,0.3403482,-0.08086695,0.04324023,-0.3673501,0.001233777,0.0002887645,-4.815222
867.6,-6310.651,8412.192,-2420.042,-3.392962,-0.6421039,17.25501,0.9476967,0.3057333,-0.08229792,0.04031306,-0.3675131,0.00120496,0.0003758919,-4.792761
867.8,-6311.331,8412.063,-2416.592,-3.402663,-0.6455179,17.25195,0.9583007,0.2706896,-0.08362408,0.03733727,-0.3676763,0.001169739,0.0004606137,-4.770331
868,-6312.012,8411.934,-2413.142,-3.412363,-0.6489313,17.24888,0.967613,0.2352637,-0.08484374,0.0343166,-0.3678395,0.001128309,0.0005424587,-4.747931
868.2,-6312.696,8411.804,-2409.692,-3.42206,-0.6523442,17.24582,0.9756194,0.1995033,-0.08595536,0.03125484,-0.3680028,0.001080902,0.0006209716,-4.7255
868.4,-6313.381,8411.673,-2406.243,-3.431756,-0.6557566,17.24276,0.9823073,0.1634563,-0.08695753,0.02815583,-0.3681662,0.00102778,0.0006957148,-4.70307
868.6,-6314.068,8411.541,-2402.795,-3.441451,-0.6591685,17.2397,0.9876659,0.1271712,-0.08784898,0.02502346,-0.3683296,0.0009692399,0.0007662717,-4.68067
868.8,-6314.757,8411.409,-2399.347,-3.451143,-0.6625798,17.23664,0.991686,0.09069702,-0.08862858,0.02186169,-0.3684931,0.0009056068,0.0008322483,-4.65827
869,-6315.449,8411.276,-2395.9,-3.460833,-0.6659907,17.23359,0.9943604,0.05408308,-0.08929534,0.01867448,-0.3686567,0.0008372362,0.0008932759,-4.63584
869.2,-6316.142,8411.143,-2392.454,-3.470522,-0.6694009,17.23053,0.9956837,0.017379,-0.08984838,0.01546587,-0.3688203,0.0007645097,0.0009490132,-4.61344
869.4,-6316.837,8411.009,-2389.008,-3.480208,-0.6728107,17.22748,0.9956523,-0.01936536,-0.090287,0.0122399,-0.368984,0.0006878338,0.000999148,-4.59104
869.6,-6317.534,8410.874,-2385.563,-3.489893,-0.6762199,17.22442,0.9942643,-0.05609999,-0.09061064,0.009000638,-0.3691478,0.0006076374,0.001043399,-4.568671
869.8,-6318.233,8410.738,-2382.118,-3.499576,-0.6796287,17.22137,0.9915199,-0.09277475,-0.09081886,0.005752186,-0.3693117,0.0005243697,0.001081519,-4.546271
870,-6318.934,8410.602,-2378.674,-3.509258,-0.6830369,17.21832,0.987421,-0.1293395,-0.09091139,0.002498656,-0.3694756,0.0004384974,0.001113292,-4.523871
870.2,-6319.637,8410.465,-2375.231,-3.518821,-0.6862171,17.21527,0.9819713,-0.1657441,-0.09088808,-0.0007558324,-0.3696396,0.0003505023,0.00113854,-4.501501
870.4,-6320.341,8410.327,-2371.788,-3.528129,-0.6889001,17.21222,0.9751766,-0.2019386,-0.09074896,-0.004007151,-0.3698037,0.0002608786,0.001157122,-4.479132
870.6,-6321.048,8410.189,-2368.346,-3.53721,-0.6911379,17.20917,0.9670442,-0.2378731,-0.09049418,-0.007251174,-0.3699678,0.0001701301,0.00116893,-4.456763
870.8,-6321.756,8410.051,-2364.905,-3.546086,-0.6929784,17.20612,0.9575837,-0.2734981,-0.09012403,-0.01048378,-0.3701321,7.876739e-05,0.001173899,-4.434393
871,-6322.466,8409.912,-2361.464,-3.554779,-0.6944643,17.20307,0.9468061,-0.3087642,-0.08963898,-0.01370085,-0.3702964,-1.269492e-05,0.001172001,-4.412024
871.2,-6323.178,8409.773,-2358.023,-3.56331,-0.6956339,17.20003,0.9347245,-0.3436227,-0.08903961,-0.0168983,-0.3704607,-0.0001037412,0.001163244,-4.389655
871.4,-6323.892,8409.634,-2354.584,-3.571696,-0.6965212,17.19698,0.9213537,-0.378025,-0.08832666,-0.02007204,-0.3706252,-0.0001938577,0.001147679,-4.367285
871.6,-6324.607,8409.494,-2351.145,-3.579952,-0.6971567,17.19394,0.9067104,-0.4119232,-0.08750103,-0.02321803,-0.3707897,-0.0002825355,0.001125392,-4.344946
871.8,-6325.324,8409.355,-2347.706,-3.588091,-0.6975673,17.1909,0.8908131,-0.4452701,-0.08656375,-0.02633224,-0.3709542,-0.0003692731,0.001096509,-4.322577
872,-6326.042,8409.216,-2344.268,-3.596127,-0.6977774,17.18786,0.8736818,-0.4780189,-0.08551598,-0.0294107,-0.3711189,-0.0004535797,0.001061192,-4.300238
872.2,-6326.762,8409.076,-2340.831,-3.60407,-0.6978086,17.18482,0.8553388,-0.5101237,-0.08435904,-0.03244947,-0.3712836,-0.0005349776,0.001019641,-4.277899
872.4,-6327.483,8408.937,-2337.394,-3.611931,-0.6976802,17.18178,0.8358075,-0.5415393,-0.08309439,-0.03544463,-0.3714484,-0.0006130055,0.0009720914,-4.25556
872.6,-6328.207,8408.797,-2333.958,-3.619717,-0.6974093,17.17875,0.8151134,-0.5722215,-0.08172362,-0.03839236,-0.3716133,-0.0006872203,0.0009188114,-4.233221
872.8,-6328.932,8408.657,-2330.523,-3.627437,-0.6970115,17.17571,0.7932836,-0.6021267,-0.08024845,-0.04128886,-0.3717782,-0.0007572005,0.0008601033,-4.210913
873,-6329.658,8408.519,-2327.088,-3.635098,-0.6965003,17.17268,0.7703467,-0.6312127,-0.07867076,-0.0441304,-0.3719432,-0.0008225479,0.0007963003,-4.188574
873.2,-6330.386,8408.379,-2323.654,-3.642705,-0.695888,17.16965,0.746333,-0.6594379,-0.07699253,-0.04691334,-0.3721083,-0.0008828907,0.0007277646,-4.166235
873.4,-6331.115,8408.24,-2320.22,-3.650265,-0.6951856,17.16662,0.7212743,-0.6867622,-0.07521592,-0.04963406,-0.3722735,-0.0009378848,0.0006548859,-4.143927
873.6,-6331.846,8408.101,-2316.787,-3.657783,-0.6944028,17.16359,0.6952041,-0.7131465,-0.07334317,-0.05228906,-0.3724387,-0.0009872166,0.000578079,-4.121619
873.8,-6332.578,8407.962,-2313.355,-3.665263,-0.6935483,17.16057,0.6681571,-0.7385528,-0.07137665,-0.05487491,-0.372604,-0.001030604,0.0004977813,-4.09931
874,-6333.312,8407.823,-2309.923,-3.672709,-0.6926299,17.15754,0.6401696,-0.7629445,-0.06931889,-0.05738826,-0.3727694,-0.001067799,0.0004144508,-4.077002
874.2,-6334.047,8407.685,-2306.492,-3.680124,-0.6916544,17.15452,0.6112794,-0.7862864,-0.0671725,-0.05982583,-0.3729348,-0.00109859,0.0003285632,-4.054694
874.4,-6334.784,8407.547,-2303.061,-3.687511,-0.6906282,17.1515,0.5815253,-0.8085445,-0.06494024,-0.06218448,-0.3731003,-0.001122798,0.0002406091,-4.032385
874.6,-6335.522,8407.409,-2299.631,-3.694874,-0.6895567,17.14848,0.5509478,-0.8296863,-0.06262495,-0.06446112,-0.3732659,-0.001140285,0.0001510915,-4.010107
874.8,-6336.262,8407.271,-2296.202,-3.702215,-0.6884447,17.14546,0.5195883,-0.849681,-0.06022959,-0.0666528,-0.3734316,-0.00115095,6.052301e-05,-3.987799
875,-6337.003,8407.134,-2292.773,-3.709537,-0.6872967,17.14244,0.4874896,-0.868499,-0.05775725,-0.06875663,-0.3735973,-0.001154732,-3.057755e-05,-3.965521
875.2,-6337.746,8406.996,-2289.345,-3.71684,-0.6861165,17.13942,0.4546956,-0.8861125,-0.0552111,-0.07076989,-0.3737631,-0.001151609,-0.0001216876,-3.943243
875.4,-6338.49,8406.859,-2285.917,-3.724124,-0.6843264,17.13641,0.4212511,-0.9024951,-0.05259442,-0.07268992,-0.373929,-0.001141597,-0.0002122842,-3.920966
875.6,-6339.235,8406.723,-2282.49,-3.731387,-0.6814814,17.1334,0.3872021,-0.9176225,-0.04991057,-0.07451421,-0.3740949,-0.001124753,-0.0003018465,-3.898688
875.8,-6339.982,8406.587,-2279.064,-3.738631,-0.6776959,17.13039,0.3525956,-0.9314716,-0.04716301,-0.07624036,-0.374261,-0.001101175,-0.0003898596,-3.87641
876,-6340.73,8406.451,-2275.638,-3.745858,-0.6730714,17.12738,0.3174792,-0.9440214,-0.04435529,-0.07786608,-0.3744271,-0.001070996,-0.0004758166,-3.854132
876.2,-6341.48,8406.317,-2272.213,-3.75307,-0.667699,17.12438,0.2819015,-0.9552525,-0.04149104,-0.07938923,-0.3745932,-0.001034391,-0.0005592222,-3.831885
876.4,-6342.232,8406.185,-2268.788,-3.760268,-0.6616595,17.12137,0.245912,-0.9651474,-0.03857396,-0.08080779,-0.3747595,-0.0009915703,-0.0006395952,-3.809637
876.6,-6342.985,8406.053,-2265.364,-3.767455,-0.6550252,17.11837,0.2095607,-0.9736903,-0.03560784,-0.08211987,-0.3749258,-0.0009427799,-0.0007164716,-3.78736
876.8,-6343.739,8405.923,-2261.941,-3.77463,-0.6478606,17.11537,0.1728982,-0.9808674,-0.03259652,-0.08332372,-0.3750922,-0.0008883014,-0.0007894071,-3.765112
877,-6344.495,8405.794,-2258.518,-3.781794,-0.6402233,17.11238,0.1359758,-0.9866668,-0.02954392,-0.08441773,-0.3752587,-0.0008284496,-0.0008579797,-3.742865
877.2,-6345.251,8405.666,-2255.096,-3.78895,-0.6321645,17.10938,0.0988451,-0.9910785,-0.02645399,-0.08540043,-0.3754252,-0.0007635702,-0.0009217923,-3.720618
877.4,-6346.01,8405.541,-2251.674,-3.796098,-0.6237301,17.10638,0.06155826,-0.9940944,-0.02333078,-0.08627048,-0.3755918,-0.0006940388,-0.000980475,-3.69837
877.6,-6346.77,8405.417,-2248.253,-3.803238,-0.6149608,17.10339,0.02416773,-0.9957083,-0.02017834,-0.08702672,-0.3757585,-0.0006202579,-0.001033687,-3.676154
877.8,-6347.531,8405.295,-2244.833,-3.810371,-0.6058931,17.1004,-0.01327381,-0.9959162,-0.0170008,-0.08766808,-0.3759253,-0.0005426556,-0.00108112,-3.653906
878,-6348.294,8405.175,-2241.413,-3.817498,-0.5965596,17.09741,-0.05071344,-0.9947158,-0.0138023,-0.08819368,-0.3760921,-0.0004616821,-0.001122498,-3.631689
878.2,-6349.059,8405.056,-2237.994,-3.82462,-0.586989,17.09442,-0.08809816,-0.9921069,-0.01058704,-0.08860281,-0.3762591,-0.0003778078,-0.001157579,-3.609473
878.4,-6349.824,8404.939,-2234.575,-3.831736,-0.5772074,17.09143,-0.1253749,-0.9880914,-0.007359222,-0.08889485,-0.3764261,-0.0002915206,-0.00118616,-3.587225
878.6,-6350.591,8404.825,-2231.157,-3.838848,-0.5672379,17.08844,-0.1624907,-0.9826731,-0.004123084,-0.08906937,-0.3765931,-0.0002033226,-0.001208073,-3.565009
878.8,-6351.359,8404.713,-2227.74,-3.845955,-0.5571008,17.08545,-0.1993926,-0.9758577,-0.0008828788,-0.08912611,-0.3767603,-0.0001137279,-0.001223191,-3.542822
879,-6352.129,8404.603,-2224.323,-3.853058,-0.5468146,17.08246,-0.2360279,-0.9676532,0.002357132,-0.08906491,-0.3769275,-2.325892e-05,-0.001231425,-3.520605
879.2,-6352.901,8404.494,-2220.907,-3.860158,-0.5363956,17.07948,-0.2723441,-0.9580693,0.005592681,-0.08888581,-0.3770948,6.75562e-05,-0.001232726,-3.498389
879.4,-6353.673,8404.388,-2217.491,-3.867254,-0.5258585,17.07649,-0.3082891,-0.9471177,0.008819499,-0.08858901,-0.3772622,0.0001581868,-0.001227087,-3.476202
879.6,-6354.448,8404.284,-2214.076,-3.874347,-0.5152163,17.07351,-0.3438113,-0.9348124,0.01203332,-0.08817481,-0.3774296,0.0002481027,-0.00121454,-3.453986
879.8,-6355.223,8404.182,-2210.662,-3.881529,-0.5044527,17.07053,-0.3788593,-0.9211689,0.01522991,-0.08764372,-0.3775971,0.0003367776,-0.001195158,-3.431799
880,-6356,8404.082,-2207.248,-3.88945,-0.4933817,17.06755,-0.4133826,-0.9062051,0.01840501,-0.08699638,-0.3777647,0.0004236917,-0.001169055,-3.409613
880.2,-6356.779,8403.984,-2203.835,-3.89816,-0.4819978,17.06458,-0.4473312,-0.8899404,0.02155443,-0.08623359,-0.3779324,0.0005083353,-0.001136383,-3.387427
880.4,-6357.56,8403.89,-2200.422,-3.907571,-0.470335,17.06161,-0.4806556,-0.8723965,0.02467398,-0.08535631,-0.3781002,0.0005902114,-0.001097334,-3.36524
880.6,-6358.342,8403.796,-2197.01,-3.917608,-0.458424,17.05864,-0.5133074,-0.8535967,0.0277595,-0.08436563,-0.378268,0.0006688389,-0.001052137,-3.343054
880.8,-6359.127,8403.706,-2193.599,-3.928203,-0.4462918,17.05568,-0.545239,-0.8335662,0.03080689,-0.08326282,-0.3784359,0.000743755,-0.001001058,-3.320898
881,-6359.914,8403.618,-2190.188,-3.939296,-0.4339627,17.05272,-0.5764035,-0.8123322,0.03381209,-0.08204927,-0.3786039,0.0008145189,-0.000944396,-3.298712
881.2,-6360.703,8403.532,-2186.778,-3.950831,-0.4214584,17.04975,-0.6067553,-0.7899235,0.03677107,-0.08072654,-0.3787719,0.0008807132,-0.0008824858,-3.276556
881.4,-6361.494,8403.449,-2183.368,-3.962761,-0.408798,17.04679,-0.6362497,-0.7663706,0.03967987,-0.07929634,-0.37894,0.0009419476,-0.000815692,-3.254401
881.6,-6362.288,8403.369,-2179.959,-3.975042,-0.3959988,17.04383,-0.6648431,-0.741706,0.0425346,-0.0777605,-0.3791083,0.0009978603,-0.0007444086,-3.232245
881.8,-6363.084,8403.291,-2176.551,-3.987636,-0.3830761,17.04088,-0.6924933,-0.7159635,0.04533142,-0.07612102,-0.3792765,0.001048121,-0.0006690564,-3.210089
882,-6363.883,8403.216,-2173.143,-4.000509,-0.3700435,17.03792,-0.7191589,-0.6891789,0.04806658,-0.07438003,-0.3794449,0.001092432,-0.000590081,-3.187933
882.2,-6364.684,8403.143,-2169.736,-4.01363,-0.3569133,17.03496,-0.7448006,-0.6613894,0.05073637,-0.07253978,-0.3796133,0.001130531,-0.0005079494,-3.165778
882.4,-6365.488,8403.073,-2166.329,-4.026973,-0.3436963,17.032,-0.7693797,-0.6326336,0.05333721,-0.07060269,-0.3797818,0.001162191,-0.0004231483,-3.143652
882.6,-6366.295,8403.006,-2162.923,-4.040512,-0.3304022,17.02905,-0.7928594,-0.6029518,0.05586556,-0.06857128,-0.3799504,0.001187226,-0.0003361802,-3.121497
882.8,-6367.104,8402.94,-2159.517,-4.054226,-0.3170396,17.02609,-0.8152044,-0.5723857,0.05831802,-0.06644823,-0.3801191,0.001205486,-0.0002475611,-3.099371
883,-6367.917,8402.879,-2156.112,-4.068097,-0.3036163,17.02313,-0.8363807,-0.5409783,0.06069124,-0.06423631,-0.3802878,0.001216862,-0.0001578175,-3.077216
883.2,-6368.731,8402.819,-2152.708,-4.082105,-0.290139,17.02018,-0.8563562,-0.5087739,0.06298199,-0.06193845,-0.3804566,0.001221286,-6.748278e-05,-3.05509
883.4,-6369.549,8402.763,-2149.304,-4.096237,-0.2766139,17.01723,-0.8751003,-0.4758182,0.06518716,-0.05955767,-0.3806255,0.001218731,2.290546e-05,-3.032965
883.6,-6370.37,8402.709,-2145.901,-4.110479,-0.2630464,17.01427,-0.8925843,-0.4421578,0.06730372,-0.05709713,-0.3807945,0.001209214,0.0001128088,-3.01087
883.8,-6371.194,8402.657,-2142.499,-4.124818,-0.2494415,17.01132,-0.9087809,-0.4078407,0.06932877,-0.05456007,-0.3809635,0.001192789,0.0002016914,-2.988745
884,-6372.02,8402.608,-2139.097,-4.139244,-0.2358034,17.00836,-0.9236649,-0.372916,0.07125954,-0.05194987,-0.3811326,0.001169554,0.0002890226,-2.96662
884.2,-6372.849,8402.563,-2135.695,-4.153746,-0.222136,17.00541,-0.9372131,-0.3374335,0.07309336,-0.04927,-0.3813018,0.001139649,0.0003742809,-2.944525
884.4,-6373.682,8402.52,-2132.294,-4.168317,-0.2084428,17.00246,-0.9494039,-0.3014442,0.07482771,-0.04652402,-0.3814711,0.001103251,0.0004569565,-2.9224
884.6,-6374.517,8402.479,-2128.894,-4.182948,-0.1947269,16.99951,-0.9602177,-0.2649998,0.07646016,-0.04371559,-0.3816404,0.001060577,0.0005365545,-2.900305
884.8,-6375.354,8402.442,-2125.495,-4.197633,-0.1809908,16.99656,-0.9696368,-0.2281528,0.07798846,-0.04084848,-0.3818098,0.001011883,0.0006125981,-2.87821
885,-6376.196,8402.407,-2122.095,-4.212366,-0.1672372,16.99361,-0.9776458,-0.1909564,0.07941046,-0.03792651,-0.3819793,0.0009574612,0.0006846312,-2.856116
885.2,-6377.04,8402.375,-2118.697,-4.22714,-0.1534682,16.99066,-0.9842309,-0.1534646,0.08072418,-0.0349536,-0.3821489,0.0008976366,0.0007522216,-2.834021
885.4,-6377.887,8402.346,-2115.299,-4.241952,-0.1396857,16.98771,-0.9893807,-0.1157317,0.08192776,-0.03193374,-0.3823185,0.0008327683,0.0008149628,-2.811957
885.6,-6378.736,8402.319,-2111.902,-4.256797,-0.1258914,16.98477,-0.9930858,-0.07781257,0.08301949,-0.028871,-0.3824882,0.0007632459,0.0008724778,-2.789862
885.8,-6379.589,8402.296,-2108.505,-4.271671,-0.1120869,16.98182,-0.9953387,-0.03976254,0.08399781,-0.0257695,-0.382658,0.0006894874,0.0009244199,-2.767798
886,-6380.445,8402.274,-2105.109,-4.28657,-0.09827361,16.97888,-0.9961343,-0.001637186,0.08486132,-0.02263342,-0.3828279,0.0006119364,0.0009704762,-2.745703
886.2,-6381.304,8402.256,-2101.714,-4.301492,-0.08445266,16.97594,-0.9954694,0.03650766,0.08560877,-0.01946701,-0.3829978,0.0005310601,0.001010369,-2.723639
886.4,-6382.166,8402.24,-2098.319,-4.316434,-0.07062518,16.97299,-0.9933431,0.07461602,0.08623904,-0.01627455,-0.3831678,0.000447346,0.001043856,-2.701575
886.6,-6383.03,8402.228,-2094.925,-4.331393,-0.05679213,16.97005,-0.9897564,0.1126319,0.0867512,-0.01306036,-0.3833379,0.0003612991,0.001070736,-2.67951
886.8,-6383.898,8402.218,-2091.531,-4.346367,-0.0429544,16.96711,-0.9847128,0.1504991,0.08714447,-0.009828815,-0.3835081,0.0002734393,0.001090846,-2.657446
887,-6384.769,8402.211,-2088.138,-4.361355,-0.02911274,16.96417,-0.9782177,0.1881618,0.08741822,-0.00658431,-0.3836783,0.0001842977,0.001104062,-2.635382
887.2,-6385.643,8402.206,-2084.745,-4.376355,-0.01526784,16.96124,-0.9702787,0.2255643,0.08757199,-0.003331265,-0.3838486,9.441372e-05,0.001110306,-2.613348
887.4,-6386.52,8402.205,-2081.353,-4.391364,-0.001420318,16.9583,-0.9609057,0.2626509,0.08760548,-7.411762e-05,-0.384019,4.331796e-06,0.001109538,-2.591284
887.6,-6387.399,8402.206,-2077.962,-4.406382,0.01242928,16.95536,-0.9501106,0.2993666,0.08751854,0.003182678,-0.3841894,-8.54019e-05,0.001101763,-2.56925
887.8,-6388.282,8402.21,-2074.571,-4.421407,0.02628048,16.95243,-0.9379072,0.3356566,0.08731122,0.006434663,-0.38436,-0.0001742428,0.001087026,-2.547217
888,-6389.168,8402.216,-2071.181,-4.436439,0.04013284,16.9495,-0.9243121,0.3714666,0.0869837,0.009677377,-0.3845306,-0.0002616512,0.001065417,-2.525183
888.2,-6390.057,8402.226,-2067.791,-4.451476,0.05398596,16.94657,-0.9093431,0.4067431,0.08653634,0.01290636,-0.3847013,-0.0003470957,0.001037067,-2.503149
888.4,-6390.949,8402.238,-2064.402,-4.466517,0.06783953,16.94364,-0.8930209,0.441433,0.08596965,0.01611718,-0.384872,-0.0004300562,0.001002148,-2.481116
888.6,-6391.843,8402.253,-2061.014,-4.481563,0.08169321,16.94071,-0.8753678,0.4754842,0.08528432,0.0193054,-0.3850428,-0.0005100273,0.0009608708,-2.459082
888.8,-6392.741,8402.271,-2057.626,-4.496611,0.09554675,16.93778,-0.8564081,0.5088452,0.08448119,0.02246661,-0.3852137,-0.0005865213,0.0009134873,-2.437079
889,-6393.642,8402.291,-2054.239,-4.511662,0.1093999,16.93485,-0.8361682,0.5414656,0.08356129,0.02559645,-0.3853847,-0.0006590714,0.0008602859,-2.415045
889.2,-6394.546,8402.314,-2050.852,-4.526714,0.1232524,16.93192,-0.8146767,0.573296,0.08252577,0.02869058,-0.3855557,-0.0007272341,0.0008015908,-2.393042
889.4,-6395.453,8402.341,-2047.466,-4.541769,0.1371042,16.929,-0.7919638,0.6042877,0.08137598,0.0317447,-0.3857269,-0.0007905925,0.00073776,-2.371039
889.6,-6396.362,8402.369,-2044.081,-4.556824,0.150955,16.92607,-0.7680616,0.6343938,0.0801134,0.03475455,-0.3858981,-0.0008487588,0.0006691836,-2.349036
889.8,-6397.275,8402.4,-2040.696,-4.571879,0.1648046,16.92315,-0.7430042,0.6635679,0.07873968,0.03771594,-0.3860694,-0.0009013764,0.0005962807,-2.327032
890,-6398.191,8402.436,-2037.311,-4.586936,0.178653,16.92023,-0.7168275,0.6917654,0.07725664,0.04062474,-0.3862407,-0.0009481224,0.0005194977,-2.305029
890.2,-6399.11,8402.473,-2033.927,-4.601991,0.1925,16.91731,-0.689569,0.718943,0.07566623,0.04347688,-0.3864121,-0.0009887096,0.0004393049,-2.283026
890.4,-6400.032,8402.512,-2030.544,-4.617047,0.2063456,16.91439,-0.6612681,0.7450585,0.07397056,0.04626834,-0.3865836,-0.001022888,0.0003561942,-2.261053
890.6,-6400.957,8402.555,-2027.162,-4.632102,0.2201895,16.91148,-0.6319656,0.7700716,0.0721719,0.04899521,-0.3867552,-0.001050448,0.0002706758,-2.23905
890.8,-6401.885,8402.601,-2023.78,-4.647157,0.2340318,16.90856,-0.6017041,0.7939432,0.07027264,0.05165365,-0.3869268,-0.001071219,0.0001832752,-2.217078
891,-6402.816,8402.648,-2020.398,-4.66221,0.2478723,16.90565,-0.5705278,0.8166361,0.06827534,0.0542399,-0.3870986,-0.001085073,9.452994e-05,-2.195074
891.2,-6403.75,8402.699,-2017.017,-4.677262,0.261711,16.90273,-0.538482,0.8381148,0.0661827,0.05675029,-0.3872704,-0.001091923,4.986423e-06,-2.173102
891.4,-6404.687,8402.753,-2013.637,-4.692313,0.2755479,16.89982,-0.5056139,0.8583452,0.06399753,0.05918128,-0.3874422,-0.001091727,-8.480353e-05,-2.151129
891.6,-6405.627,8402.81,-2010.258,-4.707363,0.2893828,16.89691,-0.4719715,0.8772954,0.0617228,0.06152939,-0.3876142,-0.001084485,-0.000174286,-2.129187
891.8,-6406.57,8402.869,-2006.878,-4.722411,0.3032158,16.894,-0.4376046,0.8949353,0.0593616,0.06379128,-0.3877862,-0.001070242,-0.0002629086,-2.107214
892,-6407.516,8402.931,-2003.5,-4.737457,0.3170467,16.89109,-0.4025639,0.9112363,0.05691714,0.0659637,-0.3879583,-0.001049086,-0.0003501236,-2.085242
892.2,-6408.465,8402.995,-2000.122,-4.752501,0.3308756,16.88818,-0.3669012,0.9261723,0.05439277,0.06804354,-0.3881305,-0.001021145,-0.0004353913,-2.0633
892.4,-6409.417,8403.063,-1996.745,-4.767544,0.3447024,16.88527,-0.3306695,0.9397188,0.05179194,0.07002782,-0.3883027,-0.0009865926,-0.0005181839,-2.041327
892.6,-6410.372,8403.134,-1993.368,-4.782586,0.3585271,16.88237,-0.2939228,0.9518536,0.04911821,0.07191364,-0.3884751,-0.0009456426,-0.0005979882,-2.019385
892.8,-6411.33,8403.207,-1989.992,-4.797625,0.3723496,16.87947,-0.2567157,0.9625564,0.04637528,0.0736983,-0.3886475,-0.0008985483,-0.000674309,-1.997443
893,-6412.291,8403.282,-1986.616,-4.812661,0.38617,16.87656,-0.2191041,0.9718093,0.0435669,0.07537917,-0.38882,-0.0008456015,-0.0007466726,-1.9755
893.2,-6413.255,8403.361,-1983.241,-4.827696,0.3999883,16.87366,-0.1811443,0.9795961,0.04069698,0.07695381,-0.3889925,-0.0007871307,-0.0008146289,-1.953558
893.4,-6414.222,8403.442,-1979.867,-4.842729,0.4138043,16.87076,-0.1428932,0.9859033,0.03776947,0.07841989,-0.3891652,-0.0007234989,-0.0008777552,-1.931647
893.6,-6415.192,8403.526,-1976.493,-4.857759,0.4276181,16.86786,-0.1044085,0.9907192,0.03478844,0.07977524,-0.3893379,-0.0006551018,-0.0009356583,-1.909705
893.8,-6416.165,8403.613,-1973.12,-4.872788,0.4414296,16.86497,-0.0657482,0.9940346,0.03175804,0.08101787,-0.3895107,-0.0005823652,-0.0009879774,-1.887762
894,-6417.141,8403.703,-1969.747,-4.887814,0.4552389,16.86207,-0.02697087,0.9958423,0.02868247,0.08214588,-0.3896836,-0.0005057421,-0.001034386,-1.865851
894.2,-6418.12,8403.796,-1966.375,-4.902838,0.469046,16.85917,0.01186474,0.9961377,0.02556604,0.08315759,-0.3898565,-0.0004257105,-0.001074593,-1.843939
894.4,-6419.102,8403.891,-1963.003,-4.91786,0.4828508,16.85628,0.05069964,0.9949183,0.02241311,0.08405145,-0.3900296,-0.0003427698,-0.001108349,-1.822028
894.6,-6420.087,8403.988,-1959.632,-4.932878,0.4966533,16.85339,0.0894747,0.992184,0.01922808,0.08482607,-0.3902027,-0.0002574385,-0.001135441,-1.800116
894.8,-6421.075,8404.09,-1956.262,-4.947896,0.5104535,16.8505,0.1281307,0.9879368,0.01601544,0.08548024,-0.3903759,-0.0001702502,-0.0011557,-1.778204
895,-6422.066,8404.192,-1952.892,-4.96291,0.5242515,16.8476,0.1666086,0.9821813,0.0127797,0.0860129,-0.3905491,-8.175079e-05,-0.001168998,-1.756293
895.2,-6423.061,8404.299,-1949.523,-4.977922,0.5380471,16.84472,0.2048494,0.9749241,0.009525423,0.08642318,-0.3907225,7.505124e-06,-0.001175252,-1.734412
895.4,-6424.058,8404.408,-1946.154,-4.992932,0.5518405,16.84183,0.2427944,0.9661744,0.006257205,0.08671036,-0.3908959,9.695765e-05,-0.001174422,-1.7125
895.6,-6425.058,8404.52,-1942.786,-5.00794,0.5656315,16.83894,0.280385,0.9559436,0.002979671,0.08687392,-0.3910694,0.0001860451,-0.001166513,-1.690619
895.8,-6426.061,8404.635,-1939.419,-5.022945,0.5794203,16.83606,0.3175633,0.9442455,-0.0003025318,0.08691348,-0.391243,0.0002742077,-0.001151574,-1.668707
896,-6427.067,8404.752,-1936.052,-5.037948,0.5932067,16.83317,0.3542718,0.9310958,-0.00358474,0.08682886,-0.3914166,0.0003608906,-0.001129699,-1.646826
896.2,-6428.076,8404.872,-1932.685,-5.052948,0.6069908,16.83029,0.3904536,0.9165129,-0.006862283,0.08662004,-0.3915904,0.0004455482,-0.001101026,-1.624945
896.4,-6429.088,8404.994,-1929.319,-5.067945,0.6207727,16.82741,0.4260524,0.9005172,-0.01013048,0.08628719,-0.3917642,0.0005276469,-0.001065734,-1.603064
896.6,-6430.103,8405.12,-1925.954,-5.082941,0.6345521,16.82453,0.4610128,0.8831314,-0.01338467,0.08583065,-0.3919381,0.0006066686,-0.001024047,-1.581213
896.8,-6431.121,8405.248,-1922.59,-5.097934,0.6483293,16.82165,0.4952801,0.8643805,-0.01662018,0.08525094,-0.392112,0.0006821143,-0.0009762266,-1.559332
897,-6432.142,8405.379,-1919.226,-5.112924,0.6621042,16.81877,0.5288008,0.8442914,-0.01983237,0.08454873,-0.3922861,0.0007535073,-0.0009225751,-1.537482
897.2,-6433.167,8405.513,-1915.862,-5.127912,0.6758767,16.81589,0.5615221,0.8228933,-0.02301663,0.08372492,-0.3924602,0.0008203957,-0.0008634317,-1.515601
897.4,-6434.193,8405.649,-1912.499,-5.142898,0.6896469,16.81302,0.5933926,0.8002173,-0.02616835,0.08278055,-0.3926344,0.000882356,-0.0007991705,-1.49375
897.6,-6435.224,8405.789,-1909.137,-5.157881,0.7034148,16.81014,0.624362,0.776297,-0.029283,0.08171681,-0.3928087,0.0009389953,-0.0007301986,-1.471899
897.8,-6436.256,8405.931,-1905.775,-5.172862,0.7171804,16.80727,0.6543812,0.7511674,-0.03235605,0.08053512,-0.392983,0.0009899541,-0.0006569531,-1.450049
898,-6437.292,8406.076,-1902.414,-5.18784,0.7309436,16.8044,0.6834025,0.7248659,-0.03538305,0.07923703,-0.3931575,0.001034909,-0.0005798988,-1.428198
898.2,-6438.332,8406.224,-1899.053,-5.202816,0.7447045,16.80153,0.7113798,0.6974315,-0.03835959,0.07782428,-0.393332,0.001073574,-0.0004995252,-1.406348
898.4,-6439.374,8406.374,-1895.693,-5.217789,0.7584631,16.79866,0.7382683,0.6689053,-0.04128135,0.07629876,-0.3935066,0.001105702,-0.0004163433,-1.384497
898.6,-6440.419,8406.526,-1892.334,-5.232759,0.7722194,16.79579,0.7640249,0.6393299,-0.04414404,0.07466254,-0.3936813,0.00113109,-0.0003308824,-1.362677
898.8,-6441.467,8406.683,-1888.975,-5.247728,0.7859734,16.79292,0.7886081,0.6087499,-0.04694347,0.07291786,-0.393856,0.001149575,-0.000243687,-1.340826
899,-6442.518,8406.841,-1885.617,-5.262694,0.799725,16.79005,0.8119783,0.5772115,-0.04967553,0.0710671,-0.3940309,0.001161038,-0.000155313,-1.319006
899.2,-6443.572,8407.003,-1882.259,-5.277657,0.8134743,16.78719,0.8340974,0.5447623,-0.05233619,0.06911281,-0.3942058,0.001165407,-6.63245e-05,-1.297186
899.4,-6444.629,8407.167,-1878.902,-5.292618,0.8272213,16.78433,0.8549294,0.5114515,-0.05492153,0.06705769,-0.3943808,0.001162653,2.27101e-05,-1.275366
899.6,-6445.689,8407.333,-1875.545,-5.307577,0.8409659,16.78146,0.8744401,0.47733,-0.05742771,0.06490459,-0.3945558,0.001152793,0.0001112214,-1.253546
899.8,-6446.752,8407.503,-1872.189,-5.322533,0.8547083,16.7786,0.8925974,0.4424498,-0.05985101,0.06265653,-0.394731,0.001135891,0.000198643,-1.231726
900,-6447.818,8407.675,-1868.834,-5.337486,0.8684483,16.77574,0.9093713,0.4068642,-0.06218782,0.06031663,-0.3949062,0.001112053,0.0002844146,-1.209906
900.2,-6448.887,8407.851,-1865.479,-5.352437,0.882186,16.77288,0.9247335,0.3706279,-0.06443464,0.05788819,-0.3950815,0.001081433,0.0003679864,-1.188116
900.4,-6449.959,8408.028,-1862.125,-5.367385,0.8959213,16.77003,0.9386583,0.3337967,-0.0665881,0.05537463,-0.3952569,0.001044227,0.0004488217,-1.166296
900.6,-6451.034,8408.209,-1858.771,-5.382332,0.9096544,16.76717,0.951122,0.2964273,-0.06864495,0.05277949,-0.3954324,0.001000673,0.0005264013,-1.144507
900.8,-6452.112,8408.392,-1855.418,-5.397275,0.9233852,16.76431,0.9621031,0.2585774,-0.07060208,0.05010645,-0.3956079,0.0009510503,0.000600226,-1.122717
901,-6453.193,8408.578,-1852.065,-5.412217,0.9371136,16.76146,0.9715825,0.2203058,-0.07245652,0.04735931,-0.3957835,0.000895679,0.0006698208,-1.100928
901.2,-6454.277,8408.767,-1848.713,-5.427155,0.9508397,16.75861,0.9795432,0.1816719,-0.07420544,0.04454197,-0.3959592,0.0008349148,0.000734737,-1.079138
901.4,-6455.364,8408.958,-1845.362,-5.442091,0.9645635,16.75576,0.9859708,0.1427358,-0.07584614,0.04165848,-0.3961349,0.000769149,0.0007945559,-1.057349
901.6,-6456.454,8409.152,-1842.011,-5.457026,0.978285,16.75291,0.9908531,0.1035583,-0.0773761,0.03871294,-0.3963108,0.0006988058,0.0008488911,-1.035559
901.8,-6457.546,8409.35,-1838.661,-5.471957,0.9920042,16.75006,0.9941804,0.06420063,-0.07879294,0.0357096,-0.3964867,0.0006243389,0.0008973914,-1.0138
902,-6458.643,8409.55,-1835.311,-5.486886,1.005721,16.74721,0.9959455,0.02472447,-0.08009445,0.03265278,-0.3966627,0.0005462295,0.0009397428,-0.9920105
902.2,-6459.741,8409.752,-1831.962,-5.501791,1.019431,16.74436,0.9961433,-0.01480816,-0.08127856,0.02954688,-0.3968388,0.0004649827,0.0009756709,-0.9702515
902.4,-6460.843,8409.957,-1828.613,-5.515163,1.03281,16.74151,0.9947716,-0.05433502,-0.08234339,0.0263964,-0.3970149,0.0003811241,0.001004943,-0.9484924
902.6,-6461.947,8410.165,-1825.265,-5.526259,1.045698,16.73864,0.9918303,-0.09379376,-0.08328722,0.0232059,-0.3971912,0.0002951972,0.001027368,-0.9267334
902.8,-6463.053,8410.375,-1821.918,-5.535332,1.058149,16.73576,0.9873222,-0.133122,-0.08410851,0.01998002,-0.3973674,0.0002077591,0.0010428,-0.9049744
903,-6464.161,8410.588,-1818.571,-5.542603,1.070212,16.73289,0.9812521,-0.1722573,-0.08480589,0.01672346,-0.3975438,0.0001193772,0.001051139,-0.8832153
903.2,-6465.271,8410.804,-1815.225,-5.548275,1.081928,16.73001,0.9736276,-0.2111377,-0.08537816,0.01344098,-0.3977203,3.062594e-05,0.00105233,-0.8614563
903.4,-6466.38,8411.021,-1811.879,-5.552521,1.093337,16.72714,0.9644588,-0.2497011,-0.08582433,0.01013737,-0.3978968,-5.791766e-05,0.001046364,-0.8397278
903.6,-6467.491,8411.241,-1808.534,-5.555501,1.104472,16.72428,0.9537581,-0.2878861,-0.08614356,0.006817481,-0.3980735,-0.0001456772,0.00103328,-0.8179687
903.8,-6468.603,8411.463,-1805.189,-5.557353,1.115363,16.72141,0.9415403,-0.3256316,-0.08633521,0.003486195,-0.3982501,-0.000232081,0.001013161,-0.7962402
904,-6469.714,8411.687,-1801.845,-5.558204,1.126036,16.71856,0.9278229,-0.3628771,-0.08639883,0.00014842,-0.3984269,-0.0003165653,0.0009861401,-0.7744812
904.2,-6470.826,8411.913,-1798.502,-5.558163,1.136516,16.7157,0.9126258,-0.3995627,-0.08633415,-0.003190915,-0.3986038,-0.0003985788,0.0009523912,-0.7527527
904.4,-6471.938,8412.142,-1795.159,-5.55733,1.146824,16.71286,0.8959711,-0.4356294,-0.0861411,-0.006526868,-0.3987807,-0.0004775856,0.0009121346,-0.7310242
904.6,-6473.049,8412.372,-1791.817,-5.555792,1.156979,16.71001,0.8778833,-0.471019,-0.08581978,-0.009854487,-0.3989577,-0.0005530688,0.0008656327,-0.7092957
904.8,-6474.16,8412.604,-1788.475,-5.553627,1.166997,16.70717,0.8583893,-0.5056741,-0.08537049,-0.01316882,-0.3991348,-0.0006245342,0.0008131894,-0.6875977
905,-6475.27,8412.839,-1785.134,-5.550905,1.176894,16.70433,0.8375184,-0.5395386,-0.08479372,-0.01646494,-0.3993119,-0.0006915135,0.0007551473,-0.6658691
905.2,-6476.38,8413.075,-1781.793,-5.547688,1.186682,16.7015,0.8153021,-0.5725572,-0.08409017,-0.0197379,-0.3994891,-0.0007535671,0.0006918864,-0.6441406
905.4,-6477.489,8413.313,-1778.453,-5.544029,1.196374,16.69867,0.791774,-0.6046762,-0.08326068,-0.02298282,-0.3996664,-0.0008102878,0.0006238212,-0.6224426
905.6,-6478.598,8413.554,-1775.114,-5.539979,1.20598,16.69584,0.76697,-0.6358432,-0.08230633,-0.02619481,-0.3998438,-0.0008613024,0.000551398,-0.6007446
905.8,-6479.705,8413.796,-1771.775,-5.535581,1.215509,16.69301,0.7409281,-0.6660067,-0.08122835,-0.02936904,-0.4000213,-0.0009062752,0.0004750924,-0.5790466
906,-6480.812,8414.04,-1768.437,-5.530873,1.224969,16.69019,0.7136884,-0.6951173,-0.0800282,-0.03250071,-0.4001988,-0.0009449099,0.0003954058,-0.5573486
906.2,-6481.917,8414.286,-1765.099,-5.52589,1.234369,16.68736,0.6852929,-0.7231269,-0.07870748,-0.0355851,-0.4003764,-0.0009769517,0.0003128625,-0.5356506
906.4,-6483.022,8414.533,-1761.762,-5.520663,1.243714,16.68454,0.6557856,-0.749989,-0.077268,-0.03861752,-0.4005542,-0.001002189,0.0002280058,-0.5139526
906.6,-6484.125,8414.783,-1758.425,-5.515218,1.253011,16.68172,0.6252126,-0.7756591,-0.07571173,-0.04159335,-0.4007319,-0.001020454,0.0001413952,-0.4922546
906.8,-6485.228,8415.035,-1755.089,-5.50958,1.262265,16.6789,0.5936213,-0.8000942,-0.07404086,-0.04450805,-0.4009098,-0.001031626,5.360206e-05,-0.4705872
907,-6486.33,8415.288,-1751.753,-5.503771,1.271479,16.67609,0.5610614,-0.8232535,-0.07225771,-0.04735717,-0.4010877,-0.001035631,-3.479388e-05,-0.4488892
907.2,-6487.43,8415.543,-1748.418,-5.497479,1.281402,16.67327,0.527584,-0.8450978,-0.07036479,-0.05013633,-0.4012657,-0.001032441,-0.0001232083,-0.4272217
907.4,-6488.528,8415.801,-1745.084,-5.48991,1.293868,16.67048,0.4932417,-0.8655904,-0.06836479,-0.05284126,-0.4014438,-0.001022077,-0.0002110562,-0.4055542
907.6,-6489.625,8416.062,-1741.75,-5.481158,1.308698,16.6677,0.4580889,-0.8846962,-0.06626057,-0.05546776,-0.401622,-0.001004607,-0.0002977558,-0.3838867
907.8,-6490.721,8416.324,-1738.417,-5.471357,1.325629,16.66494,0.4221812,-0.9023827,-0.06405513,-0.05801178,-0.4018002,-0.0009801463,-0.0003827324,-0.3622192
908,-6491.814,8416.592,-1735.084,-5.460622,1.344426,16.66218,0.3855756,-0.9186195,-0.06175166,-0.06046936,-0.4019785,-0.0009488564,-0.0004654221,-0.3405518
908.2,-6492.905,8416.862,-1731.752,-5.449058,1.364883,16.65944,0.3483304,-0.9333781,-0.05935347,-0.06283665,-0.4021569,-0.0009109444,-0.0005452757,-0.3188843
908.4,-6493.994,8417.138,-1728.421,-5.436756,1.386814,16.65669,0.310505,-0.9466329,-0.05686405,-0.06510996,-0.4023354,-0.0008666619,-0.0006217623,-0.2972473
908.6,-6495.08,8417.417,-1725.089,-5.423799,1.410057,16.65396,0.27216,-0.9583603,-0.05428703,-0.0672857,-0.402514,-0.0008163028,-0.000694373,-0.2755798
908.8,-6496.163,8417.701,-1721.759,-5.41026,1.434463,16.65122,0.2333568,-0.9685394,-0.05162617,-0.06936043,-0.4026926,-0.0007602021,-0.0007626241,-0.2539429
909,-6497.244,8417.991,-1718.429,-5.396204,1.459904,16.64849,0.1941578,-0.9771514,-0.04888538,-0.07133086,-0.4028713,-0.0006987329,-0.0008260605,-0.2322754
909.2,-6498.321,8418.285,-1715.099,-5.381689,1.486265,16.64575,0.1546261,-0.9841805,-0.04606868,-0.07319383,-0.4030502,-0.0006323049,-0.0008842589,-0.2106384
909.4,-6499.396,8418.586,-1711.771,-5.366765,1.513442,16.64302,0.1148256,-0.9896129,-0.04318023,-0.07494637,-0.403229,-0.0005613611,-0.0009368305,-0.1890015
909.6,-6500.468,8418.891,-1708.442,-5.351479,1.541344,16.64028,0.07482062,-0.9934377,-0.04022432,-0.07658563,-0.403408,-0.0004863753,-0.0009834237,-0.1673645
909.8,-6501.537,8419.202,-1705.115,-5.335871,1.56989,16.63754,0.03467614,-0.9956467,-0.03720533,-0.07810895,-0.403587,-0.0004078484,-0.001023726,-0.1457581
910,-6502.603,8419.52,-1701.787,-5.319977,1.599008,16.6348,-0.005542622,-0.996234,-0.03412777,-0.07951383,-0.4037662,-0.0003263059,-0.001057469,-0.1241211
910.2,-6503.665,8419.842,-1698.461,-5.303829,1.628633,16.63206,-0.04577014,-0.9951965,-0.03099622,-0.08079795,-0.4039454,-0.0002422938,-0.001084424,-0.1024841
910.4,-6504.724,8420.171,-1695.135,-5.287457,1.65871,16.62931,-0.08594074,-0.9925337,-0.02781538,-0.08195915,-0.4041246,-0.0001563752,-0.001104412,-0.08087769
910.6,-6505.78,8420.505,-1691.809,-5.270884,1.689186,16.62656,-0.1259887,-0.9882479,-0.02459003,-0.08299547,-0.404304,-6.912652e-05,-0.001117297,-0.05927124
910.8,-6506.833,8420.847,-1688.484,-5.254135,1.720016,16.62381,-0.1658483,-0.9823439,-0.02132502,-0.08390514,-0.4044835,1.886625e-05,-0.001122993,-0.03763428
911,-6507.881,8421.193,-1685.159,-5.237227,1.751162,16.62105,-0.205454,-0.9748292,-0.01802529,-0.08468655,-0.404663,0.0001070116,-0.001121461,-0.01602783
911.2,-6508.927,8421.547,-1681.835,-5.220181,1.782586,16.6183,-0.2447407,-0.9657139,-0.01469584,-0.08533832,-0.4048426,0.0001947165,-0.001112711,0.005578613
911.4,-6509.97,8421.906,-1678.512,-5.203012,1.814258,16.61554,-0.2836433,-0.955011,-0.01134171,-0.08585923,-0.4050223,0.0002813902,-0.001096802,0.02718506
911.6,-6511.008,8422.272,-1675.189,-5.185918,1.845883,16.61277,-0.3220976,-0.9427359,-0.007968024,-0.08624827,-0.4052021,0.0003664483,-0.00107384,0.04876099
911.8,-6512.044,8422.645,-1671.867,-5.169524,1.876565,16.60998,-0.3600398,-0.9289065,-0.004579918,-0.08650464,-0.4053819,0.000449317,-0.00104398,0.07036743
912,-6513.076,8423.023,-1668.545,-5.153803,1.906333,16.60717,-0.3974068,-0.9135437,-0.00118258,-0.08662773,-0.4055619,0.0005294365,-0.001007423,0.09194336
912.2,-6514.105,8423.407,-1665.224,-5.138681,1.935288,16.60436,-0.4341362,-0.8966707,0.002218776,-0.08661712,-0.4057419,0.0006062651,-0.0009644174,0.1135498
912.4,-6515.132,8423.797,-1661.904,-5.124092,1.96352,16.60154,-0.4701668,-0.8783132,0.005618919,-0.08647263,-0.405922,0.0006792829,-0.0009152525,0.1351257
912.6,-6516.155,8424.192,-1658.583,-5.109976,1.991108,16.59871,-0.5054382,-0.8584996,0.009012604,-0.08619425,-0.4061022,0.0007479954,-0.0008602613,0.1567017
912.8,-6517.176,8424.594,-1655.264,-5.096282,2.018125,16.59589,-0.5398911,-0.8372606,0.01239458,-0.08578219,-0.4062824,0.0008119365,-0.0007998163,0.1782776
913,-6518.194,8425,-1651.945,-5.082962,2.044633,16.59306,-0.5734677,-0.8146294,0.01575961,-0.08523688,-0.4064628,0.0008706724,-0.0007343275,0.1998535
913.2,-6519.209,8425.411,-1648.627,-5.069974,2.070689,16.59024,-0.606111,-0.7906417,0.01910246,-0.08455893,-0.4066432,0.0009238039,-0.0006642392,0.2214294
913.4,-6520.222,8425.828,-1645.309,-5.057283,2.096342,16.58742,-0.6377661,-0.7653352,0.02241792,-0.08374918,-0.4068237,0.0009709698,-0.0005900278,0.2430054
913.6,-6521.232,8426.25,-1641.992,-5.044856,2.121637,16.58461,-0.6683789,-0.7387502,0.02570081,-0.08280864,-0.4070043,0.001011849,-0.0005121979,0.2645508
913.8,-6522.24,8426.677,-1638.675,-5.032661,2.146613,16.5818,-0.6978976,-0.710929,0.02894597,-0.08173858,-0.4071849,0.001046163,-0.0004312793,0.2860962
914,-6523.245,8427.108,-1635.359,-5.020676,2.171305,16.57899,-0.7262715,-0.6819161,0.03214831,-0.08054044,-0.4073657,0.001073677,-0.0003478234,0.3076721
914.2,-6524.248,8427.545,-1632.044,-5.008875,2.195745,16.57619,-0.7534519,-0.6517581,0.03530279,-0.07921585,-0.4075465,0.001094204,-0.0002623994,0.3292175
914.4,-6525.249,8427.986,-1628.729,-4.99724,2.21996,16.57339,-0.7793924,-0.6205038,0.0384044,-0.07776667,-0.4077274,0.001107603,-0.0001755905,0.3507629
914.6,-6526.247,8428.433,-1625.414,-4.985751,2.243975,16.57059,-0.8040479,-0.5882035,0.04144824,-0.07619494,-0.4079084,0.001113783,-8.798987e-05,0.3723083
914.8,-6527.243,8428.885,-1622.1,-4.974392,2.267812,16.5678,-0.8273757,-0.5549097,0.04442945,-0.07450292,-0.4080895,0.0011127,-1.966983e-07,0.3938538
915,-6528.237,8429.34,-1618.787,-4.963149,2.29149,16.56501,-0.8493351,-0.5206766,0.04734329,-0.07269301,-0.4082706,0.001104361,8.718793e-05,0.4153687
915.2,-6529.228,8429.801,-1615.474,-4.95201,2.315026,16.56222,-0.8698878,-0.48556,0.05018508,-0.07076786,-0.4084519,0.001088825,0.0001735652,0.4369141
915.4,-6530.217,8430.267,-1612.162,-4.940962,2.338436,16.55943,-0.8889975,-0.4496174,0.05295026,-0.06873027,-0.4086332,0.001066196,0.0002583425,0.4584595
915.6,-6531.205,8430.736,-1608.851,-4.929997,2.361734,16.55665,-0.9066304,-0.4129077,0.05563437,-0.06658325,-0.4088145,0.001036629,0.0003409378,0.4799744
915.8,-6532.189,8431.211,-1605.54,-4.919104,2.384931,16.55387,-0.922755,-0.3754914,0.05823306,-0.06432996,-0.408996,0.001000329,0.0004207834,0.5014893
916,-6533.172,8431.69,-1602.229,-4.908277,2.408039,16.5511,-0.9373423,-0.3374301,0.06074211,-0.06197375,-0.4091776,0.0009575428,0.0004973301,0.5230042
916.2,-6534.153,8432.174,-1598.919,-4.897507,2.431067,16.54832,-0.9503658,-0.2987868,0.06315742,-0.05951815,-0.4093592,0.0009085659,0.0005700507,0.544519
916.4,-6535.131,8432.663,-1595.61,-4.886788,2.454023,16.54555,-0.9618016,-0.2596254,0.06547505,-0.05696684,-0.4095409,0.000853735,0.0006384438,0.5660339
916.6,-6536.107,8433.155,-1592.301,-4.876116,2.476915,16.54278,-0.9716285,-0.2200111,0.06769115,-0.05432366,-0.4097227,0.0007934279,0.0007020377,0.5875488
916.8,-6537.082,8433.653,-1588.993,-4.865485,2.49975,16.54001,-0.9798277,-0.1800098,0.06980208,-0.05159261,-0.4099046,0.0007280605,0.0007603929,0.6090332
917,-6538.054,8434.155,-1585.685,-4.85489,2.522534,16.53725,-0.9863833,-0.1396882,0.07180432,-0.04877785,-0.4100865,0.0006580841,0.0008131061,0.6305481
917.2,-6539.023,8434.662,-1582.378,-4.844328,2.545272,16.53448,-0.9912821,-0.09911377,0.07369451,-0.04588366,-0.4102686,0.0005839822,0.0008598124,0.6520325
917.4,-6539.991,8435.174,-1579.071,-4.833796,2.567969,16.53172,-0.9945137,-0.05835453,0.07546948,-0.04291448,-0.4104507,0.0005062672,0.0009001879,0.6735474
917.6,-6540.957,8435.689,-1575.765,-4.823289,2.590628,16.52896,-0.9960703,-0.01747896,0.0771262,-0.03987486,-0.4106329,0.0004254773,0.0009339527,0.6950317
917.8,-6541.921,8436.21,-1572.459,-4.812806,2.613255,16.5262,-0.9959471,0.02344412,0.07866185,-0.03676949,-0.4108152,0.0003421723,0.000960872,0.7165161
918,-6542.882,8436.735,-1569.155,-4.802344,2.635851,16.52344,-0.9941422,0.06434566,0.08007378,-0.03360318,-0.4109975,0.0002569301,0.0009807587,0.7380005
918.2,-6543.842,8437.265,-1565.85,-4.791901,2.658421,16.52069,-0.9906562,0.1051565,0.08135952,-0.03038082,-0.41118,0.0001703425,0.0009934738,0.7594849
918.4,-6544.799,8437.798,-1562.546,-4.781475,2.680965,16.51793,-0.9854929,0.1458074,0.08251681,-0.02710744,-0.4113625,8.301128e-05,0.0009989286,0.7809387
918.6,-6545.754,8438.337,-1559.243,-4.771063,2.703488,16.51518,-0.9786589,0.1862294,0.08354357,-0.02378814,-0.4115451,-4.455997e-06,0.0009970842,0.8024231
918.8,-6546.708,8438.88,-1555.94,-4.760666,2.725991,16.51242,-0.9701633,0.2263536,0.08443794,-0.02042812,-0.4117277,-9.145033e-05,0.000987953,0.823877
919,-6547.659,8439.427,-1552.638,-4.75028,2.748475,16.50967,-0.9600186,0.2661116,0.08519824,-0.01703266,-0.4119105,-0.0001773654,0.000971598,0.8453613
919.2,-6548.607,8439.979,-1549.336,-4.739906,2.770943,16.50693,-0.9482397,0.3054353,0.08582301,-0.0136071,-0.4120933,-0.0002616018,0.0009481325,0.8668152
919.4,-6549.555,8440.535,-1546.035,-4.729542,2.793396,16.50418,-0.9348444,0.3442574,0.08631103,-0.01015684,-0.4122762,-0.0003435713,0.0009177197,0.888269
919.6,-6550.5,8441.097,-1542.735,-4.719187,2.815835,16.50143,-0.9198534,0.3825112,0.08666124,-0.006687369,-0.4124592,-0.0004227009,0.0008805715,0.9097229
919.8,-6551.442,8441.662,-1539.435,-4.70884,2.838261,16.49868,-0.9032901,0.4201307,0.08687285,-0.00320418,-0.4126423,-0.0004984371,0.0008369469,0.9311768
920,-6552.383,8442.231,-1536.135,-4.698501,2.860675,16.49594,-0.8851807,0.4570511,0.08694524,0.0002871747,-0.4128254,-0.0005702493,0.0007871508,0.9526306
920.2,-6553.322,8442.806,-1532.836,-4.688168,2.883079,16.4932,-0.8655539,0.4932083,0.08687805,0.003781117,-0.4130087,-0.0006376341,0.0007315312,0.974054
920.4,-6554.258,8443.385,-1529.538,-4.677842,2.905473,16.49046,-0.8444412,0.5285398,0.08667112,0.00727205,-0.413192,-0.0007001187,0.0006704777,0.9955078
920.6,-6555.193,8443.968,-1526.24,-4.667521,2.927857,16.48771,-0.8218768,0.562984,0.08632452,0.01075437,-0.4133754,-0.0007572639,0.000604418,1.016931
920.8,-6556.125,8444.556,-1522.943,-4.657206,2.950232,16.48498,-0.7978973,0.5964808,0.08583856,0.01422245,-0.4135588,-0.0008086681,0.0005338158,1.038385
921,-6557.056,8445.148,-1519.646,-4.646895,2.9726,16.48224,-0.7725419,0.6289717,0.08521374,0.0176707,-0.4137424,-0.0008539692,0.0004591668,1.059808
921.2,-6557.984,8445.745,-1516.35,-4.636589,2.99496,16.4795,-0.7458522,0.6603996,0.0844508,0.02109353,-0.413926,-0.000892848,0.0003809958,1.081232
921.4,-6558.91,8446.347,-1513.054,-4.626287,3.017312,16.47676,-0.7178721,0.6907093,0.08355073,0.02448537,-0.4141097,-0.0009250301,0.0002998528,1.102655
921.6,-6559.834,8446.952,-1509.759,-4.615989,3.039658,16.47403,-0.6886482,0.7198472,0.0825147,0.02784069,-0.4142935,-0.000950288,0.0002163095,1.124078
921.8,-6560.757,8447.562,-1506.465,-4.605694,3.061998,16.4713,-0.6582286,0.7477617,0.08134414,0.031154,-0.4144774,-0.0009684429,0.000130955,1.145471
922,-6561.677,8448.177,-1503.171,-4.595403,3.084331,16.46856,-0.6266644,0.7744033,0.08004066,0.03441987,-0.4146613,-0.000979366,4.439146e-05,1.166895
922.2,-6562.595,8448.796,-1499.877,-4.585115,3.106658,16.46583,-0.5940081,0.7997244,0.07860614,0.03763293,-0.4148454,-0.0009829793,-4.276944e-05,1.188287
922.4,-6563.511,8449.42,-1496.584,-4.57483,3.12898,16.4631,-0.5603148,0.8236796,0.07704264,0.04078785,-0.4150295,-0.0009792568,-0.0001299114,1.209711
922.6,-6564.425,8450.048,-1493.292,-4.564548,3.151297,16.46037,-0.525641,0.8462259,0.07535245,0.04387943,-0.4152137,-0.0009682241,-0.0002164177,1.231104
922.8,-6565.336,8450.68,-1490,-4.554268,3.173608,16.45765,-0.4900452,0.8673223,0.07353806,0.04690251,-0.415398,-0.0009499586,-0.0003016755,1.252496
923,-6566.247,8451.317,-1486.709,-4.543991,3.195915,16.45492,-0.4535877,0.8869307,0.07160217,0.04985206,-0.4155823,-0.0009245893,-0.0003850801,1.273889
923.2,-6567.154,8451.958,-1483.418,-4.533717,3.218216,16.45219,-0.4163305,0.9050151,0.06954771,0.05272313,-0.4157668,-0.0008922956,-0.0004660395,1.295282
923.4,-6568.06,8452.604,-1480.128,-4.523444,3.240513,16.44947,-0.3783368,0.9215422,0.06737779,0.05551089,-0.4159513,-0.0008533063,-0.0005439785,1.316675
923.6,-6568.963,8453.255,-1476.839,-4.513175,3.262805,16.44675,-0.3396714,0.9364814,0.06509572,0.05821065,-0.4161359,-0.0008078981,-0.000618343,1.338037
923.8,-6569.865,8453.909,-1473.549,-4.502906,3.285092,16.44403,-0.3004006,0.9498046,0.06270498,0.06081782,-0.4163206,-0.0007563935,-0.0006886034,1.35943
924,-6570.765,8454.568,-1470.261,-4.492641,3.307375,16.4413,-0.2605915,0.9614866,0.06020928,0.06332795,-0.4165054,-0.0006991588,-0.0007542591,1.380792
924.2,-6571.662,8455.232,-1466.973,-4.482377,3.329654,16.43859,-0.2203127,0.9715049,0.05761249,0.06573677,-0.4166902,-0.0006366015,-0.0008148419,1.402185
924.4,-6572.558,8455.9,-1463.685,-4.472116,3.351929,16.43587,-0.1796334,0.9798399,0.05491866,0.06804013,-0.4168752,-0.0005691677,-0.0008699194,1.423547
924.6,-6573.451,8456.573,-1460.399,-4.461855,3.3742,16.43315,-0.138624,0.9864749,0.05213201,0.07023403,-0.4170602,-0.0004973383,-0.0009190977,1.44491
924.8,-6574.342,8457.25,-1457.112,-4.451598,3.396466,16.43043,-0.09735521,0.9913961,0.04925691,0.07231468,-0.4172453,-0.0004216265,-0.0009620251,1.466272
925,-6575.232,8457.932,-1453.826,-4.441342,3.418728,16.42772,-0.05589875,0.9945927,0.04629791,0.07427842,-0.4174305,-0.0003425736,-0.0009983942,1.487634
925.2,-6576.119,8458.617,-1450.541,-4.431087,3.440987,16.425,-0.01432663,0.9960566,0.04325971,0.0761218,-0.4176157,-0.0002607453,-0.001027944,1.508997
925.4,-6577.004,8459.308,-1447.256,-4.420835,3.463241,16.42229,0.02728876,0.9957832,0.04014714,0.07784155,-0.4178011,-0.0001767278,-0.001050463,1.530328
925.6,-6577.887,8460.003,-1443.972,-4.410584,3.485492,16.41958,0.06887477,0.9937706,0.03696518,0.07943458,-0.4179865,-9.112357e-05,-0.001065789,1.551691
925.8,-6578.769,8460.702,-1440.688,-4.400335,3.507738,16.41687,0.1103586,0.99002,0.03371892,0.08089802,-0.4181721,-4.547048e-06,-0.001073811,1.573022
926,-6579.647,8461.406,-1437.405,-4.390088,3.529981,16.41416,0.1516677,0.9845356,0.0304136,0.08222919,-0.4183576,8.237977e-05,-0.001074472,1.594354
926.2,-6580.524,8462.114,-1434.123,-4.379842,3.552219,16.41145,0.1927293,0.9773247,0.02705455,0.08342562,-0.4185433,0.0001690318,-0.001067767,1.615717
926.4,-6581.399,8462.827,-1430.841,-4.369598,3.574454,16.40874,0.2334711,0.9683978,0.02364721,0.08448505,-0.4187291,0.0002547852,-0.001053743,1.637048
926.6,-6582.272,8463.544,-1427.559,-4.359356,3.596686,16.40603,0.2738212,0.9577682,0.02019712,0.08540548,-0.418915,0.0003390223,-0.001032501,1.65835
926.8,-6583.143,8464.266,-1424.278,-4.349116,3.618913,16.40333,0.3137083,0.9454523,0.01670992,0.08618506,-0.4191009,0.0004211354,-0.001004194,1.679681
927,-6584.012,8464.991,-1420.998,-4.338877,3.641137,16.40063,0.3530617,0.9314694,0.0131913,0.08682224,-0.4192869,0.0005005319,-0.0009690257,1.701013
927.2,-6584.879,8465.722,-1417.718,-4.32864,3.663357,16.39792,0.3918113,0.9158422,0.009647033,0.08731566,-0.419473,0.000576638,-0.0009272507,1.722345
927.4,-6585.743,8466.457,-1414.439,-4.318404,3.685573,16.39522,0.4298881,0.8985957,0.006082966,0.0876642,-0.4196592,0.0006489033,-0.0008791703,1.743646
927.6,-6586.606,8467.196,-1411.16,-4.308169,3.707785,16.39252,0.4672242,0.8797583,0.00250498,0.08786699,-0.4198455,0.0007168046,-0.0008251324,1.764948
927.8,-6587.467,8467.94,-1407.882,-4.297937,3.729994,16.38982,0.5037527,0.8593611,-0.001080999,0.08792339,-0.4200318,0.00077985,-0.0007655282,1.786279
928,-6588.325,8468.688,-1404.604,-4.287706,3.752199,16.38712,0.539408,0.8374381,-0.004669012,0.08783299,-0.4202183,0.000837582,-0.0007007897,1.807581
928.2,-6589.182,8469.441,-1401.327,-4.277476,3.7744,16.38442,0.574126,0.8140259,-0.008253076,0.08759566,-0.4204048,0.0008895815,-0.0006313866,1.828882
928.4,-6590.036,8470.198,-1398.05,-4.267249,3.796598,16.38173,0.607844,0.7891641,-0.0118272,0.08721147,-0.4205914,0.0009354705,-0.0005578228,1.850183
928.6,-6590.889,8470.96,-1394.774,-4.257022,3.818792,16.37903,0.640501,0.7628946,-0.01538539,0.08668076,-0.4207781,0.0009749152,-0.0004806331,1.871454
928.8,-6591.739,8471.726,-1391.499,-4.246798,3.840983,16.37634,0.6720378,0.7352622,-0.01892166,0.08600412,-0.4209649,0.001007628,-0.0004003791,1.892755
929,-6592.587,8472.496,-1388.224,-4.236575,3.863169,16.37364,0.7023968,0.7063141,-0.02243004,0.08518237,-0.4211518,0.001033371,-0.0003176453,1.914056
929.2,-6593.434,8473.271,-1384.949,-4.226353,3.885353,16.37095,0.7315227,0.6760998,-0.02590459,0.08421658,-0.4213387,0.001051956,-0.0002330348,1.935327
929.4,-6594.278,8474.05,-1381.675,-4.216133,3.907532,16.36826,0.7593622,0.6446715,-0.0293394,0.08310808,-0.4215257,0.001063247,-0.000147165,1.956598
929.6,-6595.12,8474.834,-1378.402,-4.205914,3.929708,16.36557,0.7858639,0.6120833,-0.03272863,0.08185842,-0.4217129,0.001067161,-6.066304e-05,1.977899
929.8,-6595.96,8475.622,-1375.129,-4.195697,3.95188,16.36288,0.8109789,0.5783918,-0.03606648,0.08046941,-0.4219001,0.001063669,2.583862e-05,1.99917
930,-6596.798,8476.415,-1371.857,-4.185482,3.974049,16.36019,0.8346607,0.5436555,-0.03934721,0.07894308,-0.4220873,0.001052796,0.000111707,2.020441
930.2,-6597.634,8477.212,-1368.585,-4.175268,3.996213,16.35751,0.8568652,0.5079349,-0.04256519,0.07728174,-0.4222747,0.001034623,0.0001963132,2.041711
930.4,-6598.468,8478.013,-1365.314,-4.165056,4.018375,16.35482,0.8775507,0.4712924,-0.04571483,0.07548787,-0.4224622,0.001009281,0.0002790368,2.062952
930.6,-6599.3,8478.819,-1362.043,-4.154845,4.040533,16.35214,0.8966783,0.4337924,-0.0487907,0.07356424,-0.4226497,0.0009769562,0.0003592708,2.084222
930.8,-6600.13,8479.629,-1358.773,-4.144636,4.062686,16.34945,0.9142118,0.3955006,-0.05178741,0.07151381,-0.4228373,0.0009378858,0.0004364258,2.105463
931,-6600.958,8480.444,-1355.503,-4.134428,4.084837,16.34677,0.9301175,0.3564846,-0.05469975,0.0693398,-0.423025,0.0008923565,0.0005099343,2.126733
931.2,-6601.784,8481.264,-1352.234,-4.124222,4.106984,16.34409,0.9443651,0.3168133,-0.05752258,0.0670456,-0.4232128,0.0008407029,0.0005792555,2.147974
931.4,-6602.608,8482.087,-1348.966,-4.114017,4.129127,16.34141,0.9569266,0.2765568,-0.06025094,0.06463486,-0.4234006,0.0007833049,0.0006438784,2.169214
931.6,-6603.43,8482.915,-1345.698,-4.103814,4.151267,16.33873,0.9677773,0.2357867,-0.06287999,0.06211141,-0.4235886,0.0007205853,0.0007033266,2.190454
931.8,-6604.25,8483.747,-1342.43,-4.093613,4.173403,16.33605,0.9768955,0.1945755,-0.06540503,0.0594793,-0.4237766,0.0006530065,0.0007571611,2.211694
932,-6605.067,8484.584,-1339.163,-4.083413,4.195535,16.33338,0.9842624,0.1529966,-0.06782158,0.05674278,-0.4239647,0.0005810671,0.0008049839,2.232935
932.2,-6605.883,8485.426,-1335.897,-4.073214,4.217664,16.3307,0.9898626,0.1111244,-0.07012525,0.05390626,-0.4241529,0.0005052984,0.0008464412,2.254175
932.4,-6606.697,8486.271,-1332.631,-4.063017,4.239789,16.32803,0.9936835,0.06903377,-0.07231189,0.05097438,-0.4243412,0.0004262606,0.0008812259,2.275385
932.6,-6607.508,8487.121,-1329.366,-4.052821,4.261911,16.32535,0.995716,0.02680037,-0.07437751,0.04795193,-0.4245296,0.0003445386,0.00090908,2.296625
932.8,-6608.318,8487.976,-1326.101,-4.042627,4.284029,16.32268,0.995954,-0.01549985,-0.07631832,0.04484386,-0.424718,0.0002607377,0.0009297964,2.317834
933,-6609.125,8488.835,-1322.837,-4.032435,4.306143,16.32001,0.9943946,-0.05779062,-0.07813073,0.04165531,-0.4249065,0.0001754793,0.0009432209,2.339075
933.2,-6609.931,8489.698,-1319.573,-4.022244,4.328254,16.31734,0.9910384,-0.09999552,-0.07981135,0.03839155,-0.4250951,8.93961e-05,0.0009492533,2.360284
933.4,-6610.734,8490.566,-1316.31,-4.012054,4.350361,16.31467,0.985889,-0.1420381,-0.08135702,0.03505801,-0.4252838,3.127528e-06,0.000947848,2.381494
933.6,-6611.536,8491.438,-1313.047,-4.001612,4.372259,16.312,0.9789534,-0.1838421,-0.08276478,0.03166027,-0.4254726,-8.268493e-05,0.0009390149,2.402704
933.8,-6612.334,8492.315,-1309.785,-3.989744,4.393001,16.30933,0.9702417,-0.2253314,-0.08403192,0.02820399,-0.4256614,-0.0001674026,0.0009228191,2.423883
934,-6613.131,8493.195,-1306.523,-3.976459,4.412591,16.30666,0.9597674,-0.2664304,-0.08515596,0.02469501,-0.4258504,-0.0002503944,0.0008993803,2.445093
934.2,-6613.925,8494.08,-1303.262,-3.961916,4.43116,16.30399,0.9475472,-0.307064,-0.08613463,0.02113923,-0.4260394,-0.0003310413,0.0008688728,2.466302
934.4,-6614.716,8494.968,-1300.002,-3.946259,4.448825,16.30132,0.9336009,-0.3471578,-0.08696593,0.01754267,-0.4262285,-0.0004087416,0.0008315233,2.487482
934.6,-6615.503,8495.859,-1296.742,-3.929614,4.465686,16.29865,0.9179516,-0.3866381,-0.08764811,0.01391145,-0.4264177,-0.0004829145,0.0007876103,2.508691
934.8,-6616.288,8496.755,-1293.482,-3.912094,4.481834,16.29599,0.9006256,-0.4254324,-0.08817965,0.01025174,-0.4266069,-0.0005530054,0.0007374611,2.529871
935,-6617.068,8497.652,-1290.223,-3.893798,4.49735,16.29333,0.8816522,-0.463469,-0.08855929,0.006569821,-0.4267963,-0.0006184895,0.0006814505,2.55105
935.2,-6617.845,8498.554,-1286.965,-3.874814,4.512306,16.29068,0.8610637,-0.5006776,-0.08878604,0.002871993,-0.4269857,-0.0006788761,0.000619997,2.572229
935.4,-6618.618,8499.457,-1283.707,-3.855221,4.526764,16.28802,0.8388957,-0.5369892,-0.08885918,-0.0008353742,-0.4271752,-0.0007337122,0.0005535606,2.593408
935.6,-6619.387,8500.364,-1280.45,-3.835088,4.540781,16.28537,0.8151864,-0.5723364,-0.08877821,-0.00454588,-0.4273648,-0.0007825859,0.0004826392,2.614587
935.8,-6620.152,8501.273,-1277.193,-3.814477,4.554407,16.28272,0.7899771,-0.6066532,-0.08854295,-0.008253097,-0.4275545,-0.0008251299,0.0004077645,2.635736
936,-6620.913,8502.186,-1273.937,-3.793442,4.567685,16.28007,0.7633122,-0.6398755,-0.08815344,-0.01195058,-0.4277443,-0.0008610238,0.0003294987,2.656915
936.2,-6621.669,8503.101,-1270.681,-3.772032,4.580655,16.27743,0.7352383,-0.6719411,-0.08761002,-0.01563188,-0.4279341,-0.0008899971,0.00024843,2.678064
936.4,-6622.422,8504.018,-1267.426,-3.750291,4.593352,16.27478,0.705805,-0.7027896,-0.08691329,-0.01929056,-0.428124,-0.0009118311,0.0001651681,2.699243
936.6,-6623.17,8504.938,-1264.171,-3.728254,4.605806,16.27213,0.6750646,-0.7323629,-0.08606411,-0.0229202,-0.4283141,-0.0009263606,8.033997e-05,2.720392
936.8,-6623.913,8505.86,-1260.917,-3.705958,4.618044,16.26949,0.6430718,-0.7606049,-0.08506361,-0.0265144,-0.4285041,-0.0009334754,-5.415116e-06,2.741541
937,-6624.652,8506.785,-1257.663,-3.683431,4.630091,16.26685,0.6098837,-0.7874621,-0.08391319,-0.0300668,-0.4286943,-0.0009331211,-9.145024e-05,2.762689
937.2,-6625.386,8507.712,-1254.41,-3.660701,4.641969,16.26421,0.5755597,-0.8128831,-0.08261453,-0.03357112,-0.4288846,-0.0009252998,-0.0001771157,2.783838
937.4,-6626.116,8508.642,-1251.157,-3.63779,4.653696,16.26157,0.5401615,-0.8368193,-0.08116956,-0.03702112,-0.4290749,-0.0009100697,-0.0002617641,2.804987
937.6,-6626.842,8509.574,-1247.905,-3.61472,4.665288,16.25892,0.5037529,-0.8592246,-0.07958047,-0.04041062,-0.4292654,-0.0008875456,-0.000344755,2.826105
937.8,-6627.562,8510.508,-1244.654,-3.591509,4.676763,16.25628,0.4663998,-0.8800557,-0.07784971,-0.04373354,-0.4294559,-0.0008578973,-0.00042546,2.847253
938,-6628.278,8511.444,-1241.403,-3.568173,4.688131,16.25364,0.4281697,-0.8992721,-0.07598,-0.04698393,-0.4296465,-0.0008213488,-0.0005032672,2.868372
938.2,-6628.989,8512.383,-1238.152,-3.544429,4.699716,16.25101,0.3891322,-0.916836,-0.0739743,-0.05015589,-0.4298372,-0.0007781768,-0.0005775865,2.88952
938.4,-6629.696,8513.324,-1234.902,-3.518718,4.71316,16.24841,0.3493583,-0.932713,-0.07183581,-0.05324367,-0.4300279,-0.0007287085,-0.0006478533,2.910638
938.6,-6630.397,8514.269,-1231.653,-3.491025,4.7285,16.24584,0.3089207,-0.9468712,-0.069568,-0.05624165,-0.4302188,-0.0006733192,-0.0007135335,2.931757
938.8,-6631.092,8515.216,-1228.404,-3.461575,4.745521,16.24329,0.2678935,-0.9592823,-0.06717456,-0.05914433,-0.4304097,-0.0006124298,-0.0007741275,2.952875
939,-6631.781,8516.167,-1225.156,-3.430569,4.76403,16.24075,0.2263518,-0.969921,-0.06465942,-0.06194639,-0.4306008,-0.0005465031,-0.0008291735,2.973993
939.2,-6632.464,8517.122,-1221.908,-3.398184,4.783859,16.23822,0.184372,-0.978765,-0.06202674,-0.06464264,-0.4307919,-0.0004760412,-0.0008782521,2.995111
939.4,-6633.141,8518.08,-1218.661,-3.364579,4.804856,16.2357,0.1420316,-0.9857957,-0.05928089,-0.06722807,-0.4309831,-0.0004015809,-0.0009209885,3.016199
939.6,-6633.81,8519.044,-1215.414,-3.329891,4.826888,16.23318,0.09940882,-0.9909976,-0.05642646,-0.06969786,-0.4311744,-0.0003236902,-0.0009570564,3.037317
939.8,-6634.473,8520.012,-1212.167,-3.294246,4.849837,16.23067,0.0565825,-0.9943585,-0.05346826,-0.07204736,-0.4313657,-0.0002429638,-0.0009861797,3.058405
940,-6635.127,8520.983,-1208.921,-3.257753,4.873598,16.22815,0.01363215,-0.9958698,-0.05041128,-0.07427213,-0.4315572,-0.0001600188,-0.001008136,3.079523
940.2,-6635.775,8521.961,-1205.676,-3.220509,4.898077,16.22563,-0.02936236,-0.9955261,-0.04726072,-0.07636793,-0.4317487,-7.54896e-05,-0.001022756,3.10061
940.4,-6636.416,8522.943,-1202.431,-3.182599,4.923194,16.2231,-0.07232087,-0.9933258,-0.04402195,-0.07833074,-0.4319403,9.976412e-06,-0.001029928,3.121698
940.6,-6637.048,8523.931,-1199.187,-3.144102,4.948874,16.22057,-0.1151631,-0.9892703,-0.04070051,-0.08015676,-0.4321321,9.572417e-05,-0.001029596,3.142786
940.8,-6637.673,8524.923,-1195.943,-3.105083,4.975052,16.21803,-0.157809,-0.983365,-0.03730213,-0.08184241,-0.4323239,0.0001810958,-0.001021763,3.163873
941,-6638.291,8525.92,-1192.699,-3.065605,5.001672,16.21549,-0.2001783,-0.9756183,-0.03383268,-0.08338437,-0.4325157,0.0002654356,-0.001006489,3.184961
941.2,-6638.899,8526.923,-1189.457,-3.025718,5.028683,16.21294,-0.2421915,-0.9660423,-0.03029817,-0.08477955,-0.4327077,0.0003480954,-0.0009838899,3.206018
941.4,-6639.5,8527.932,-1186.214,-2.985472,5.056038,16.21039,-0.2837694,-0.9546525,-0.02670475,-0.08602512,-0.4328998,0.0004284391,-0.0009541404,3.227106
941.6,-6640.094,8528.945,-1182.973,-2.944907,5.083699,16.20783,-0.3248334,-0.941468,-0.02305872,-0.08711848,-0.4330919,0.0005058479,-0.0009174691,3.248193
941.8,-6640.679,8529.965,-1179.731,-2.904061,5.11163,16.20526,-0.3653057,-0.926511,-0.01936646,-0.08805734,-0.4332842,0.0005797251,-0.0008741582,3.26925
942,-6641.255,8530.99,-1176.49,-2.862966,5.1398,16.2027,-0.4051096,-0.9098073,-0.01563447,-0.08883964,-0.4334765,0.0006495006,-0.0008245417,3.290308
942.2,-6641.824,8532.021,-1173.25,-2.821652,5.16818,16.20012,-0.4441693,-0.891386,-0.01186935,-0.08946361,-0.4336689,0.0007146355,-0.0007690024,3.311365
942.4,-6642.384,8533.058,-1170.01,-2.780144,5.196746,16.19755,-0.4824103,-0.8712795,-0.00807777,-0.08992776,-0.4338614,0.0007746262,-0.0007079696,3.332422
942.6,-6642.936,8534.1,-1166.771,-2.738485,5.225444,16.19497,-0.5197595,-0.8495235,-0.004266478,-0.09023086,-0.434054,0.0008290085,-0.0006419151,3.353479
942.8,-6643.479,8535.147,-1163.532,-2.697429,5.253015,16.19235,-0.5561454,-0.8261567,-0.0004422754,-0.09037199,-0.4342467,0.000877361,-0.0005713502,3.374536
943,-6644.015,8536.201,-1160.294,-2.657275,5.278968,16.1897,-0.591498,-0.8012213,0.003387986,-0.09035052,-0.4344394,0.0009193089,-0.0004968218,3.395593
943.2,-6644.542,8537.259,-1157.057,-2.617922,5.303487,16.18703,-0.6257491,-0.774762,0.007217424,-0.09016609,-0.4346322,0.0009545265,-0.0004189078,3.41662
943.4,-6645.062,8538.322,-1153.819,-2.579277,5.326735,16.18434,-0.6588324,-0.746827,0.01103913,-0.08981864,-0.4348252,0.0009827402,-0.000338213,3.437677
943.6,-6645.574,8539.39,-1150.583,-2.541262,5.348857,16.18165,-0.6906841,-0.7174671,0.01484619,-0.08930842,-0.4350182,0.00100373,-0.0002553646,3.458704
943.8,-6646.079,8540.462,-1147.347,-2.503806,5.369981,16.17896,-0.721242,-0.6867362,0.01863169,-0.08863595,-0.4352113,0.001017333,-0.000171007,3.479761
944,-6646.576,8541.538,-1144.111,-2.466844,5.390221,16.17626,-0.7504465,-0.6546904,0.02238873,-0.08780206,-0.4354045,0.001023443,-8.579679e-05,3.500787
944.2,-6647.065,8542.618,-1140.876,-2.430323,5.409676,16.17357,-0.7782404,-0.6213891,0.02611045,-0.08680788,-0.4355977,0.001022012,-3.981364e-07,3.521814
944.4,-6647.548,8543.701,-1137.642,-2.394191,5.428436,16.17089,-0.8045692,-0.5868937,0.02979,-0.0856548,-0.4357911,0.00101305,8.452286e-05,3.542841
944.6,-6648.023,8544.789,-1134.408,-2.358405,5.44658,16.16821,-0.8293808,-0.5512682,0.03342063,-0.08434456,-0.4359846,0.0009966281,0.0001683032,3.563837
944.8,-6648.491,8545.88,-1131.174,-2.322927,5.464178,16.16554,-0.852626,-0.5145788,0.0369956,-0.08287914,-0.4361781,0.0009728731,0.000250288,3.584863
945,-6648.952,8546.975,-1127.942,-2.287722,5.481292,16.16288,-0.8742585,-0.476894,0.0405083,-0.08126084,-0.4363717,0.0009419709,0.0003298361,3.60589
945.2,-6649.406,8548.072,-1124.709,-2.252759,5.497978,16.16022,-0.8942349,-0.4382843,0.04395218,-0.07949223,-0.4365654,0.000904163,0.0004063244,3.626886
945.4,-6649.854,8549.174,-1121.478,-2.218012,5.514282,16.15757,-0.912515,-0.3988221,0.04732079,-0.07757617,-0.4367592,0.0008597453,0.0004791535,3.647882
945.6,-6650.293,8550.278,-1118.246,-2.183455,5.53025,16.15492,-0.9290616,-0.3585815,0.05060782,-0.07551578,-0.4369531,0.0008090658,0.000547752,3.668909
945.8,-6650.727,8551.386,-1115.016,-2.149069,5.545918,16.15228,-0.9438408,-0.3176386,0.05380707,-0.0733145,-0.4371471,0.0007525219,0.0006115812,3.689905
946,-6651.153,8552.497,-1111.785,-2.114835,5.561322,16.14964,-0.956822,-0.2760705,0.05691247,-0.07097599,-0.4373411,0.0006905575,0.0006701391,3.710901
946.2,-6651.573,8553.61,-1108.556,-2.080734,5.57649,16.14701,-0.9679781,-0.2339561,0.05991812,-0.0685042,-0.4375352,0.0006236595,0.000722965,3.731897
946.4,-6651.985,8554.728,-1105.327,-2.046754,5.59145,16.14438,-0.9772851,-0.1913753,0.06281827,-0.06590332,-0.4377294,0.0005523543,0.0007696426,3.752863
946.6,-6652.392,8555.847,-1102.098,-2.012881,5.606225,16.14176,-0.9847228,-0.148409,0.06560735,-0.06317781,-0.4379237,0.000477203,0.000809804,3.773859
946.8,-6652.791,8556.97,-1098.87,-1.979103,5.620835,16.13914,-0.9902745,-0.1051394,0.06827997,-0.06033237,-0.4381181,0.0003987981,0.0008431316,3.794855
947,-6653.183,8558.096,-1095.642,-1.94541,5.6353,16.13652,-0.993927,-0.06164894,0.07083095,-0.05737193,-0.4383126,0.000317758,0.0008693621,3.81582
947.2,-6653.569,8559.224,-1092.415,-1.911792,5.649636,16.13391,-0.9956707,-0.0180211,0.07325527,-0.05430165,-0.4385072,0.0002347226,0.0008882878,3.836786
947.4,-6653.948,8560.355,-1089.189,-1.878242,5.663857,16.1313,-0.9954999,0.0256604,0.07554819,-0.0511269,-0.4387018,0.0001503482,0.0008997583,3.857782
947.6,-6654.32,8561.489,-1085.963,-1.844753,5.677976,16.12869,-0.9934123,0.0693115,0.07770514,-0.04785329,-0.4388965,6.530228e-05,0.0009036822,3.878748
947.8,-6654.686,8562.626,-1082.737,-1.811319,5.692004,16.12609,-0.9894093,0.112848,0.07972182,-0.0444866,-0.4390914,-1.974172e-05,0.0009000278,3.899713
948,-6655.045,8563.767,-1079.512,-1.777933,5.705952,16.12348,-0.9834961,0.1561859,0.08159415,-0.04103283,-0.4392862,-0.0001041097,0.0008888234,3.920679
948.2,-6655.397,8564.909,-1076.288,-1.74459,5.719828,16.12088,-0.9756818,0.199241,0.08331833,-0.03749813,-0.4394812,-0.0001871323,0.000870157,3.941644
948.4,-6655.743,8566.054,-1073.064,-1.711287,5.733641,16.11828,-0.9659788,0.2419299,0.0848908,-0.03388885,-0.4396763,-0.0002681503,0.0008441762,3.962579
948.6,-6656.082,8567.202,-1069.841,-1.67802,5.747397,16.11569,-0.9544034,0.2841696,0.08630826,-0.0302115,-0.4398715,-0.0003465196,0.0008110867,3.983545
948.8,-6656.414,8568.354,-1066.618,-1.644785,5.761103,16.11309,-0.9409755,0.3258775,0.08756772,-0.0264727,-0.4400667,-0.0004216166,0.000771151,4.00448
949,-6656.739,8569.507,-1063.395,-1.611578,5.774763,16.1105,-0.9257188,0.3669722,0.08866644,-0.02267926,-0.440262,-0.0004928432,0.0007246863,4.025446
949.2,-6657.059,8570.663,-1060.173,-1.578398,5.788383,16.10791,-0.9086604,0.4073732,0.08960198,-0.01883808,-0.4404574,-0.0005596316,0.0006720621,4.046381
949.4,-6657.371,8571.822,-1056.952,-1.545241,5.801969,16.10532,-0.8898309,0.4470011,0.0903722,-0.01495618,-0.4406529,-0.0006214487,0.0006136973,4.067316
949.6,-6657.676,8572.983,-1053.731,-1.512106,5.815521,16.10273,-0.8692648,0.485778,0.09097524,-0.01104069,-0.4408485,-0.0006778007,0.0005500573,4.088251
949.8,-6657.976,8574.148,-1050.511,-1.478991,5.829046,16.10015,-0.8469996,0.5236272,0.09140959,-0.007098815,-0.4410442,-0.0007282369,0.0004816496,4.109186
950,-6658.268,8575.315,-1047.291,-1.445895,5.842544,16.09756,-0.8230765,0.5604739,0.09167399,-0.003137849,-0.4412399,-0.0007723534,0.0004090208,4.130121
950.2,-6658.554,8576.485,-1044.072,-1.412814,5.85602,16.09498,-0.7975399,0.5962451,0.09176753,0.0008348636,-0.4414358,-0.0008097968,0.0003327514,4.151025
950.4,-6658.833,8577.658,-1040.853,-1.37975,5.869475,16.09239,-0.7704374,0.6308693,0.09168962,0.004811929,-0.4416317,-0.0008402664,0.0002534518,4.17196
950.6,-6659.106,8578.833,-1037.635,-1.346699,5.882912,16.08981,-0.7418198,0.6642777,0.09143996,0.008785917,-0.4418277,-0.0008635173,0.0001717574,4.192865
950.8,-6659.372,8580.011,-1034.417,-1.313662,5.896332,16.08723,-0.7117411,0.6964034,0.09101861,0.01274938,-0.4420238,-0.0008793623,8.83231e-05,4.2138
951,-6659.631,8581.191,-1031.2,-1.280637,5.909737,16.08465,-0.6802581,0.7271818,0.09042591,0.01669486,-0.44222,-0.0008876735,3.818664e-06,4.234705
951.2,-6659.884,8582.375,-1027.984,-1.247623,5.923128,16.08208,-0.6474306,0.7565509,0.08966254,0.02061491,-0.4424162,-0.0008883833,-8.107704e-05,4.255609
951.4,-6660.13,8583.561,-1024.767,-1.21462,5.936507,16.0795,-0.6133211,0.7844514,0.08872952,0.0245021,-0.4426126,-0.0008814853,-0.0001656813,4.276514
951.6,-6660.37,8584.749,-1021.552,-1.181628,5.949875,16.07693,-0.5779947,0.8108266,0.08762817,0.02834904,-0.442809,-0.0008670344,-0.0002493131,4.297418
951.8,-6660.603,8585.94,-1018.337,-1.148645,5.963233,16.07435,-0.5415192,0.8356228,0.08636014,0.03214839,-0.4430056,-0.0008451463,-0.0003312987,4.318323
952,-6660.83,8587.135,-1015.122,-1.115671,5.976582,16.07178,-0.5039646,0.8587891,0.0849274,0.03589287,-0.4432022,-0.0008159968,-0.0004109767,4.339197
952.2,-6661.049,8588.331,-1011.908,-1.082705,5.989921,16.06921,-0.4654034,0.8802779,0.08333223,0.03957527,-0.4433989,-0.0007798205,-0.0004877042,4.360101
952.4,-6661.263,8589.53,-1008.694,-1.049748,6.003253,16.06664,-0.4259101,0.9000447,0.08157724,0.0431885,-0.4435956,-0.000736909,-0.000560861,4.380975
952.6,-6661.469,8590.732,-1005.481,-1.016799,6.016579,16.06407,-0.3855612,0.9180483,0.07966534,0.04672555,-0.4437925,-0.0006876088,-0.0006298556,4.40188
952.8,-6661.669,8591.938,-1002.269,-0.9838572,6.029897,16.0615,-0.3444351,0.9342509,0.07759975,0.05017952,-0.4439895,-0.0006323182,-0.0006941293,4.422754
953,-6661.863,8593.145,-999.0566,-0.9509228,6.043209,16.05893,-0.3026119,0.9486182,0.07538398,0.05354368,-0.4441865,-0.0005714846,-0.0007531613,4.443628
953.2,-6662.05,8594.354,-995.845,-0.9179956,6.056516,16.05636,-0.2601732,0.9611192,0.07302187,0.05681141,-0.4443837,-0.0005056006,-0.0008064728,4.464502
953.4,-6662.23,8595.567,-992.634,-0.8850752,6.069817,16.0538,-0.2172021,0.971727,0.07051753,0.05997628,-0.4445809,-0.0004352004,-0.0008536309,4.485376
953.6,-6662.404,8596.782,-989.4235,-0.8521616,6.083113,16.05123,-0.1737828,0.980418,0.06787533,0.06303201,-0.4447782,-0.0003608554,-0.0008942524,4.50625
953.8,-6662.571,8598.001,-986.2136,-0.8192544,6.096404,16.04867,-0.1300008,0.9871724,0.06509996,0.0659725,-0.4449756,-0.0002831696,-0.0009280067,4.527124
954,-6662.731,8599.221,-983.0041,-0.7863536,6.109691,16.04611,-0.08594222,0.9919744,0.06219637,0.06879187,-0.4451731,-0.0002027745,-0.0009546189,4.547968
954.2,-6662.885,8600.444,-979.7951,-0.7534591,6.122974,16.04355,-0.04169415,0.9948118,0.05916976,0.07148445,-0.4453707,-0.0001203248,-0.0009738719,4.568842
954.4,-6663.033,8601.67,-976.5867,-0.7205707,6.136253,16.04099,0.002655865,0.9956764,0.05602558,0.07404477,-0.4455684,-3.649211e-05,-0.0009856084,4.589685
954.6,-6663.173,8602.898,-973.3787,-0.6876883,6.149528,16.03843,0.04701987,0.9945638,0.05276955,0.07646761,-0.4457662,4.803984e-05,-0.0009897324,4.610529
954.8,-6663.308,8604.13,-970.1713,-0.6548118,6.162799,16.03587,0.09130966,0.9914737,0.04940759,0.07874798,-0.445964,0.000132581,-0.0009862101,4.631372
955,-6663.436,8605.364,-966.9644,-0.6219411,6.176067,16.03331,0.135437,0.9864097,0.04594586,0.08088116,-0.446162,0.0002164405,-0.0009750696,4.652246
955.2,-6663.557,8606.601,-963.7579,-0.5890763,6.189331,16.03076,0.1793138,0.9793791,0.04239075,0.08286268,-0.44636,0.0002989325,-0.000956402,4.673059
955.4,-6663.671,8607.84,-960.5521,-0.5562172,6.202592,16.0282,0.2228522,0.9703934,0.03874883,0.08468837,-0.4465581,0.0003793817,-0.0009303596,4.693903
955.6,-6663.779,8609.082,-957.3467,-0.5233636,6.21585,16.02565,0.265965,0.9594679,0.03502686,0.08635432,-0.4467563,0.0004571288,-0.0008971558,4.714746
955.8,-6663.88,8610.326,-954.1418,-0.4905158,6.229105,16.0231,0.3085655,0.946622,0.03123178,0.08785691,-0.4469546,0.0005315361,-0.0008570625,4.73559
956,-6663.975,8611.573,-950.9374,-0.4576735,6.242357,16.02054,0.3505677,0.9318786,0.02737071,0.08919284,-0.447153,0.0006019928,-0.0008104086,4.756403
956.2,-6664.063,8612.823,-947.7336,-0.4248366,6.255606,16.01799,0.391887,0.9152649,0.0234509,0.09035911,-0.4473515,0.0006679197,-0.0007575772,4.777246
956.4,-6664.145,8614.075,-944.5302,-0.3920053,6.268852,16.01544,0.4324396,0.8968117,0.01947977,0.09135304,-0.4475501,0.0007287746,-0.0006990028,4.798059
956.6,-6664.22,8615.331,-941.3274,-0.3591794,6.282095,16.01289,0.4721434,0.8765534,0.01546482,0.09217228,-0.4477487,0.0007840564,-0.0006351671,4.818872
956.8,-6664.289,8616.588,-938.1251,-0.3263589,6.295335,16.01035,0.5109174,0.8545282,0.01141371,0.09281477,-0.4479474,0.0008333094,-0.000566596,4.839685
957,-6664.351,8617.849,-934.9233,-0.2935438,6.308573,16.0078,0.5486827,0.8307783,0.007334174,0.09327883,-0.4481463,0.0008761275,-0.000493855,4.860498
957.2,-6664.406,8619.111,-931.722,-0.2607341,6.321808,16.00525,0.585362,0.8053489,0.003234021,0.09356311,-0.4483452,0.0009121567,-0.0004175442,4.881311
957.4,-6664.455,8620.378,-928.5212,-0.2279298,6.33504,16.00271,0.62088,0.778289,-0.0008788597,0.09366658,-0.4485442,0.0009410993,-0.000338294,4.902124
957.6,-6664.498,8621.646,-925.3209,-0.1951308,6.34827,16.00016,0.6551639,0.7496509,-0.004996527,0.09358859,-0.4487433,0.0009627158,-0.0002567598,4.922906
957.8,-6664.533,8622.917,-922.1211,-0.1623371,6.361497,15.99762,0.6881428,0.7194902,-0.009111003,0.0933288,-0.4489425,0.0009768269,-0.0001736163,4.943719
958,-6664.562,8624.19,-918.9218,-0.1295487,6.374721,15.99508,0.7197486,0.6878658,-0.01321429,0.09288727,-0.4491418,0.0009833154,-8.955233e-05,4.964502
958.2,-6664.585,8625.467,-915.7231,-0.09676555,6.387943,15.99254,0.7499155,0.6548395,-0.01729838,0.09226436,-0.4493412,0.0009821273,-5.26491e-06,4.985315
958.29,-6664.593,8626.042,-914.2838,-0.08201487,6.393892,15.9914,0.7630044,0.6395375,-0.01912782,0.09192507,-0.4494309,0.0009790884,3.255087e-05,4.994653
958.4,-6664.601,8626.745,-912.5276,-0.06268601,6.401688,15.91197,0.7785808,0.6204762,-0.02135527,0.09146083,-0.4495406,0.0009732721,7.854635e-05,5.006067
958.6,-6664.609,8628.027,-909.3896,-0.0214513,6.418317,15.40001,0.8056846,0.5848436,-0.02537699,0.09047778,-0.4497402,0.0009568231,0.0001611851,5.026453
958.8,-6664.609,8629.313,-906.3877,0.02459606,6.436889,14.58623,0.8311698,0.5480123,-0.02935561,0.08931666,-0.4499398,0.0009329166,0.0002419643,5.045984
959,-6664.6,8630.603,-903.563,0.07209265,6.456046,13.65413,0.8549829,0.5100551,-0.03328324,0.08797926,-0.4501396,0.0009017515,0.0003202113,5.064355
959.2,-6664.581,8631.896,-900.9252,0.1185669,6.474795,12.73285,0.8770732,0.4710475,-0.03715207,0.08646776,-0.4503394,0.0008635867,0.0003952743,5.081476
959.4,-6664.552,8633.192,-898.4642,0.1625664,6.492552,11.89453,0.8973936,0.4310673,-0.0409544,0.08478464,-0.4505393,0.0008187403,0.0004665271,5.097498
959.6,-6664.516,8634.492,-896.1599,0.2034449,6.509056,11.16889,0.9159005,0.3901946,-0.04468259,0.08293277,-0.4507393,0.000767586,0.0005333751,5.112451
959.8,-6664.471,8635.796,-893.9889,0.2410766,6.524256,10.55997,0.9325541,0.348511,-0.04832915,0.08091533,-0.4509394,0.0007105509,0.0005952594,5.126581
960,-6664.419,8637.102,-891.9287,0.2756236,6.538219,10.05871,0.9473178,0.3061004,-0.0518867,0.07873585,-0.4511395,0.0006481112,0.0006516625,5.139978
960.2,-6664.361,8638.411,-889.9592,0.307382,6.551064,9.650882,0.9601591,0.2630483,-0.05534804,0.07639819,-0.4513398,0.0005807893,0.0007021119,5.152765
960.4,-6664.297,8639.723,-888.0632,0.3366922,6.562927,9.321299,0.9710494,0.2194414,-0.0587061,0.07390653,-0.4515401,0.0005091485,0.0007461846,5.165094
960.6,-6664.227,8641.036,-886.2264,0.3638915,6.573944,9.055882,0.9799638,0.175368,-0.061954,0.07126537,-0.4517405,0.0004337891,0.0007835109,5.177026
960.8,-6664.151,8642.352,-884.4373,0.3892916,6.58424,8.842431,0.9868815,0.1309176,-0.06508505,0.06847953,-0.4519411,0.000355343,0.000813777,5.188654
961,-6664.071,8643.67,-882.6866,0.41317,6.593926,8.670763,0.9917858,0.08618039,-0.06809279,0.06555413,-0.4521417,0.0002744689,0.0008367281,5.200037
961.2,-6663.986,8644.989,-880.9668,0.4357684,6.6031,8.532569,0.9946638,0.04124756,-0.07097094,0.06249456,-0.4523424,0.000191846,0.0008521707,5.211206
961.4,-6663.897,8646.311,-879.2719,0.4572942,6.611844,8.421159,0.9955072,-0.003789166,-0.07371347,0.05930655,-0.4525432,0.0001081695,0.0008599742,5.222223
961.6,-6663.803,8647.634,-877.5969,0.4779241,6.62023,8.331181,0.9943115,-0.04883764,-0.07631461,0.05599603,-0.452744,2.41436e-05,0.0008600724,5.233118
961.8,-6663.706,8648.959,-875.9382,0.4978074,6.628316,8.25837,0.9910764,-0.09380547,-0.07876885,0.05256927,-0.452945,-5.95236e-05,0.0008524635,5.24389
962,-6663.604,8650.285,-874.2927,0.5170698,6.636154,8.199336,0.9858059,-0.1386003,-0.08107091,0.04903274,-0.453146,-0.0001421264,0.0008372111,5.254602
962.2,-6663.499,8651.613,-872.6578,0.5358165,6.643786,8.151376,0.9785081,-0.1831298,-0.08321586,0.04539317,-0.4533472,-0.0002229676,0.0008144432,5.265222
962.4,-6663.39,8652.943,-871.0315,0.5541356,6.651246,8.112336,0.9691953,-0.227302,-0.08519898,0.04165751,-0.4535484,-0.0003013638,0.0007843513,5.275781
962.6,-6663.277,8654.273,-869.4124,0.5721006,6.658565,8.080496,0.9578841,-0.2710257,-0.08701595,0.03783296,-0.4537497,-0.000376652,0.000747189,5.28631
962.8,-6663.161,8655.606,-867.799,0.5897725,6.665766,8.054478,0.9445952,-0.31421,-0.08866268,0.03392687,-0.4539511,-0.0004481947,0.0007032703,5.296808
963,-6663.042,8656.94,-866.1902,0.6072019,6.67287,8.033175,0.9293532,-0.3567653,-0.09013546,0.02994683,-0.4541526,-0.0005153856,0.0006529664,5.307275
963.2,-6662.918,8658.275,-864.5854,0.6244311,6.679894,8.015698,0.912187,-0.398603,-0.0914309,0.02590057,-0.4543542,-0.0005776545,0.000596703,5.317682
963.4,-6662.792,8659.612,-862.9838,0.6414949,6.686852,8.00133,0.8931298,-0.4396355,-0.09254593,0.021796,-0.4545558,-0.0006344728,0.0005349568,5.328119
963.6,-6662.662,8660.95,-861.3847,0.6584221,6.693755,7.989489,0.8722181,-0.4797772,-0.09347785,0.01764117,-0.4547576,-0.0006853572,0.0004682516,5.338495
963.8,-6662.528,8662.29,-859.7878,0.6752365,6.700613,7.979707,0.8494931,-0.5189437,-0.09422432,0.01344424,-0.4549594,-0.0007298747,0.0003971538,5.348871
964,-6662.392,8663.631,-858.1927,0.6919578,6.707433,7.971602,0.8249992,-0.5570526,-0.09478335,0.009213528,-0.4551613,-0.000767646,0.0003222677,5.359247
964.2,-6662.251,8664.973,-856.5991,0.7086022,6.714222,7.964865,0.798785,-0.5940235,-0.09515333,0.00495741,-0.4553634,-0.0007983489,0.0002442304,5.369592
964.4,-6662.108,8666.316,-855.0067,0.7251832,6.720986,7.959244,0.7709025,-0.6297782,-0.09533301,0.0006843611,-0.4555655,-0.0008217208,0.0001637065,5.379968
964.6,-6661.961,8667.661,-853.4153,0.7417119,6.727729,7.954534,0.7414074,-0.6642409,-0.09532154,-0.00359708,-0.4557677,-0.0008375619,8.138236e-05,5.390314
964.8,-6661.812,8669.007,-851.8248,0.7581971,6.734454,7.950569,0.7103589,-0.6973382,-0.09511841,-0.007878329,-0.4559699,-0.0008457361,-2.03952e-06,5.400629
965,-6661.658,8670.354,-850.235,0.7746465,6.741165,7.947213,0.6778196,-0.7289996,-0.09472355,-0.01215077,-0.4561723,-0.0008461729,-8.584664e-05,5.410974
965.2,-6661.501,8671.704,-848.6459,0.7910663,6.747864,7.944354,0.6438553,-0.7591571,-0.09413723,-0.01640577,-0.4563748,-0.0008388678,-0.0001693225,5.421289
965.4,-6661.342,8673.054,-847.0573,0.8074614,6.754553,7.941901,0.6085347,-0.7877459,-0.09336013,-0.0206347,-0.4565773,-0.0008238825,-0.0002517528,5.431635
965.6,-6661.179,8674.405,-845.4691,0.8238361,6.761233,7.939781,0.5719299,-0.8147044,-0.09239332,-0.02482897,-0.45678,-0.0008013448,-0.0003324315,5.441949
965.8,-6661.012,8675.759,-843.8813,0.8401938,6.767907,7.937933,0.5341155,-0.839974,-0.09123823,-0.02897999,-0.4569827,-0.000771447,-0.000410667,5.452264
966,-6660.842,8677.112,-842.2939,0.8565373,6.774574,7.936308,0.495169,-0.8634999,-0.08989672,-0.03307927,-0.4571855,-0.0007344451,-0.0004857877,5.462579
966.2,-6660.669,8678.469,-840.7068,0.872869,6.781237,7.934865,0.4551702,-0.8852304,-0.08837099,-0.03711836,-0.4573884,-0.0006906562,-0.0005571484,5.472894
966.4,-6660.493,8679.825,-839.12,0.8891906,6.787896,7.93357,0.4142016,-0.9051178,-0.08666366,-0.04108892,-0.4575914,-0.0006404562,-0.0006241355,5.483209
966.6,-6660.314,8681.184,-837.5334,0.9055038,6.794551,7.932398,0.3723477,-0.9231178,-0.08477771,-0.04498271,-0.4577945,-0.0005842763,-0.0006861726,5.493524
966.8,-6660.131,8682.543,-835.947,0.9218099,6.801203,7.931326,0.3296951,-0.9391903,-0.08271647,-0.04879162,-0.4579977,-0.0005225997,-0.0007427252,5.503839
967,-6659.945,8683.904,-834.3608,0.9381099,6.807852,7.930336,0.2863322,-0.9532991,-0.08048369,-0.05250768,-0.458201,-0.0004559576,-0.0007933056,5.514154
967.2,-6659.756,8685.267,-832.7749,0.9544048,6.814499,7.929411,0.2423492,-0.9654118,-0.07808344,-0.05612308,-0.4584043,-0.0003849244,-0.0008374772,5.524469
967.4,-6659.563,8686.63,-831.1891,0.9706951,6.821145,7.928543,0.1978378,-0.9755005,-0.07552017,-0.0596302,-0.4586078,-0.0003101129,-0.0008748583,5.534784
967.6,-6659.368,8687.994,-829.6035,0.9869815,6.827788,7.927719,0.1528909,-0.9835411,-0.07279868,-0.06302158,-0.4588113,-0.0002321693,-0.0009051257,5.545068
967.8,-6659.168,8689.36,-828.018,1.003265,6.83443,7.926931,0.1076026,-0.989514,-0.06992408,-0.06629,-0.459015,-0.0001517675,-0.0009280171,5.555383
968,-6658.966,8690.729,-826.4327,1.019544,6.841071,7.926175,0.06206789,-0.993404,-0.06690186,-0.06942846,-0.4592187,-6.960331e-05,-0.0009433341,5.565698
968.2,-6658.761,8692.098,-824.8475,1.035822,6.847711,7.925442,0.01638262,-0.9952,-0.06373778,-0.07243019,-0.4594225,1.361164e-05,-0.0009509437,5.575983
968.4,-6658.552,8693.468,-823.2625,1.052096,6.854349,7.92473,-0.029357,-0.9948955,-0.06043796,-0.07528867,-0.4596264,9.71558e-05,-0.0009507795,5.586298
968.6,-6658.34,8694.839,-821.6776,1.067964,6.860176,7.924029,-0.07505434,-0.9924884,-0.05700879,-0.07799768,-0.4598304,0.0001803041,-0.0009428426,5.596582
968.8,-6658.125,8696.211,-820.0929,1.082486,6.863316,7.923331,-0.1206127,-0.987981,-0.05345695,-0.08055124,-0.4600345,0.0002623342,-0.0009272018,5.606897
969,-6657.907,8697.584,-818.5083,1.095901,6.864246,7.922642,-0.1659354,-0.98138,-0.04978942,-0.08294372,-0.4602387,0.0003425329,-0.0009039926,5.617181
969.2,-6657.687,8698.957,-816.9238,1.108453,6.863453,7.921966,-0.210926,-0.9726968,-0.04601342,-0.08516975,-0.460443,0.0004202022,-0.000873417,5.627496
969.4,-6657.464,8700.329,-815.3395,1.120331,6.861315,7.921299,-0.2554888,-0.961947,-0.04213643,-0.08722431,-0.4606474,0.0004946653,-0.0008357409,5.637781
969.6,-6657.238,8701.701,-813.7553,1.131682,6.858125,7.920643,-0.2995285,-0.9491505,-0.03816617,-0.08910272,-0.4608518,0.0005652729,-0.0007912926,5.648096
969.8,-6657.011,8703.072,-812.1713,1.142621,6.854115,7.919994,-0.3429509,-0.9343321,-0.03411056,-0.09080061,-0.4610564,0.0006314089,-0.0007404599,5.65838
970,-6656.781,8704.443,-810.5873,1.153239,6.849465,7.919351,-0.3856628,-0.9175204,-0.02997775,-0.09231403,-0.461261,0.0006924953,-0.0006836867,5.668695
970.2,-6656.55,8705.812,-809.0035,1.163606,6.844316,7.918714,-0.4275723,-0.8987487,-0.02577606,-0.09363932,-0.4614658,0.0007479978,-0.0006214691,5.678979
970.4,-6656.316,8707.181,-807.4198,1.173777,6.838775,7.918079,-0.468589,-0.8780544,-0.02151401,-0.09477327,-0.4616706,0.0007974307,-0.0005543514,5.689264
970.6,-6656.08,8708.548,-805.8363,1.183794,6.832931,7.917449,-0.5086245,-0.855479,-0.01720025,-0.095713,-0.4618755,0.0008403608,-0.0004829216,5.699579
970.8,-6655.842,8709.914,-804.2529,1.193691,6.826849,7.91682,-0.5475918,-0.8310683,-0.01284358,-0.09645604,-0.4620806,0.0008764114,-0.0004078056,5.709863
971,-6655.603,8711.278,-802.6696,1.203495,6.82058,7.916193,-0.5854063,-0.804872,-0.008452917,-0.09700034,-0.4622857,0.0009052661,-0.0003296626,5.720148
971.2,-6655.361,8712.642,-801.0864,1.213225,6.814167,7.915567,-0.6219857,-0.7769437,-0.004037288,-0.09734422,-0.4624909,0.0009266713,-0.0002491789,5.730432
971.4,-6655.118,8714.004,-799.5033,1.222897,6.807642,7.914943,-0.6572501,-0.747341,0.0003942014,-0.09748643,-0.4626962,0.0009404382,-0.0001670621,5.740717
971.6,-6654.872,8715.365,-797.9204,1.232525,6.801028,7.91432,-0.6911221,-0.716125,0.004832373,-0.09742614,-0.4629016,0.0009464459,-8.403465e-05,5.751031
971.8,-6654.625,8716.725,-796.3376,1.242116,6.794345,7.913698,-0.7235274,-0.6833605,0.009268004,-0.09716292,-0.463107,0.0009446408,-8.279071e-07,5.761316
972,-6654.375,8718.083,-794.7549,1.25168,6.787608,7.913076,-0.7543944,-0.6491158,0.01369184,-0.09669678,-0.4633126,0.0009350387,8.182458e-05,5.7716
972.2,-6654.124,8719.439,-793.1724,1.261223,6.780829,7.912455,-0.7836549,-0.6134625,0.01809463,-0.09602814,-0.4635183,0.0009177239,0.0001631934,5.781885
972.4,-6653.871,8720.795,-791.5899,1.270747,6.774018,7.911834,-0.8112437,-0.5764754,0.02246711,-0.09515787,-0.463724,0.0008928492,0.0002425599,5.792169
972.6,-6653.616,8722.149,-790.0076,1.280258,6.767182,7.911214,-0.8370994,-0.5382322,0.02680006,-0.09408723,-0.4639299,0.000860634,0.0003192223,5.802454
972.8,-6653.358,8723.502,-788.4255,1.289758,6.760325,7.910594,-0.861164,-0.4988137,0.03108431,-0.09281792,-0.4641358,0.0008213629,0.000392502,5.812738
973,-6653.1,8724.854,-786.8434,1.29925,6.753453,7.909975,-0.8833833,-0.4583034,0.03531076,-0.09135208,-0.4643418,0.0007753836,0.00046175,5.823022
973.2,-6652.839,8726.203,-785.2615,1.308734,6.746569,7.909355,-0.9037068,-0.416787,0.03947037,-0.08969224,-0.4645479,0.0007231031,0.0005263521,5.833307
973.4,-6652.576,8727.552,-783.6796,1.318213,6.739676,7.908736,-0.9220883,-0.374353,0.04355426,-0.08784137,-0.4647541,0.0006649849,0.000585735,5.843591
973.6,-6652.312,8728.899,-782.098,1.327687,6.732775,7.908117,-0.9384853,-0.3310919,0.04755362,-0.08580284,-0.4649605,0.0006015447,0.0006393708,5.853876
973.8,-6652.045,8730.245,-780.5164,1.337157,6.725868,7.907498,-0.9528599,-0.2870961,0.05145982,-0.08358043,-0.4651668,0.0005333461,0.0006867825,5.86413
974,-6651.777,8731.59,-778.9349,1.346624,6.718957,7.90688,-0.9651783,-0.2424598,0.05526438,-0.08117833,-0.4653733,0.0004609954,0.0007275478,5.874414
974.2,-6651.506,8732.933,-777.3536,1.356088,6.712042,7.906261,-0.975411,-0.1972791,0.05895902,-0.07860111,-0.4655799,0.0003851364,0.0007613033,5.884698
974.4,-6651.234,8734.274,-775.7725,1.36555,6.705125,7.905643,-0.9835331,-0.1516511,0.06253564,-0.07585373,-0.4657865,0.000306445,0.0007877475,5.894983
974.6,-6650.96,8735.615,-774.1914,1.37501,6.698206,7.905025,-0.9895242,-0.1056743,0.06598638,-0.07294154,-0.4659933,0.0002256228,0.000806644,5.905267
974.8,-6650.684,8736.954,-772.6105,1.384469,6.691285,7.904408,-0.9933686,-0.0594481,0.06930359,-0.06987026,-0.4662001,0.0001433912,0.0008178235,5.915521
975,-6650.406,8738.291,-771.0296,1.393925,6.684363,7.90379,-0.9950548,-0.01307273,0.0724799,-0.06664594,-0.4664071,6.048469e-05,0.0008211852,5.925806
975.2,-6650.126,8739.628,-769.4489,1.40338,6.67744,7.903172,-0.9945765,0.03335109,0.07550821,-0.06327501,-0.4666141,-2.235529e-05,0.0008166985,5.93609
975.4,-6649.845,8740.962,-767.8683,1.412834,6.670516,7.902555,-0.9919319,0.07972229,0.07838168,-0.05976421,-0.4668212,-0.0001043873,0.0008044027,5.946344
975.6,-6649.562,8742.296,-766.2879,1.422287,6.663592,7.901937,-0.9871238,0.1259397,0.08109381,-0.05612062,-0.4670284,-0.0001848764,0.0007844073,5.956628
975.8,-6649.276,8743.628,-764.7076,1.431738,6.656667,7.90132,-0.9801599,0.1719023,0.0836384,-0.05235162,-0.4672357,-0.0002631007,0.0007568905,5.966913
976,-6648.989,8744.958,-763.1274,1.441189,6.649742,7.900703,-0.9710526,0.2175093,0.08600958,-0.04846488,-0.4674431,-0.0003383582,0.0007220987,5.977167
976.2,-6648.7,8746.288,-761.5473,1.450638,6.642817,7.900086,-0.959819,0.2626605,0.08820184,-0.04446835,-0.4676506,-0.0004099725,0.0006803435,5.987451
976.4,-6648.409,8747.615,-759.9673,1.460086,6.635891,7.89947,-0.9464808,0.3072566,0.09021001,-0.04037027,-0.4678582,-0.0004772996,0.0006319995,5.997705
976.6,-6648.116,8748.942,-758.3875,1.469533,6.628966,7.898853,-0.9310644,0.3511992,0.09202933,-0.03617908,-0.4680658,-0.0005397333,0.0005775008,6.00799
976.8,-6647.821,8750.268,-756.8078,1.47898,6.62204,7.898236,-0.9136009,0.3943911,0.09365539,-0.03190349,-0.4682736,-0.0005967109,0.0005173376,6.018243
977,-6647.524,8751.591,-755.2282,1.488425,6.615115,7.89762,-0.8941259,0.4367364,0.0950842,-0.02755241,-0.4684814,-0.0006477184,0.0004520514,6.028528
977.2,-6647.226,8752.913,-753.6487,1.497869,6.608189,7.897004,-0.8726796,0.4781413,0.09631217,-0.02313494,-0.4686893,-0.0006922951,0.0003822304,6.038782
977.4,-6646.925,8754.234,-752.0694,1.507312,6.601264,7.896388,-0.8493065,0.5185133,0.09733611,-0.01866035,-0.4688973,-0.0007300379,0.0003085043,6.049036
977.6,-6646.623,8755.554,-750.4902,1.516909,6.594406,7.895772,-0.8240553,0.5577624,0.09815329,-0.01413809,-0.4691055,-0.000760605,0.0002315389,6.05932
977.8,-6646.318,8756.872,-748.9111,1.527026,6.587774,7.895158,-0.7969794,0.5958006,0.09876139,-0.009577723,-0.4693137,-0.0007837193,0.0001520298,6.069574
978,-6646.012,8758.188,-747.3322,1.537568,6.581329,7.894545,-0.7681358,0.6325425,0.09915854,-0.004988945,-0.469522,-0.0007991709,7.069615e-05,6.079828
978.2,-6645.703,8759.505,-745.7533,1.548443,6.575029,7.893931,-0.737586,0.6679054,0.09934331,-0.0003815406,-0.4697303,-0.0008068189,-1.172551e-05,6.090112
978.4,-6645.392,8760.818,-744.1746,1.559578,6.568843,7.893318,-0.7053951,0.7018094,0.09931472,0.004234624,-0.4699388,-0.0008065934,-9.448813e-05,6.100366
978.6,-6645.079,8762.132,-742.5959,1.570914,6.562745,7.892704,-0.6716321,0.7341776,0.09907226,0.008849629,-0.4701474,-0.0007984955,-0.0001768409,6.11062
978.8,-6644.764,8763.444,-741.0175,1.582407,6.556716,7.892091,-0.6363694,0.7649365,0.09861588,0.01345352,-0.470356,-0.000782598,-0.0002580358,6.120874
979,-6644.446,8764.755,-739.4391,1.594022,6.550741,7.891478,-0.5996833,0.7940159,0.09794597,0.01803634,-0.4705648,-0.0007590447,-0.000337335,6.131158
979.2,-6644.126,8766.064,-737.8609,1.605733,6.544807,7.890864,-0.5616531,0.821349,0.0970634,0.02258811,-0.4707737,-0.0007280492,-0.0004140169,6.141412
979.4,-6643.804,8767.373,-736.2828,1.617518,6.538907,7.89025,-0.5223615,0.8468731,0.0959695,0.02709892,-0.4709826,-0.000689893,-0.0004873831,6.151666
979.6,-6643.479,8768.68,-734.7048,1.62936,6.533032,7.889636,-0.4818937,0.870529,0.09466607,0.03155889,-0.4711916,-0.0006449232,-0.0005567649,6.16192
979.8,-6643.152,8769.985,-733.127,1.641247,6.527177,7.889022,-0.4403384,0.8922618,0.09315536,0.03595822,-0.4714008,-0.0005935495,-0.0006215293,6.172174
980,-6642.823,8771.291,-731.5492,1.653168,6.521337,7.888408,-0.3977864,0.9120206,0.09144009,0.04028719,-0.47161,-0.0005362401,-0.0006810846,6.182428
980.2,-6642.491,8772.595,-729.9716,1.665115,6.515509,7.887794,-0.354331,0.9297589,0.08952342,0.04453623,-0.4718193,-0.0004735184,-0.0007348865,6.192682
980.4,-6642.157,8773.896,-728.394,1.677084,6.509691,7.88718,-0.3100679,0.9454345,0.08740897,0.04869587,-0.4720287,-0.0004059575,-0.0007824425,6.202936
980.6,-6641.82,8775.198,-726.8167,1.689068,6.50388,7.886566,-0.2650947,0.9590096,0.08510081,0.05275683,-0.4722382,-0.0003341754,-0.0008233171,6.21319
980.8,-6641.481,8776.498,-725.2394,1.701064,6.498075,7.885952,-0.2195108,0.9704513,0.08260342,0.05670999,-0.4724478,-0.0002588296,-0.0008571354,6.223444
981,-6641.14,8777.798,-723.6623,1.713068,6.492274,7.885338,-0.1734171,0.9797311,0.07992174,0.06054645,-0.4726575,-0.0001806104,-0.0008835871,6.233698
981.2,-6640.796,8779.096,-722.0853,1.72508,6.486476,7.884724,-0.1269161,0.9868256,0.07706112,0.06425751,-0.4728673,-0.0001002358,-0.0009024289,6.243951
981.4,-6640.45,8780.392,-720.5084,1.737097,6.480681,7.88411,-0.08011112,0.991716,0.07402732,0.06783473,-0.4730771,-1.844367e-05,-0.0009134874,6.254205
981.6,-6640.101,8781.688,-718.9316,1.749118,6.474888,7.883497,-0.03310668,0.9943883,0.07082651,0.07126994,-0.4732871,6.40139e-05,-0.0009166608,6.264459
981.8,-6639.75,8782.982,-717.355,1.761141,6.469097,7.882884,0.01399217,0.9948338,0.06746522,0.0745552,-0.4734972,0.0001463782,-0.0009119193,6.274683
982,-6639.396,8784.275,-715.7785,1.773166,6.463307,7.88227,0.06107992,0.9930483,0.0639504,0.07768294,-0.4737073,0.0002278907,-0.0008993066,6.284937
982.2,-6639.041,8785.567,-714.2021,1.785192,6.457518,7.881657,0.1080508,0.9890331,0.06028931,0.08064586,-0.4739176,0.0003077999,-0.0008789385,6.29519
982.4,-6638.683,8786.858,-712.6259,1.797219,6.45173,7.881043,0.1547992,0.9827942,0.05648961,0.08343701,-0.474128,0.0003853684,-0.0008510028,6.305444
982.6,-6638.322,8788.148,-711.0497,1.809246,6.445942,7.880431,0.2012196,0.9743426,0.05255926,0.08604978,-0.4743384,0.0004598796,-0.0008157572,6.315668
982.8,-6637.959,8789.437,-709.4737,1.821273,6.440155,7.879817,0.2472072,0.9636946,0.04850655,0.08847795,-0.474549,0.0005306448,-0.0007735274,6.325922
983,-6637.593,8790.724,-707.8978,1.8333,6.434368,7.879205,0.2926577,0.9508712,0.04434007,0.09071568,-0.4747596,0.000597009,-0.0007247039,6.336176
983.2,-6637.226,8792.011,-706.322,1.845326,6.428581,7.878592,0.3374679,0.9358985,0.04006869,0.0927575,-0.4749703,0.0006583576,-0.0006697388,6.346399
983.4,-6636.855,8793.296,-704.7463,1.857351,6.422794,7.877979,0.3815359,0.9188073,0.03570154,0.09459838,-0.4751812,0.0007141216,-0.0006091414,6.356653
983.6,-6636.482,8794.579,-703.1708,1.869375,6.417007,7.877367,0.4247611,0.8996336,0.03124801,0.09623372,-0.4753921,0.0007637835,-0.000543474,6.366876
983.8,-6636.107,8795.862,-701.5954,1.881399,6.411221,7.876755,0.4670446,0.878418,0.0267177,0.09765933,-0.4756031,0.0008068819,-0.0004733462,6.37713
984,-6635.73,8797.144,-700.0201,1.893422,6.405434,7.876143,0.5082897,0.8552057,0.02212043,0.0988715,-0.4758142,0.0008430161,-0.0003994098,6.387384
984.2,-6635.35,8798.425,-698.4449,1.905444,6.399648,7.87553,0.5484014,0.8300467,0.01746619,0.09986696,-0.4760254,0.0008718495,-0.0003223528,6.397607
984.4,-6634.968,8799.704,-696.8699,1.917464,6.393861,7.874918,0.5872873,0.8029954,0.01276514,0.1006429,-0.4762367,0.0008931137,-0.0002428926,6.407831
984.6,-6634.583,8800.982,-695.295,1.929484,6.388074,7.874306,0.6248577,0.7741109,0.008027584,0.101197,-0.4764481,0.00090661,-0.00016177,6.418085
984.8,-6634.196,8802.259,-693.7202,1.941503,6.382288,7.873694,0.6610253,0.7434561,0.00326395,0.1015275,-0.4766596,0.0009122122,-7.974183e-05,6.428308
985,-6633.807,8803.535,-692.1455,1.95352,6.376501,7.873083,0.6957063,0.7110986,-0.001515247,0.1016329,-0.4768712,0.000909868,2.425871e-06,6.438562
985.2,-6633.415,8804.81,-690.5709,1.965536,6.370715,7.872471,0.7288197,0.6771096,-0.006299414,0.1015125,-0.4770828,0.0008995987,8.396501e-05,6.448785
985.4,-6633.02,8806.083,-688.9965,1.977552,6.364928,7.87186,0.7602879,0.6415645,-0.01107791,0.1011659,-0.4772946,0.0008815003,0.0001641126,6.459009
985.6,-6632.624,8807.355,-687.4222,1.989566,6.359141,7.871249,0.7900373,0.6045421,-0.01584006,0.1005932,-0.4775065,0.0008557419,0.0002421181,6.469263
985.8,-6632.225,8808.627,-685.848,2.001579,6.353354,7.870637,0.8179976,0.566125,-0.02057519,0.09979515,-0.4777185,0.0008225645,0.0003172502,6.479486
986,-6631.823,8809.896,-684.2739,2.01359,6.347567,7.870026,0.8441027,0.526399,-0.02527266,0.09877288,-0.4779305,0.0007822792,0.0003888037,6.489709
986.2,-6631.419,8811.166,-682.7,2.025601,6.34178,7.869415,0.8682903,0.4854532,-0.02992185,0.09752807,-0.4781427,0.0007352637,0.0004561067,6.499963
986.4,-6631.013,8812.434,-681.1262,2.03761,6.335993,7.868804,0.8905028,0.4433798,-0.03451223,0.0960629,-0.4783549,0.0006819598,0.0005185262,6.510187
986.6,-6630.604,8813.7,-679.5525,2.049618,6.330206,7.868194,0.9106866,0.4002734,-0.03903334,0.09438005,-0.4785672,0.0006228682,0.0005754749,6.52041
986.8,-6630.193,8814.966,-677.9789,2.061625,6.324419,7.867583,0.9287928,0.3562315,-0.04347487,0.09248271,-0.4787797,0.0005585452,0.0006264159,6.530634
987,-6629.779,8816.23,-676.4055,2.073631,6.318631,7.866972,0.9447771,0.3113538,-0.04782661,0.09037454,-0.4789922,0.0004895966,0.000670869,6.540857
987.2,-6629.363,8817.493,-674.8321,2.086508,6.31343,7.866366,0.9586002,0.2657423,-0.05207856,0.08805971,-0.4792048,0.0004166723,0.0007084142,6.55108
987.4,-6628.944,8818.756,-673.2589,2.101533,6.309676,7.865767,0.9702273,0.2195008,-0.05622086,0.08554287,-0.4794175,0.0003404605,0.0007386966,6.561304
987.6,-6628.522,8820.018,-671.6858,2.11826,6.307067,7.865173,0.9796289,0.1727348,-0.0602439,0.08282913,-0.4796303,0.000261681,0.0007614294,6.571527
987.8,-6628.097,8821.278,-670.1128,2.136314,6.305352,7.864582,0.9867803,0.1255512,-0.06413828,0.07992407,-0.4798432,0.0001810787,0.000776397,6.581781
988,-6627.668,8822.539,-668.54,2.1554,6.304332,7.86399,0.9916621,0.0780582,-0.06789486,0.07683372,-0.4800562,9.941646e-05,0.000783457,6.592004
988.2,-6627.235,8823.8,-666.9672,2.175292,6.303854,7.863398,0.9942602,0.03036483,-0.07150479,0.07356457,-0.4802693,1.74677e-05,0.0007825418,6.602228
988.4,-6626.798,8825.061,-665.3946,2.195809,6.303799,7.862803,0.9945654,-0.01741909,-0.0749595,0.0701235,-0.4804825,-6.399054e-05,0.0007736592,6.612421
988.6,-6626.356,8826.321,-663.8221,2.216815,6.304072,7.862207,0.9925741,-0.06518333,-0.07825075,0.06651784,-0.4806958,-0.0001441852,0.0007568927,6.622644
988.8,-6625.911,8827.583,-662.2497,2.238199,6.304601,7.861609,0.9882878,-0.1128174,-0.08137065,0.06275531,-0.4809091,-0.0002223543,0.0007324007,6.632867
989,-6625.461,8828.844,-660.6774,2.25988,6.305329,7.861009,0.9817135,-0.160211,-0.08431165,0.05884401,-0.4811226,-0.0002977548,0.0007004155,6.643091
989.2,-6625.007,8830.104,-659.1053,2.281789,6.306212,7.860408,0.9728633,-0.207254,-0.08706658,0.05479241,-0.4813361,-0.0003696688,0.0006612403,6.653314
989.4,-6624.548,8831.366,-657.5333,2.303877,6.307217,7.859805,0.9617547,-0.253837,-0.08962869,0.05060933,-0.4815498,-0.0004374112,0.0006152474,6.663538
989.6,-6624.085,8832.628,-655.9614,2.326103,6.308314,7.859201,0.9484107,-0.2998511,-0.09199162,0.04630393,-0.4817635,-0.0005003359,0.0005628744,6.673761
989.8,-6623.618,8833.89,-654.3896,2.348436,6.309484,7.858596,0.9328591,-0.3451889,-0.09414945,0.04188567,-0.4819773,-0.0005578422,0.0005046201,6.683954
990,-6623.146,8835.151,-652.8179,2.370852,6.310711,7.857991,0.9151332,-0.3897442,-0.09609669,0.03736431,-0.4821912,-0.0006093805,0.0004410401,6.694177
990.2,-6622.67,8836.414,-651.2464,2.393332,6.311982,7.857385,0.8952715,-0.4334121,-0.09782836,0.03274988,-0.4824052,-0.0006544577,0.0003727411,6.704401
990.4,-6622.189,8837.676,-649.675,2.415862,6.313287,7.856779,0.8733172,-0.47609,-0.09933988,0.02805266,-0.4826194,-0.0006926421,0.0003003759,6.714624
990.6,-6621.704,8838.939,-648.1037,2.43843,6.314618,7.856172,0.8493189,-0.5176769,-0.1006272,0.02328316,-0.4828336,-0.0007235674,0.0002246364,6.724817
990.8,-6621.213,8840.202,-646.5325,2.461026,6.315969,7.855565,0.8233298,-0.5580747,-0.1016868,0.0184521,-0.4830479,-0.0007469365,0.0001462478,6.73504
991,-6620.719,8841.466,-644.9615,2.483645,6.317335,7.854957,0.795408,-0.5971872,-0.1025156,0.01357035,-0.4832623,-0.0007625247,6.596126e-05,6.745264
991.2,-6620.22,8842.729,-643.3906,2.50628,6.318713,7.85435,0.7656161,-0.6349216,-0.1031111,0.008648986,-0.4834768,-0.0007701816,-1.5453e-05,6.755457
991.4,-6619.716,8843.993,-641.8198,2.528927,6.3201,7.853743,0.7340213,-0.6711876,-0.1034712,0.003699173,-0.4836913,-0.0007698328,-9.721331e-05,6.76568
991.6,-6619.208,8845.257,-640.249,2.551584,6.321494,7.853135,0.7006953,-0.7058985,-0.1035946,-0.001267796,-0.483906,-0.0007614808,-0.0001785339,6.775873
991.8,-6618.696,8846.521,-638.6785,2.574246,6.322893,7.852528,0.6657137,-0.738971,-0.1034802,-0.00624055,-0.4841208,-0.0007452053,-0.0002586325,6.786096
992,-6618.179,8847.786,-637.108,2.596914,6.324296,7.851921,0.6291565,-0.7703253,-0.1031278,-0.01120767,-0.4843356,-0.0007211621,-0.0003367378,6.796289
992.2,-6617.657,8849.051,-635.5377,2.619584,6.325701,7.851313,0.5911074,-0.7998856,-0.1025374,-0.01615769,-0.4845506,-0.0006895823,-0.000412097,6.806512
992.4,-6617.131,8850.316,-633.9675,2.642256,6.327108,7.850706,0.5516538,-0.8275802,-0.1017097,-0.02107916,-0.4847656,-0.0006507697,-0.0004839832,6.816705
992.6,-6616.6,8851.582,-632.3975,2.664929,6.328517,7.850099,0.5108865,-0.8533413,-0.1006461,-0.02596064,-0.4849808,-0.0006050985,-0.000551702,6.826929
992.8,-6616.065,8852.848,-630.8275,2.687602,6.329926,7.849492,0.4688998,-0.8771059,-0.09934831,-0.03079076,-0.4851961,-0.0005530093,-0.0006145991,6.837122
993,-6615.525,8854.114,-629.2576,2.710274,6.331335,7.848885,0.425791,-0.8988154,-0.09781872,-0.0355582,-0.4854114,-0.0004950052,-0.0006720658,6.847314
993.2,-6614.981,8855.381,-627.6879,2.732945,6.332745,7.848278,0.3816602,-0.9184159,-0.09606026,-0.04025176,-0.4856268,-0.0004316473,-0.0007235456,6.857538
993.4,-6614.432,8856.647,-626.1183,2.755615,6.334154,7.847671,0.3366101,-0.9358584,-0.09407635,-0.04486036,-0.4858424,-0.000363549,-0.0007685394,6.867731
993.6,-6613.878,8857.914,-624.5488,2.778283,6.335562,7.847064,0.2907459,-0.9510987,-0.09187099,-0.04937309,-0.486058,-0.0002913701,-0.0008066107,6.877924
993.8,-6613.321,8859.182,-622.9795,2.80095,6.33697,7.846458,0.244175,-0.9640982,-0.08944868,-0.05377922,-0.4862737,-0.0002158109,-0.0008373897,6.888147
994,-6612.758,8860.449,-621.4103,2.823614,6.338378,7.845851,0.1970066,-0.9748229,-0.08681447,-0.05806822,-0.4864896,-0.000137605,-0.0008605769,6.89834
994.2,-6612.191,8861.717,-619.8412,2.846276,6.339785,7.845245,0.1493516,-0.9832446,-0.08397391,-0.06222978,-0.4867055,-5.751272e-05,-0.0008759468,6.908533
994.4,-6611.62,8862.984,-618.2722,2.868937,6.34119,7.844639,0.1013223,-0.9893402,-0.08093303,-0.06625389,-0.4869215,2.368687e-05,-0.0008833492,6.918726
994.6,-6611.043,8864.253,-616.7033,2.891594,6.342596,7.844033,0.05303207,-0.9930922,-0.07769838,-0.07013077,-0.4871376,0.000105203,-0.000882712,6.928918
994.8,-6610.463,8865.521,-615.1346,2.91425,6.343999,7.843427,0.004595247,-0.9944887,-0.07427698,-0.073851,-0.4873539,0.000186241,-0.0008740409,6.939111
995,-6609.878,8866.791,-613.5659,2.936903,6.345403,7.842821,-0.04387328,-0.9935232,-0.07067631,-0.07740548,-0.4875702,0.0002660101,-0.0008574203,6.949335
995.2,-6609.288,8868.06,-611.9974,2.959553,6.346805,7.842215,-0.09225829,-0.9901949,-0.06690428,-0.08078542,-0.4877866,0.0003437315,-0.0008330124,6.959528
995.4,-6608.694,8869.329,-610.4291,2.982201,6.348206,7.841609,-0.1404445,-0.9845086,-0.06296927,-0.08398245,-0.4880031,0.0004186452,-0.0008010555,6.96972
995.6,-6608.095,8870.6,-608.8608,3.004847,6.349607,7.841004,-0.1883168,-0.9764747,-0.05888003,-0.08698859,-0.4882197,0.0004900182,-0.000761862,6.979913
995.8,-6607.492,8871.869,-607.2927,3.02749,6.351006,7.840398,-0.2357607,-0.9661094,-0.05464572,-0.08979628,-0.4884364,0.0005571516,-0.0007158157,6.990106
996,-6606.884,8873.14,-605.7246,3.050131,6.352404,7.839793,-0.2826624,-0.9534342,-0.05027589,-0.09239838,-0.4886532,0.0006193871,-0.0006633677,7.000299
996.2,-6606.272,8874.41,-604.1567,3.072768,6.353801,7.839188,-0.3289091,-0.9384765,-0.04578044,-0.09478824,-0.4888701,0.0006761141,-0.0006050325,7.010492
996.4,-6605.655,8875.682,-602.5889,3.095404,6.355197,7.838583,-0.3743894,-0.9212689,-0.04116957,-0.09695964,-0.4890871,0.0007267752,-0.0005413828,7.020685
996.6,-6605.034,8876.952,-601.0213,3.118037,6.356592,7.837977,-0.4189934,-0.9018498,-0.03645382,-0.0989069,-0.4893042,0.0007708725,-0.0004730443,7.030847
996.8,-6604.408,8878.224,-599.4537,3.140667,6.357986,7.837373,-0.4626133,-0.8802626,-0.03164403,-0.1006248,-0.4895214,0.0008079719,-0.0004006891,7.04104
997,-6603.778,8879.495,-597.8864,3.163295,6.359379,7.836768,-0.505143,-0.8565564,-0.02675126,-0.1021087,-0.4897387,0.000837708,-0.0003250298,7.051233
997.2,-6603.143,8880.768,-596.319,3.18592,6.360771,7.836164,-0.5464791,-0.830785,-0.02178684,-0.1033544,-0.4899561,0.0008597873,-0.000246812,7.061426
997.4,-6602.503,8882.04,-594.7519,3.208543,6.362162,7.835559,-0.5865208,-0.8030079,-0.01676229,-0.1043584,-0.4901735,0.000873992,-0.0001668075,7.071619
997.6,-6601.859,8883.312,-593.1848,3.231163,6.363552,7.834954,-0.6251702,-0.773289,-0.01168934,-0.1051176,-0.4903911,0.0008801814,-8.580623e-05,7.081812
997.8,-6601.211,8884.585,-591.6179,3.253781,6.364941,7.83435,-0.6623323,-0.7416974,-0.006579852,-0.1056295,-0.4906088,0.0008782942,-4.608899e-06,7.091974
998,-6600.558,8885.858,-590.0511,3.276396,6.366329,7.833746,-0.6979159,-0.7083066,-0.001445833,-0.1058923,-0.4908266,0.0008683488,7.598116e-05,7.102167
998.2,-6599.9,8887.132,-588.4844,3.299008,6.367715,7.833142,-0.7318329,-0.6731946,0.00370061,-0.1059047,-0.4910444,0.0008504434,0.0001551658,7.11236
998.4,-6599.238,8888.405,-586.9178,3.321618,6.369101,7.832538,-0.7639996,-0.6364441,0.008847298,-0.105666,-0.4912624,0.000824755,0.0002321602,7.122522
998.6,-6598.572,8889.68,-585.3514,3.344225,6.370486,7.831934,-0.7943357,-0.5981415,0.013982,-0.105176,-0.4914805,0.0007915383,0.0003062003,7.132715
998.8,-6597.9,8890.954,-583.785,3.36683,6.371869,7.83133,-0.8227658,-0.5583773,0.01909249,-0.1044352,-0.4916987,0.0007511228,0.0003765507,7.142908
999,-6597.225,8892.229,-582.2189,3.389432,6.373252,7.830727,-0.8492184,-0.5172458,0.02416652,-0.1034447,-0.4919169,0.0007039096,0.000442512,7.15307
999.2,-6596.545,8893.503,-580.6528,3.412032,6.374633,7.830123,-0.873627,-0.4748448,0.0291919,-0.1022063,-0.4921353,0.0006503682,0.0005034277,7.163263
999.4,-6595.86,8894.778,-579.0868,3.434629,6.376014,7.82952,-0.8959297,-0.4312753,0.03415653,-0.1007221,-0.4923537,0.0005910313,0.0005586911,7.173425
999.6,-6595.171,8896.054,-577.5209,3.457223,6.377393,7.828917,-0.9160697,-0.3866414,0.03904837,-0.09899499,-0.4925723,0.0005264897,0.000607751,7.183618
999.8,-6594.477,8897.329,-575.9553,3.479815,6.378771,7.828314,-0.9339952,-0.3410501,0.04385556,-0.09702854,-0.4927909,0.0004573871,0.0006501175,7.193781
1000,-6593.779,8898.604,-574.3896,3.502404,6.380149,7.827711,-0.9496598,-0.2946108,0.04856636,-0.09482675,-0.4930097,0.0003844128,0.0006853672,7.203973
1000.2,-6593.076,8899.881,-572.8242,3.524991,6.381525,7.827108,-0.9630224,-0.2474355,0.05316922,-0.09239426,-0.4932285,0.0003082957,0.0007131473,7.214136
1000.4,-6592.369,8901.157,-571.2588,3.547575,6.3829,7.826505,-0.9740474,-0.1996378,0.05765283,-0.08973628,-0.4934474,0.0002297969,0.0007331793,7.224329
1000.6,-6591.657,8902.435,-569.6935,3.570157,6.384274,7.825902,-0.9827049,-0.1513335,0.0620061,-0.08685856,-0.4936664,0.0001497019,0.000745262,7.234491
1000.8,-6590.941,8903.711,-568.1284,3.592736,6.385647,7.8253,-0.9889708,-0.1026395,0.06621824,-0.08376741,-0.4938856,6.881292e-05,0.0007492736,7.244653
1001,-6590.22,8904.988,-566.5634,3.615313,6.387019,7.824697,-0.9928266,-0.05367431,0.07027873,-0.0804697,-0.4941048,-1.205897e-05,0.0007451731,7.254846
1001.2,-6589.495,8906.266,-564.9985,3.637887,6.38839,7.824095,-0.9942596,-0.004557039,0.07417739,-0.07697278,-0.4943241,-9.210219e-05,0.0007330008,7.265009
1001.4,-6588.765,8907.544,-563.4338,3.660458,6.38976,7.823493,-0.9932632,0.04459242,0.0779044,-0.07328454,-0.4945435,-0.0001705127,0.0007128781,7.275171
1001.6,-6588.031,8908.822,-561.8691,3.683027,6.391129,7.822891,-0.9898366,0.09365385,0.0814503,-0.06941336,-0.494763,-0.000246502,0.0006850066,7.285364
1001.8,-6587.292,8910.101,-560.3046,3.705593,6.392497,7.822289,-0.9839851,0.142507,0.08480605,-0.06536808,-0.4949826,-0.0003193054,0.0006496656,7.295526
1002,-6586.548,8911.379,-558.7402,3.728157,6.393864,7.821687,-0.9757197,0.1910319,0.08796304,-0.06115798,-0.4952023,-0.0003881893,0.0006072103,7.305688
1002.2,-6585.8,8912.658,-557.176,3.750718,6.395229,7.821085,-0.9650577,0.239109,0.09091308,-0.05679281,-0.4954221,-0.0004524592,0.0005580678,7.315851
1002.4,-6585.048,8913.938,-555.6118,3.773277,6.396594,7.820483,-0.9520218,0.2866197,0.09364848,-0.05228271,-0.495642,-0.0005114661,0.0005027329,7.326013
1002.6,-6584.291,8915.217,-554.0478,3.795833,6.397957,7.819882,-0.9366413,0.3334465,0.09616203,-0.0476382,-0.495862,-0.0005646138,0.0004417637,7.336176
1002.8,-6583.53,8916.496,-552.4838,3.818386,6.39932,7.81928,-0.9189507,0.3794734,0.09844703,-0.04287019,-0.4960821,-0.0006113647,0.0003757753,7.346368
1003,-6582.764,8917.776,-550.92,3.840937,6.400681,7.818679,-0.8989905,0.4245858,0.1004973,-0.0379899,-0.4963023,-0.0006512451,0.0003054346,7.356531
1003.2,-6581.994,8919.057,-549.3564,3.863486,6.402042,7.818078,-0.876807,0.4686716,0.1023073,-0.0330089,-0.4965226,-0.0006838508,0.0002314529,7.366693
1003.4,-6581.218,8920.337,-547.7928,3.886031,6.403401,7.817477,-0.8524519,0.5116207,0.1038719,-0.02793901,-0.4967429,-0.0007088507,0.0001545792,7.376855
1003.6,-6580.439,8921.618,-546.2294,3.908575,6.40476,7.816876,-0.8259826,0.5533254,0.1051866,-0.02279233,-0.4969634,-0.0007259905,7.559243e-05,7.387018
1003.8,-6579.655,8922.898,-544.6661,3.931115,6.406117,7.816275,-0.7974616,0.5936812,0.1062477,-0.0175812,-0.497184,-0.0007350954,-4.706127e-06,7.39718
1004,-6578.867,8924.181,-543.1029,3.953654,6.407474,7.815674,-0.7669567,0.6325864,0.1070517,-0.01231814,-0.4974046,-0.000736072,-8.550125e-05,7.407343
1004.2,-6578.074,8925.462,-541.5398,3.976189,6.408829,7.815073,-0.7345409,0.669943,0.107596,-0.007015869,-0.4976254,-0.0007289097,-0.0001659718,7.417505
1004.4,-6577.276,8926.744,-539.9769,3.998722,6.410183,7.814473,-0.7002919,0.7056562,0.1078787,-0.001687226,-0.4978463,-0.0007136804,-0.0002452993,7.427637
1004.6,-6576.474,8928.026,-538.414,4.021253,6.411536,7.813873,-0.6642922,0.7396354,0.1078982,0.003654829,-0.4980672,-0.0006905385,-0.0003226759,7.437799
1004.8,-6575.667,8929.309,-536.8513,4.04378,6.412888,7.813272,-0.6266288,0.771794,0.1076539,0.008997253,-0.4982883,-0.000659719,-0.0003973131,7.447961
1005,-6574.856,8930.591,-535.2887,4.066306,6.414239,7.812672,-0.5873932,0.8020497,0.1071457,0.01432696,-0.4985094,-0.0006215356,-0.0004684494,7.458124
1005.2,-6574.041,8931.874,-533.7263,4.088829,6.415589,7.812072,-0.5466808,0.8303248,0.106374,0.01963084,-0.4987307,-0.0005763773,-0.0005353586,7.468286
1005.4,-6573.221,8933.157,-532.1639,4.111349,6.416938,7.811472,-0.5045909,0.8565464,0.10534,0.02489581,-0.498952,-0.0005247049,-0.0005973565,7.478448
1005.6,-6572.396,8934.44,-530.6016,4.133867,6.418286,7.810873,-0.4612266,0.8806463,0.1040456,0.03010883,-0.4991735,-0.0004670465,-0.0006538092,7.48858
1005.8,-6571.567,8935.725,-529.0396,4.156382,6.419632,7.810273,-0.4166942,0.9025619,0.1024933,0.03525692,-0.499395,-0.0004039915,-0.0007041382,7.498743
1006,-6570.734,8937.009,-527.4775,4.178895,6.420979,7.809673,-0.3711033,0.9222355,0.1006861,0.04032725,-0.4996167,-0.0003361855,-0.000747828,7.508905
1006.2,-6569.896,8938.293,-525.9156,4.201405,6.422323,7.809074,-0.3245665,0.939615,0.09862788,0.0453071,-0.4998384,-0.0002643233,-0.00078443,7.519037
1006.4,-6569.053,8939.578,-524.3539,4.223912,6.423667,7.808475,-0.2771986,0.954654,0.096323,0.05018395,-0.5000603,-0.0001891423,-0.0008135684,7.529199
1006.6,-6568.207,8940.862,-522.7923,4.246417,6.42501,7.807875,-0.2291172,0.9673119,0.09377648,0.05494548,-0.5002822,-0.0001114143,-0.0008349434,7.539362
1006.8,-6567.355,8942.147,-521.2308,4.268919,6.426351,7.807276,-0.1804417,0.9775537,0.09099396,0.05957961,-0.5005043,-3.193829e-05,-0.000848335,7.549493
1007,-6566.499,8943.433,-519.6694,4.291419,6.427691,7.806677,-0.1312933,0.9853505,0.0879817,0.06407454,-0.5007264,4.84681e-05,-0.0008536053,7.559656
1007.2,-6565.638,8944.719,-518.1081,4.313916,6.429031,7.806078,-0.08179452,0.9906799,0.08474652,0.06841875,-0.5009487,0.0001289768,-0.0008506994,7.569788
1007.4,-6564.773,8946.005,-516.5469,4.336411,6.430369,7.805479,-0.03206928,0.9935248,0.08129586,0.07260107,-0.501171,0.000208758,-0.0008396472,7.57995
1007.6,-6563.904,8947.291,-514.9859,4.358903,6.431707,7.804881,0.0177578,0.9938751,0.07763766,0.0766107,-0.5013934,0.0002869884,-0.0008205624,7.590082
1007.8,-6563.03,8948.577,-513.425,4.381393,6.433043,7.804282,0.06756155,0.9917266,0.07378049,0.08043721,-0.501616,0.0003628603,-0.000793642,7.600244
1008,-6562.151,8949.864,-511.8642,4.40388,6.434379,7.803684,0.1172166,0.9870814,0.06973337,0.08407058,-0.5018386,0.0004355891,-0.000759164,7.610376
1008.2,-6561.268,8951.151,-510.3035,4.426364,6.435713,7.803085,0.1665976,0.9799478,0.06550587,0.08750127,-0.5020614,0.0005044225,-0.0007174849,7.620538
1008.4,-6560.38,8952.438,-508.743,4.448846,6.437046,7.802487,0.2155798,0.9703407,0.06110802,0.09072018,-0.5022842,0.0005686474,-0.0006690364,7.63067
1008.6,-6559.489,8953.726,-507.1825,4.471326,6.438378,7.801889,0.264039,0.9582809,0.05655034,0.09371872,-0.5025072,0.0006275981,-0.0006143203,7.640802
1008.8,-6558.592,8955.014,-505.6222,4.493803,6.43971,7.801291,0.311852,0.9437957,0.05184375,0.09648881,-0.5027303,0.0006806629,-0.0005539044,7.650964
1009,-6557.691,8956.302,-504.062,4.516277,6.44104,7.800693,0.3588972,0.9269187,0.04699963,0.09902292,-0.5029534,0.0007272906,-0.0004884159,7.661096
1009.2,-6556.786,8957.59,-502.5019,4.538749,6.442369,7.800095,0.4050545,0.9076893,0.04202969,0.1013141,-0.5031766,0.0007669964,-0.0004185356,7.671228
1009.4,-6555.875,8958.879,-500.942,4.561218,6.443696,7.799498,0.4502059,0.886153,0.03694605,0.1033559,-0.5034,0.0007993669,-0.0003449903,7.68139
1009.6,-6554.961,8960.168,-499.3821,4.583685,6.445024,7.7989,0.4942355,0.8623616,0.03176114,0.1051426,-0.5036234,0.0008240651,-0.000268546,7.691522
1009.8,-6554.042,8961.457,-497.8224,4.606149,6.44635,7.798303,0.5370301,0.8363724,0.02648766,0.106669,-0.503847,0.0008408332,-0.0001899995,7.701654
1010,-6553.119,8962.746,-496.2628,4.628611,6.447674,7.797705,0.5784795,0.8082485,0.02113863,0.1079306,-0.5040706,0.0008494961,-0.0001101701,7.711786
1010.2,-6552.19,8964.036,-494.7033,4.65107,6.448998,7.797108,0.6184766,0.7780585,0.01572728,0.1089235,-0.5042944,0.0008499632,-2.989166e-05,7.721918
1010.4,-6551.258,8965.326,-493.144,4.673527,6.450321,7.796511,0.6569177,0.7458766,0.01026703,0.1096444,-0.5045183,0.0008422292,4.999675e-05,7.73205
1010.6,-6550.321,8966.616,-491.5847,4.695981,6.451643,7.795914,0.6937028,0.711782,0.004771514,0.1100909,-0.5047422,0.0008263749,0.0001286593,7.742212
1010.8,-6549.38,8967.906,-490.0256,4.718432,6.452963,7.795317,0.728736,0.6758592,-0.000745533,0.1102611,-0.5049663,0.000802566,0.0002052721,7.752344
1011,-6548.434,8969.197,-488.4666,4.740881,6.454283,7.79472,0.7619258,0.6381974,-0.006270254,0.1101537,-0.5051904,0.0007710517,0.000279032,7.762476
1011.2,-6547.483,8970.488,-486.9077,4.763327,6.455601,7.794124,0.7931848,0.5988904,-0.01178872,0.1097684,-0.5054147,0.0007321623,0.000349165,7.772607
1011.4,-6546.528,8971.779,-485.3489,4.785771,6.456919,7.793527,0.8224308,0.5580365,-0.01728699,0.1091054,-0.505639,0.0006863058,0.0004149345,7.782739
1011.6,-6545.569,8973.071,-483.7903,4.808212,6.458235,7.792931,0.8495862,0.5157382,-0.02275109,0.1081655,-0.5058634,0.0006339638,0.0004756489,7.792871
1011.8,-6544.605,8974.362,-482.2318,4.830651,6.459551,7.792335,0.8745788,0.4721018,-0.02816709,0.1069505,-0.506088,0.0005756865,0.0005306693,7.803003
1012,-6543.637,8975.654,-480.6733,4.853087,6.460865,7.791738,0.8973417,0.4272374,-0.03352116,0.1054626,-0.5063126,0.0005120873,0.0005794158,7.813135
1012.2,-6542.664,8976.947,-479.1151,4.875521,6.462179,7.791142,0.9178137,0.3812584,-0.03879955,0.1037049,-0.5065374,0.0004438358,0.0006213744,7.823267
1012.4,-6541.687,8978.239,-477.5569,4.897952,6.463491,7.790546,0.9359391,0.3342813,-0.04398865,0.1016812,-0.5067622,0.0003716517,0.0006561019,7.833368
1012.6,-6540.705,8979.532,-475.9988,4.920381,6.464802,7.78995,0.9516683,0.2864256,-0.04907504,0.0993958,-0.5069872,0.0002962968,0.0006832311,7.8435
1012.8,-6539.719,8980.825,-474.4409,4.942807,6.466113,7.789355,0.9649577,0.237813,-0.05404551,0.09685392,-0.5072122,0.0002185671,0.0007024747,7.853632
1013,-6538.728,8982.119,-472.8831,4.96523,6.467422,7.788759,0.9757699,0.1885678,-0.05888709,0.0940613,-0.5074373,0.0001392843,0.0007136284,7.863763
1013.2,-6537.732,8983.412,-471.3254,4.987651,6.46873,7.788164,0.9840739,0.1388159,-0.0635871,0.0910244,-0.5076626,5.928759e-05,0.0007165733,7.873895
1013.4,-6536.732,8984.706,-469.7679,5.01007,6.470037,7.787568,0.9898448,0.08868487,-0.06813318,0.08775029,-0.5078879,-2.057574e-05,0.0007112776,7.883997
1013.6,-6535.729,8986.001,-468.2104,5.032485,6.471343,7.786973,0.9930645,0.03830363,-0.07251331,0.08424672,-0.5081133,-9.945883e-05,0.0006977964,7.894128
1013.8,-6534.72,8987.295,-466.653,5.054899,6.472648,7.786377,0.9937213,-0.01219806,-0.07671585,0.08052201,-0.5083389,-0.0001765245,0.000676272,7.90426
1014,-6533.707,8988.59,-465.0958,5.07731,6.473952,7.785782,0.9918102,-0.06268981,-0.08072957,0.0765851,-0.5085645,-0.000250954,0.0006469321,7.914392
1014.2,-6532.689,8989.885,-463.5387,5.099718,6.475255,7.785188,0.9873326,-0.113041,-0.08454369,0.0724455,-0.5087903,-0.0003219558,0.0006100875,7.924493
1014.4,-6531.667,8991.18,-461.9818,5.122124,6.476557,7.784593,0.9802969,-0.163121,-0.08814791,0.0681133,-0.509016,-0.0003887743,0.0005661296,7.934625
1014.6,-6530.64,8992.476,-460.4249,5.144527,6.477858,7.783998,0.9707179,-0.2127998,-0.09153242,0.06359906,-0.509242,-0.0004506973,0.0005155255,7.944727
1014.8,-6529.609,8993.771,-458.8682,5.166928,6.479157,7.783403,0.9586171,-0.2619478,-0.09468793,0.05891392,-0.509468,-0.0005070645,0.0004588137,7.954858
1015,-6528.573,8995.066,-457.3116,5.189326,6.480456,7.782809,0.9440225,-0.3104369,-0.09760573,0.05406944,-0.5096942,-0.000557274,0.0003965983,7.96499
1015.2,-6527.533,8996.363,-455.755,5.211721,6.481754,7.782215,0.926969,-0.3581401,-0.1002777,0.04907767,-0.5099204,-0.0006007891,0.0003295428,7.975092
1015.4,-6526.488,8997.659,-454.1987,5.234115,6.48305,7.78162,0.9074975,-0.4049323,-0.1026962,0.04395106,-0.5101467,-0.0006371441,0.0002583631,7.985223
1015.6,-6525.439,8998.956,-452.6424,5.256505,6.484346,7.781026,0.8856555,-0.4506905,-0.1048545,0.03870248,-0.5103731,-0.0006659495,0.0001838196,7.995325
1015.8,-6524.386,9000.253,-451.0862,5.278893,6.485641,7.780432,0.861497,-0.4952942,-0.1067462,0.03334513,-0.5105996,-0.0006868961,0.0001067098,8.005426
1016,-6523.328,9001.551,-449.5302,5.301279,6.486934,7.779838,0.8350818,-0.5386254,-0.1083657,0.02789256,-0.5108262,-0.0006997587,2.785927e-05,8.015558
1016.2,-6522.265,9002.848,-447.9743,5.323662,6.488227,7.779244,0.8064758,-0.5805695,-0.1097082,0.02235861,-0.511053,-0.0007043985,-5.188704e-05,8.025659
1016.4,-6521.198,9004.146,-446.4185,5.346042,6.489518,7.778651,0.7757511,-0.621015,-0.1107694,0.01675738,-0.5112798,-0.0007007649,-0.0001316736,8.035791
1016.6,-6520.127,9005.443,-444.8629,5.36842,6.490808,7.778057,0.7429851,-0.6598541,-0.1115458,0.0111032,-0.5115067,-0.000688896,-0.0002106438,8.045892
1016.8,-6519.051,9006.742,-443.3073,5.390795,6.492098,7.777463,0.7082608,-0.6969832,-0.1120346,0.005410577,-0.5117338,-0.0006689187,-0.0002879489,8.055994
1017,-6517.971,9008.041,-441.7519,5.413168,6.493386,7.77687,0.6716667,-0.7323027,-0.1122339,-0.0003058132,-0.5119609,-0.0006410468,-0.0003627571,8.066125
1017.2,-6516.886,9009.34,-440.1966,5.435538,6.494674,7.776277,0.6332963,-0.7657177,-0.1121422,-0.006031191,-0.5121881,-0.0006055798,-0.0004342631,8.076227
1017.4,-6515.796,9010.639,-438.6414,5.457906,6.49596,7.775684,0.5932479,-0.7971379,-0.1117592,-0.0117507,-0.5124154,-0.0005628992,-0.000501696,8.086328
1017.6,-6514.703,9011.938,-437.0863,5.480271,6.497245,7.775091,0.5516245,-0.8264781,-0.111085,-0.01744943,-0.5126429,-0.0005134646,-0.0005643283,8.096429
1017.8,-6513.604,9013.237,-435.5313,5.502634,6.498529,7.774498,0.5085334,-0.8536586,-0.1101205,-0.0231125,-0.5128704,-0.0004578091,-0.0006214838,8.106561
1018,-6512.501,9014.537,-433.9765,5.524994,6.499812,7.773905,0.4640861,-0.8786051,-0.1088676,-0.02872505,-0.513098,-0.0003965335,-0.0006725446,8.116663
1018.2,-6511.394,9015.837,-432.4218,5.547352,6.501094,7.773312,0.4183978,-0.9012487,-0.1073287,-0.03427229,-0.5133258,-0.0003302998,-0.0007169583,8.126764
1018.4,-6510.283,9017.138,-430.8672,5.569707,6.502376,7.772719,0.3715874,-0.9215269,-0.1055071,-0.03973956,-0.5135536,-0.0002598247,-0.0007542438,8.136865
1018.6,-6509.167,9018.438,-429.3127,5.59206,6.503655,7.772127,0.3237768,-0.939383,-0.1034068,-0.04511236,-0.5137815,-0.0001858712,-0.0007839968,8.146967
1018.8,-6508.046,9019.739,-427.7583,5.61441,6.504934,7.771535,0.2750911,-0.9547668,-0.1010326,-0.05037637,-0.5140095,-0.0001092408,-0.0008058946,8.157068
1019,-6506.92,9021.04,-426.204,5.636757,6.506212,7.770942,0.2256576,-0.9676342,-0.09838987,-0.05551753,-0.5142376,-3.076507e-05,-0.000819699,8.167169
1019.2,-6505.791,9022.342,-424.6499,5.659102,6.507489,7.77035,0.1756062,-0.977948,-0.09548494,-0.06052202,-0.5144659,4.870388e-05,-0.0008252599,8.177271
1019.4,-6504.657,9023.644,-423.0959,5.681445,6.508765,7.769758,0.1250685,-0.9856774,-0.0923247,-0.06537634,-0.5146943,0.0001283022,-0.0008225166,8.187372
1019.6,-6503.519,9024.945,-421.542,5.703785,6.51004,7.769166,0.07417794,-0.9907987,-0.08891676,-0.07006736,-0.5149227,0.0002071637,-0.0008114986,8.197473
1019.8,-6502.375,9026.247,-419.9883,5.726122,6.511313,7.768575,0.0230689,-0.9932947,-0.08526945,-0.0745823,-0.5151513,0.0002844295,-0.0007923257,8.207574
1020,-6501.228,9027.55,-418.4346,5.748457,6.512586,7.767983,-0.0281232,-0.9931555,-0.08139172,-0.07890881,-0.5153799,0.0003592574,-0.0007652068,8.217676
1020.2,-6500.076,9028.853,-416.881,5.77079,6.513858,7.767391,-0.07926245,-0.9903779,-0.07729317,-0.083035,-0.5156087,0.0004308308,-0.0007304376,8.227777
1020.4,-6498.919,9030.155,-415.3276,5.793119,6.515129,7.7668,-0.1302128,-0.9849659,-0.07298402,-0.08694945,-0.5158375,0.0004983681,-0.0006883976,8.237878
1020.6,-6497.759,9031.458,-413.7743,5.815447,6.516398,7.766208,-0.1808384,-0.9769303,-0.0684751,-0.09064128,-0.5160665,0.0005611307,-0.0006395464,8.24798
1020.8,-6496.593,9032.762,-412.2212,5.837772,6.517667,7.765617,-0.2310039,-0.9662892,-0.06377778,-0.09410015,-0.5162956,0.000618432,-0.0005844184,8.258051
1021,-6495.424,9034.065,-410.6681,5.860094,6.518934,7.765026,-0.2805751,-0.9530674,-0.05890398,-0.09731628,-0.5165247,0.0006696443,-0.0005236172,8.268152
1021.2,-6494.25,9035.369,-409.1151,5.882414,6.520201,7.764435,-0.3294187,-0.9372969,-0.05386614,-0.1002805,-0.516754,0.0007142062,-0.0004578092,8.278253
1021.4,-6493.071,9036.674,-407.5623,5.904731,6.521466,7.763844,-0.3774034,-0.9190165,-0.04867717,-0.1029844,-0.5169834,0.0007516285,-0.0003877166,8.288354
1021.6,-6491.888,9037.978,-406.0096,5.927046,6.52273,7.763253,-0.4243999,-0.8982717,-0.04335042,-0.10542,-0.5172129,0.0007815001,-0.0003141091,8.298425
1021.8,-6490.7,9039.282,-404.457,5.949358,6.523994,7.762662,-0.4702809,-0.8751149,-0.03789967,-0.1075801,-0.5174424,0.0008034926,-0.0002377958,8.308527
1022,-6489.508,9040.588,-402.9045,5.971668,6.525256,7.762072,-0.5149223,-0.8496047,-0.03233908,-0.1094584,-0.5176721,0.0008173637,-0.0001596163,8.318628
1022.2,-6488.311,9041.893,-401.3522,5.993975,6.526517,7.761481,-0.5582026,-0.8218066,-0.02668315,-0.111049,-0.5179019,0.0008229605,-8.043175e-05,8.328699
1022.4,-6487.11,9043.198,-399.8,6.01628,6.527778,7.760891,-0.600004,-0.791792,-0.02094666,-0.112347,-0.5181318,0.0008202212,-1.115025e-06,8.3388
1022.6,-6485.905,9044.504,-398.2478,6.038582,6.529037,7.760301,-0.6402122,-0.7596388,-0.01514471,-0.1133481,-0.5183617,0.0008091757,7.745867e-05,8.348901
1022.8,-6484.695,9045.81,-396.6958,6.060882,6.530295,7.759711,-0.6787173,-0.7254304,-0.009292576,-0.1140489,-0.5185919,0.0007899457,0.0001544215,8.358972
1023,-6483.48,9047.116,-395.144,6.083179,6.531552,7.75912,-0.7154132,-0.6892563,-0.003405758,-0.1144467,-0.5188221,0.0007627435,0.0002289225,8.369073
1023.2,-6482.262,9048.423,-393.5922,6.105473,6.532808,7.758531,-0.7501989,-0.6512112,0.002500109,-0.1145397,-0.5190524,0.0007278699,0.0003001374,8.379144
1023.4,-6481.038,9049.729,-392.0405,6.127765,6.534063,7.757941,-0.782978,-0.6113952,0.008409282,-0.1143268,-0.5192828,0.0006857105,0.0003672771,8.389246
1023.6,-6479.811,9051.036,-390.489,6.150055,6.535317,7.757351,-0.8136595,-0.5699133,0.01430595,-0.1138078,-0.5195132,0.0006367324,0.0004295974,8.399316
1023.8,-6478.578,9052.343,-388.9376,6.172342,6.536571,7.756762,-0.842158,-0.5268754,0.02017428,-0.1129832,-0.5197439,0.0005814786,0.0004864063,8.409418
1024,-6477.341,9053.65,-387.3863,6.194626,6.537822,7.756172,-0.8683934,-0.4823957,0.02599847,-0.1118545,-0.5199746,0.0005205623,0.0005370728,8.419489
1024.2,-6476.1,9054.958,-385.8351,6.216908,6.539073,7.755583,-0.8922917,-0.4365926,0.03176275,-0.1104239,-0.5202054,0.0004546603,0.0005810331,8.429559
1024.4,-6474.854,9056.267,-384.2841,6.239188,6.540323,7.754993,-0.9137854,-0.3895884,0.03745149,-0.1086944,-0.5204363,0.0003845052,0.0006177979,8.439661
1024.6,-6473.604,9057.574,-382.7331,6.261465,6.541572,7.754405,-0.932813,-0.3415087,0.04304918,-0.1066699,-0.5206673,0.0003108778,0.0006469571,8.449731
1024.8,-6472.35,9058.883,-381.1823,6.283739,6.542819,7.753815,-0.9493196,-0.2924826,0.04854052,-0.1043552,-0.5208984,0.0002345985,0.0006681851,8.459802
1025,-6471.091,9060.191,-379.6316,6.306011,6.544066,7.753226,-0.9632572,-0.2426419,0.05391043,-0.1017555,-0.5211296,0.0001565177,0.0006812444,8.469904
1025.2,-6469.828,9061.501,-378.081,6.32828,6.545312,7.752637,-0.9745845,-0.1921209,0.05914411,-0.09887735,-0.5213609,7.750696e-05,0.0006859884,8.479974
1025.4,-6468.56,9062.81,-376.5305,6.350547,6.546557,7.752049,-0.9832672,-0.141056,0.06422707,-0.09572762,-0.5215924,-1.551043e-06,0.0006823633,8.490045
1025.6,-6467.288,9064.119,-374.9802,6.372812,6.547801,7.75146,-0.9892783,-0.08958554,0.06914517,-0.09231415,-0.5218239,-7.977222e-05,0.0006704088,8.500116
1025.8,-6466.011,9065.429,-373.43,6.395074,6.549043,7.750872,-0.9925978,-0.03784915,0.0738847,-0.08864548,-0.5220555,-0.000156281,0.0006502576,8.510217
1026,-6464.729,9066.738,-371.8799,6.417333,6.550285,7.750283,-0.9932133,0.01401249,0.07843234,-0.08473088,-0.5222872,-0.0002302202,0.0006221347,8.520288
1026.2,-6463.444,9068.049,-370.3298,6.43959,6.551525,7.749695,-0.9911194,0.06585805,0.08277526,-0.0805803,-0.5225191,-0.0003007606,0.0005863543,8.530359
1026.4,-6462.154,9069.359,-368.78,6.461844,6.552765,7.749107,-0.9863184,0.1175459,0.08690117,-0.0762044,-0.522751,-0.0003671102,0.0005433172,8.54043
1026.6,-6460.859,9070.67,-367.2302,6.484096,6.554003,7.748519,-0.9788198,0.1689346,0.09079827,-0.07161444,-0.522983,-0.0004285236,0.0004935056,8.5505
1026.8,-6459.56,9071.981,-365.6805,6.506345,6.555241,7.747931,-0.9686405,0.2198831,0.09445538,-0.06682236,-0.5232151,-0.0004843098,0.0004374785,8.560571
1027,-6458.256,9073.292,-364.131,6.528592,6.556477,7.747343,-0.9558049,0.2702513,0.09786192,-0.06184066,-0.5234473,-0.0005338407,0.0003758655,8.570642
1027.2,-6456.949,9074.604,-362.5816,6.550837,6.557712,7.746756,-0.9403447,0.3199005,0.101008,-0.0566824,-0.5236797,-0.0005765578,0.0003093595,8.580713
1027.4,-6455.636,9075.915,-361.0323,6.573078,6.558947,7.746168,-0.9222988,0.3686935,0.1038843,-0.05136118,-0.5239121,-0.000611979,0.0002387092,8.590784
1027.6,-6454.319,9077.228,-359.4832,6.595317,6.56018,7.74558,-0.9017135,0.4164953,0.1064823,-0.04589109,-0.5241446,-0.0006397042,0.0001647109,8.600854
1027.8,-6452.998,9078.539,-357.9341,6.617554,6.561412,7.744993,-0.8786419,0.463173,0.1087942,-0.04028667,-0.5243773,-0.0006594193,8.81993e-05,8.610925
1028,-6451.672,9079.852,-356.3852,6.639789,6.562644,7.744406,-0.8531442,0.508597,0.1108128,-0.03456289,-0.52461,-0.0006709009,1.003831e-05,8.620996
1028.2,-6450.342,9081.164,-354.8363,6.66202,6.563873,7.743819,-0.8252873,0.5526406,0.1125321,-0.0287351,-0.5248429,-0.0006740182,-6.888864e-05,8.631067
1028.4,-6449.007,9082.478,-353.2876,6.683867,6.565054,7.743227,-0.7951452,0.5951804,0.1139463,-0.02281897,-0.5250758,-0.0006687349,-0.0001476886,8.641138
1028.6,-6447.669,9083.79,-351.739,6.701497,6.565706,7.742604,-0.7627976,0.6360974,0.1150509,-0.0168305,-0.5253088,-0.0006551101,-0.0002254692,8.651208
1028.8,-6446.327,9085.104,-350.1906,6.714857,6.56582,7.74197,-0.7283311,0.6752763,0.115842,-0.01078592,-0.525542,-0.0006332973,-0.0003013489,8.661249
1029,-6444.983,9086.417,-348.6422,6.724903,6.565517,7.741339,-0.6918381,0.7126067,0.1163167,-0.004701678,-0.5257753,-0.0006035432,-0.0003744667,8.67132
1029.2,-6443.637,9087.729,-347.0941,6.732375,6.564891,7.740717,-0.6534169,0.7479829,0.1164728,0.001405603,-0.5260086,-0.0005661848,-0.0004439924,8.68139
1029.4,-6442.291,9089.043,-345.546,6.737849,6.564014,7.740104,-0.6131713,0.7813045,0.1163089,0.007519183,-0.526242,-0.0005216461,-0.0005091354,8.691461
1029.6,-6440.942,9090.355,-343.998,6.741774,6.562942,7.739499,-0.5712102,0.8124764,0.1158249,0.01362225,-0.5264756,-0.0004704328,-0.0005691548,8.701501
1029.8,-6439.594,9091.668,-342.4502,6.744495,6.561718,7.7389,-0.5276479,0.8414094,0.1150211,0.01969794,-0.5267093,-0.0004131276,-0.0006233669,8.711572
1030,-6438.245,9092.979,-340.9024,6.746283,6.560377,7.738306,-0.482603,0.8680204,0.113899,0.02572944,-0.526943,-0.0003503828,-0.0006711537,8.721643
1030.2,-6436.896,9094.292,-339.3549,6.747345,6.558944,7.737714,-0.4361987,0.8922322,0.1124608,0.03169998,-0.5271769,-0.0002829136,-0.0007119699,8.731683
1030.4,-6435.546,9095.604,-337.8074,6.747845,6.557441,7.737125,-0.3885623,0.9139746,0.1107096,0.03759289,-0.5274109,-0.0002114896,-0.0007453493,8.741754
1030.6,-6434.196,9096.915,-336.26,6.747908,6.555883,7.736537,-0.3398246,0.9331836,0.1086496,0.04339166,-0.527645,-0.0001369268,-0.0007709103,8.751825
1030.8,-6432.847,9098.226,-334.7127,6.747633,6.554283,7.73595,-0.2901199,0.9498026,0.1062855,0.04908001,-0.5278792,-6.007726e-05,-0.0007883602,8.761865
1031,-6431.497,9099.536,-333.1656,6.747094,6.552649,7.735364,-0.2395856,0.9637817,0.1036232,0.05464187,-0.5281135,1.817949e-05,-0.000797499,8.771936
1031.2,-6430.148,9100.847,-331.6186,6.746352,6.55099,7.734778,-0.1883614,0.9750786,0.1006693,0.0600615,-0.5283478,9.694717e-05,-0.0007982218,8.781976
1031.4,-6428.799,9102.157,-330.0717,6.745451,6.549311,7.734193,-0.1365895,0.9836581,0.09743118,0.06532346,-0.5285824,0.0001753227,-0.00079052,8.792047
1031.6,-6427.45,9103.467,-328.5249,6.744427,6.547616,7.733608,-0.08441389,0.9894928,0.09391715,0.07041272,-0.528817,0.0002524067,-0.0007744819,8.802087
1031.8,-6426.101,9104.776,-326.9783,6.743309,6.54591,7.733023,-0.03197992,0.9925625,0.09013625,0.07531469,-0.5290517,0.0003273138,-0.0007502915,8.812128
1032,-6424.752,9106.085,-325.4317,6.742116,6.544194,7.732438,0.02056594,0.9928553,0.08609833,0.08001521,-0.5292866,0.0003991826,-0.0007182267,8.822198
1032.2,-6423.404,9107.394,-323.8853,6.740866,6.542471,7.731853,0.0730766,0.9903666,0.08181397,0.08450069,-0.5295215,0.0004671862,-0.0006786563,8.832239
1032.4,-6422.056,9108.702,-322.339,6.739572,6.540743,7.731268,0.1254047,0.9850996,0.07729448,0.08875802,-0.5297565,0.0005305412,-0.0006320362,8.84231
1032.6,-6420.708,9110.01,-320.7928,6.738243,6.539011,7.730684,0.1774032,0.9770656,0.07255188,0.09277475,-0.5299916,0.0005885171,-0.0005789037,8.85235
1032.8,-6419.361,9111.317,-319.2467,6.736887,6.537275,7.730099,0.2289256,0.9662834,0.06759886,0.09653902,-0.5302269,0.0006404447,-0.0005198719,8.86239
1033,-6418.013,9112.625,-317.7007,6.735511,6.535537,7.729515,0.2798262,0.9527799,0.0624487,0.1000397,-0.5304623,0.0006857243,-0.0004556226,8.87243
1033.2,-6416.667,9113.932,-316.1549,6.733432,6.532894,7.728932,0.3299611,0.9365894,0.05711534,0.1032661,-0.5306977,0.0007238321,-0.0003868987,8.882501
1033.4,-6415.32,9115.238,-314.6092,6.729966,6.528438,7.728353,0.379188,0.9177539,0.05161323,0.1062088,-0.5309333,0.0007543272,-0.0003144954,8.892542
1033.6,-6413.975,9116.543,-313.0635,6.725419,6.522569,7.727777,0.427367,0.8963231,0.0459574,0.1088585,-0.5311689,0.0007768562,-0.0002392513,8.902582
1033.8,-6412.63,9117.847,-311.5181,6.720033,6.515605,7.727201,0.4743606,0.8723542,0.04016331,0.1112072,-0.5314047,0.0007911578,-0.000162039,8.912622
1034,-6411.287,9119.149,-309.9727,6.713996,6.507792,7.726627,0.5200346,0.8459114,0.0342469,0.1132475,-0.5316406,0.0007970657,-8.375425e-05,8.922693
1034.2,-6409.944,9120.45,-308.4274,6.707456,6.499321,7.726052,0.5642582,0.8170663,0.02822449,0.1149727,-0.5318766,0.0007945112,-5.306629e-06,8.932733
1034.4,-6408.604,9121.749,-306.8823,6.700525,6.490338,7.725477,0.6069043,0.7858973,0.02211278,0.1163773,-0.5321127,0.0007835238,7.23918e-05,8.942773
1034.6,-6407.264,9123.046,-305.3372,6.69329,6.480959,7.724901,0.64785,0.7524896,0.01592876,0.1174565,-0.5323489,0.0007642312,0.0001484367,8.952814
1034.8,-6405.926,9124.341,-303.7923,6.68582,6.471273,7.724323,0.6869771,0.716935,0.009689689,0.1182064,-0.5325852,0.0007368576,0.0002219423,8.962854
1035,-6404.59,9125.635,-302.2475,6.678168,6.461349,7.723745,0.7241722,0.6793315,0.003413042,0.118624,-0.5328216,0.0007017221,0.0002920514,8.972894
1035.2,-6403.255,9126.926,-300.7028,6.670375,6.45124,7.723166,0.7593271,0.6397833,-0.002883535,0.1187072,-0.5330581,0.0006592342,0.0003579456,8.982935
1035.4,-6401.922,9128.215,-299.1582,6.662473,6.440988,7.722587,0.7923391,0.5984001,-0.009182277,0.118455,-0.5332947,0.0006098899,0.0004188551,8.992975
1035.6,-6400.59,9129.502,-297.6138,6.654487,6.430626,7.722006,0.8231118,0.5552973,-0.01546535,0.1178673,-0.5335314,0.0005542656,0.0004740674,9.003015
1035.8,-6399.26,9130.787,-296.0694,6.646435,6.420177,7.721426,0.8515543,0.5105954,-0.02171492,0.1169448,-0.5337683,0.0004930118,0.0005229361,9.013055
1036,-6397.932,9132.07,-294.5252,6.638332,6.409663,7.720845,0.8775827,0.4644195,-0.02791315,0.1156893,-0.5340052,0.0004268457,0.0005648884,9.023096
1036.2,-6396.604,9133.352,-292.9811,6.630191,6.399098,7.720263,0.9011195,0.4168996,-0.03404231,0.1141035,-0.5342422,0.0003565423,0.0005994319,9.033136
1036.4,-6395.279,9134.63,-291.4371,6.622019,6.388493,7.719682,0.9220942,0.3681694,-0.04008482,0.1121911,-0.5344794,0.0002829263,0.0006261608,9.043146
1036.6,-6393.956,9135.906,-289.8932,6.613825,6.377858,7.7191,0.9404436,0.3183666,-0.04602324,0.1099566,-0.5347166,0.0002068617,0.0006447604,9.053186
1036.8,-6392.634,9137.181,-288.3495,6.605612,6.367199,7.718519,0.9561117,0.2676323,-0.05184041,0.1074057,-0.534954,0.0001292425,0.0006550116,9.063226
1037,-6391.313,9138.453,-286.8058,6.597387,6.356522,7.717937,0.9690502,0.2161103,-0.05751942,0.1045446,-0.5351914,5.098138e-05,0.0006567926,9.073267
1037.2,-6389.995,9139.724,-285.2623,6.58915,6.345831,7.717355,0.9792184,0.1639474,-0.06304374,0.101381,-0.5354289,-2.700023e-05,0.0006500818,9.083307
1037.4,-6388.678,9140.992,-283.7188,6.580907,6.335131,7.716774,0.9865835,0.1112922,-0.06839717,0.09792289,-0.5356666,-0.0001037834,0.0006349573,9.093317
1037.6,-6387.363,9142.258,-282.1756,6.572658,6.324422,7.716192,0.9911207,0.05829521,-0.07356399,0.09417952,-0.5359044,-0.0001784626,0.0006115964,9.103357
1037.8,-6386.049,9143.521,-280.6324,6.564404,6.313707,7.71561,0.9928132,0.005108173,-0.07852892,0.09016085,-0.5361422,-0.000250156,0.000580274,9.113397
1038,-6384.737,9144.783,-279.0893,6.556147,6.302988,7.715029,0.9916525,-0.04811623,-0.08327723,0.08587769,-0.5363802,-0.0003180163,0.0005413591,9.123407
1038.2,-6383.426,9146.043,-277.5464,6.547883,6.292262,7.714447,0.9876382,-0.1012249,-0.08779477,0.08134162,-0.5366183,-0.0003812409,0.0004953108,9.133447
1038.4,-6382.118,9147.3,-276.0035,6.538954,6.281062,7.713871,0.9807779,-0.1540647,-0.09206799,0.07656503,-0.5368565,-0.000439081,0.0004426731,9.143488
1038.6,-6380.811,9148.555,-274.4608,6.529075,6.269183,7.713298,0.9710879,-0.2064829,-0.09608396,0.07156102,-0.5370948,-0.0004908509,0.0003840687,9.153497
1038.8,-6379.506,9149.808,-272.9182,6.518459,6.25678,7.712729,0.9585923,-0.2583279,-0.09983052,0.06634337,-0.5373331,-0.0005359364,0.0003201912,9.163538
1039,-6378.204,9151.058,-271.3757,6.507273,6.243969,7.712158,0.9433235,-0.309449,-0.1032962,0.06092657,-0.5375716,-0.0005738017,0.0002517978,9.173547
1039.2,-6376.903,9152.306,-269.8333,6.495644,6.230843,7.711588,0.925322,-0.3596976,-0.1064702,0.0553257,-0.5378102,-0.0006039965,0.0001797,9.183588
1039.4,-6375.605,9153.55,-268.2911,6.483672,6.217472,7.711016,0.9046363,-0.4089272,-0.1093428,0.04955644,-0.5380489,-0.000626161,0.0001047538,9.193597
1039.6,-6374.31,9154.792,-266.7489,6.471435,6.203912,7.710443,0.8813227,-0.4569939,-0.1119048,0.043635,-0.5382878,-0.0006400307,2.785013e-05,9.203638
1039.8,-6373.017,9156.031,-265.2069,6.458992,6.190206,7.709868,0.8554455,-0.5037569,-0.1141481,0.0375781,-0.5385267,-0.0006454396,-5.009586e-05,9.213647
1040,-6371.726,9157.269,-263.665,6.44639,6.176386,7.709293,0.8270763,-0.5490788,-0.1160654,0.03140289,-0.5387657,-0.0006423222,-0.0001281559,9.223688
1040.2,-6370.438,9158.502,-262.1232,6.433664,6.162479,7.708717,0.796294,-0.5928262,-0.1176502,0.02512694,-0.5390048,-0.0006307149,-0.0002053994,9.233698
1040.4,-6369.153,9159.733,-260.5815,6.420844,6.148504,7.70814,0.7631851,-0.6348698,-0.1188973,0.01876817,-0.539244,-0.0006107552,-0.0002809046,9.243707
1040.6,-6367.87,9160.962,-259.0399,6.40795,6.134477,7.707562,0.7278428,-0.6750851,-0.1198019,0.01234481,-0.5394834,-0.0005826806,-0.0003537696,9.253748
1040.8,-6366.59,9162.188,-257.4985,6.395,6.120409,7.706984,0.690367,-0.7133527,-0.1203608,0.005875314,-0.5397228,-0.000546826,-0.0004231235,9.263757
1041,-6365.312,9163.41,-255.9572,6.382005,6.106311,7.706406,0.6508641,-0.7495586,-0.1205713,-0.0006216398,-0.5399624,-0.0005036196,-0.0004881361,9.273767
1041.2,-6364.037,9164.63,-254.4159,6.368978,6.092188,7.705827,0.6094466,-0.7835944,-0.1204321,-0.007127237,-0.540202,-0.000453578,-0.0005480289,9.283807
1041.4,-6362.764,9165.847,-252.8748,6.355924,6.078048,7.705248,0.566233,-0.8153579,-0.1199425,-0.01362257,-0.5404418,-0.0003973005,-0.0006020837,9.293817
1041.6,-6361.495,9167.061,-251.3338,6.342851,6.063894,7.704669,0.521347,-0.8447533,-0.1191032,-0.0200887,-0.5406816,-0.0003354616,-0.0006496517,9.303827
1041.8,-6360.227,9168.272,-249.793,6.329763,6.04973,7.70409,0.4749177,-0.8716918,-0.1179156,-0.02650671,-0.5409216,-0.0002688032,-0.0006901618,9.313837
1042,-6358.962,9169.48,-248.2522,6.316664,6.035557,7.703511,0.427079,-0.896091,-0.1163824,-0.03285775,-0.5411617,-0.000198126,-0.0007231265,9.323846
1042.2,-6357.701,9170.687,-246.7115,6.303556,6.021379,7.702932,0.3779691,-0.9178762,-0.1145072,-0.0391231,-0.5414019,-0.0001242797,-0.0007481493,9.333887
1042.4,-6356.441,9171.89,-245.171,6.290442,6.007197,7.702353,0.3277304,-0.9369803,-0.1122946,-0.04528423,-0.5416421,-4.81531e-05,-0.0007649285,9.343896
1042.6,-6355.185,9173.089,-243.6306,6.277324,5.993011,7.701774,0.2765087,-0.9533435,-0.1097502,-0.05132286,-0.5418826,2.933677e-05,-0.0007732618,9.353906
1042.8,-6353.93,9174.286,-242.0903,6.264202,5.978824,7.701195,0.2244532,-0.9669142,-0.1068806,-0.05722099,-0.5421231,0.0001072555,-0.0007730483,9.363916
1043,-6352.679,9175.48,-240.5501,6.251078,5.964635,7.700616,0.1717159,-0.9776489,-0.1036934,-0.06296097,-0.5423637,0.0001846627,-0.0007642904,9.373926
1043.2,-6351.43,9176.672,-239.0101,6.237953,5.950445,7.700037,0.1184509,-0.9855121,-0.1001972,-0.06852558,-0.5426044,0.0002606232,-0.0007470938,9.383936
1043.4,-6350.184,9177.861,-237.4701,6.224826,5.936255,7.699458,0.06481455,-0.9904771,-0.09640133,-0.07389802,-0.5428452,0.0003342184,-0.0007216661,9.393945
1043.6,-6348.94,9179.047,-235.9303,6.2117,5.922065,7.69888,0.01096428,-0.9925254,-0.09231635,-0.07906201,-0.5430862,0.0004045575,-0.0006883153,9.403955
1043.8,-6347.699,9180.229,-234.3906,6.198574,5.907875,7.698301,-0.04294126,-0.9916471,-0.08795349,-0.08400184,-0.5433273,0.0004707884,-0.0006474451,9.413965
1044,-6346.46,9181.41,-232.851,6.185447,5.893686,7.697722,-0.09674302,-0.9878409,-0.08332489,-0.0887024,-0.5435684,0.0005321078,-0.0005995511,9.423975
1044.2,-6345.225,9182.587,-231.3115,6.172322,5.879497,7.697144,-0.1502819,-0.9811143,-0.07844353,-0.09314921,-0.5438097,0.0005877715,-0.0005452146,9.433984
1044.4,-6343.992,9183.762,-229.7721,6.159197,5.865309,7.696566,-0.2033991,-0.9714832,-0.07332318,-0.09732854,-0.5440511,0.0006371031,-0.0004850956,9.443994
1044.6,-6342.761,9184.934,-228.2328,6.146073,5.851122,7.695988,-0.2559369,-0.9589725,-0.06797832,-0.1012274,-0.5442926,0.0006795027,-0.0004199253,9.453973
1044.8,-6341.533,9186.103,-226.6937,6.13295,5.836936,7.695409,-0.3077388,-0.9436154,-0.06242422,-0.1048335,-0.5445341,0.000714454,-0.000350497,9.463983
1045,-6340.308,9187.269,-225.1547,6.119828,5.82275,7.694831,-0.3586503,-0.9254537,-0.05667678,-0.1081354,-0.5447759,0.0007415314,-0.0002776564,9.473993
1045.2,-6339.085,9188.432,-223.6158,6.106708,5.808566,7.694253,-0.408519,-0.9045376,-0.05075251,-0.1111226,-0.5450177,0.0007604043,-0.0002022919,9.484003
1045.4,-6337.865,9189.592,-222.077,6.093588,5.794382,7.693676,-0.4571955,-0.8809255,-0.04466853,-0.1137856,-0.5452596,0.0007708424,-0.0001253233,9.494012
1045.6,-6336.647,9190.749,-220.5383,6.08047,5.7802,7.693098,-0.5045334,-0.8546844,-0.0384425,-0.1161154,-0.5455016,0.0007727179,-4.769122e-05,9.503992
1045.8,-6335.433,9191.903,-218.9997,6.067352,5.766019,7.692521,-0.5503901,-0.8258887,-0.03209255,-0.1181045,-0.5457438,0.0007660079,2.965509e-05,9.514001
1046,-6334.221,9193.056,-217.4613,6.054236,5.751839,7.691943,-0.5946271,-0.7946208,-0.02563722,-0.119746,-0.5459861,0.000750794,0.0001057688,9.524011
1046.2,-6333.011,9194.204,-215.923,6.041121,5.73766,7.691366,-0.6371102,-0.7609708,-0.01909546,-0.1210342,-0.5462284,0.0007272626,0.0001797171,9.53399
1046.4,-6331.804,9195.351,-214.3848,6.028008,5.723482,7.690789,-0.6777105,-0.725036,-0.01248654,-0.1219643,-0.5464709,0.0006957018,0.0002505933,9.544
1046.6,-6330.6,9196.494,-212.8466,6.014896,5.709305,7.690211,-0.7163043,-0.6869206,-0.005829986,-0.1225327,-0.5467134,0.0006564989,0.000317527,9.55401
1046.8,-6329.398,9197.635,-211.3087,6.001785,5.695129,7.689634,-0.7527734,-0.6467358,0.0008544725,-0.1227367,-0.5469561,0.000610135,0.0003796958,9.563989
1047,-6328.199,9198.771,-209.7708,5.988676,5.680955,7.689057,-0.787006,-0.604599,0.007546942,-0.122575,-0.5471989,0.0005571799,0.0004363348,9.573999
1047.2,-6327.003,9199.906,-208.233,5.975567,5.666782,7.688481,-0.8188967,-0.5606339,0.01422744,-0.1220469,-0.5474418,0.0004982851,0.0004867466,9.583978
1047.4,-6325.809,9201.039,-206.6954,5.96246,5.652609,7.687904,-0.8483467,-0.5149698,0.02087596,-0.1211532,-0.5476848,0.0004341756,0.0005303097,9.593988
1047.6,-6324.618,9202.168,-205.1579,5.949355,5.638439,7.687327,-0.8752646,-0.4677416,0.0274725,-0.1198957,-0.5479279,0.0003656416,0.0005664863,9.603967
1047.8,-6323.429,9203.294,-203.6205,5.93625,5.624269,7.686751,-0.8995661,-0.419089,0.03399717,-0.1182771,-0.5481711,0.0002935285,0.0005948296,9.613977
1048,-6322.243,9204.417,-202.0832,5.923147,5.6101,7.686174,-0.9211748,-0.3691562,0.04043021,-0.1163015,-0.5484144,0.0002187267,0.0006149885,9.623956
1048.2,-6321.06,9205.538,-200.546,5.910046,5.595932,7.685598,-0.9400222,-0.3180919,0.04675209,-0.1139739,-0.5486578,0.0001421608,0.0006267132,9.633966
1048.4,-6319.879,9206.656,-199.0089,5.896945,5.581766,7.685022,-0.9560478,-0.2660483,0.05294352,-0.1113005,-0.5489014,6.477789e-05,0.0006298577,9.643945
1048.6,-6318.701,9207.771,-197.472,5.883846,5.5676,7.684446,-0.9691998,-0.213181,0.05898555,-0.1082882,-0.549145,-1.246378e-05,0.0006243822,9.653925
1048.8,-6317.526,9208.883,-195.9352,5.870749,5.553436,7.68387,-0.9794346,-0.1596482,0.06485963,-0.1049455,-0.5493888,-8.860684e-05,0.0006103535,9.663934
1049,-6316.353,9209.992,-194.3984,5.857652,5.539273,7.683294,-0.9867175,-0.1056108,0.07054762,-0.1012816,-0.5496326,-0.0001627066,0.0005879448,9.673914
1049.2,-6315.183,9211.099,-192.8618,5.844557,5.525111,7.682718,-0.9910226,-0.05123125,0.07603191,-0.09730665,-0.5498766,-0.0002338429,0.0005574331,9.683893
1049.4,-6314.015,9212.202,-191.3254,5.831463,5.510951,7.682143,-0.9923331,0.003326337,0.08129542,-0.09303195,-0.5501207,-0.0003011314,0.0005191966,9.693872
1049.6,-6312.85,9213.303,-189.789,5.81837,5.496791,7.681567,-0.990641,0.05789711,0.0863217,-0.08846965,-0.5503648,-0.0003637349,0.0004737099,9.703882
1049.8,-6311.688,9214.4,-188.2527,5.805279,5.482633,7.680992,-0.9859475,0.1123158,0.09109497,-0.08363284,-0.5506091,-0.0004208736,0.0004215382,9.713861
1050,-6310.528,9215.496,-186.7166,5.79219,5.468475,7.680417,-0.9782628,0.1664171,0.09560013,-0.07853548,-0.5508535,-0.000471835,0.0003633304,9.72384
1050.2,-6309.371,9216.588,-185.1806,5.779101,5.454319,7.679842,-0.9676064,0.2200365,0.09982286,-0.07319237,-0.551098,-0.0005159831,0.0002998114,9.73382
1050.4,-6308.216,9217.678,-183.6447,5.766014,5.440164,7.679266,-0.9540068,0.2730104,0.1037497,-0.0676191,-0.5513426,-0.0005527661,0.0002317732,9.743799
1050.6,-6307.064,9218.765,-182.1089,5.752928,5.42601,7.678691,-0.9375014,0.3251771,0.1073679,-0.06183203,-0.5515873,-0.0005817237,0.0001600647,9.753778
1050.8,-6305.915,9219.848,-180.5732,5.739843,5.411858,7.678116,-0.9181365,0.3763766,0.1106657,-0.0558482,-0.5518321,-0.0006024931,8.558157e-05,9.763788
1051,-6304.769,9220.929,-179.0376,5.72676,5.397706,7.677542,-0.8959676,0.4264518,0.1136324,-0.04968533,-0.5520771,-0.0006148136,9.255225e-06,9.773767
1051.2,-6303.625,9222.007,-177.5022,5.713678,5.383556,7.676967,-0.8710584,0.4752485,0.116258,-0.04336173,-0.5523221,-0.0006185297,-6.795912e-05,9.783746
1051.4,-6302.483,9223.082,-175.9668,5.700598,5.369406,7.676392,-0.8434813,0.5226162,0.1185337,-0.03689628,-0.5525672,-0.0006135941,-0.0001450942,9.793726
1051.6,-6301.344,9224.155,-174.4316,5.687518,5.355258,7.675818,-0.8133171,0.5684084,0.1204518,-0.03030835,-0.5528125,-0.0006000677,-0.0002211827,9.803705
1051.8,-6300.208,9225.225,-172.8965,5.67444,5.341111,7.675243,-0.7806544,0.6124831,0.1220054,-0.02361774,-0.5530578,-0.0005781192,-0.0002952697,9.813684
1052,-6299.075,9226.291,-171.3615,5.661364,5.326965,7.674669,-0.7455902,0.6547031,0.1231889,-0.01684465,-0.5533032,-0.0005480237,-0.0003664244,9.823663
1052.2,-6297.943,9227.355,-169.8266,5.648288,5.312821,7.674095,-0.7082283,0.6949368,0.1239978,-0.01000958,-0.5535489,-0.0005101585,-0.000433752,9.833612
1052.4,-6296.815,9228.417,-168.2919,5.635214,5.298677,7.673521,-0.6686804,0.7330581,0.1244287,-0.003133309,-0.5537945,-0.0004649996,-0.0004964051,9.843591
1052.6,-6295.689,9229.475,-166.7572,5.622141,5.284535,7.672947,-0.6270649,0.7689475,0.1244792,0.003763199,-0.5540403,-0.0004131149,-0.0005535944,9.853571
1052.8,-6294.566,9230.53,-165.2227,5.60907,5.270394,7.672373,-0.5835069,0.8024919,0.1241485,0.01065884,-0.5542862,-0.000355158,-0.0006045985,9.86355
1053,-6293.446,9231.583,-163.6883,5.596,5.256254,7.6718,-0.5381376,0.8335851,0.1234363,0.01753245,-0.5545322,-0.0002918596,-0.0006487737,9.873529
1053.2,-6292.328,9232.633,-162.154,5.582931,5.242115,7.671226,-0.4910941,0.8621281,0.1223442,0.02436284,-0.5547783,-0.0002240187,-0.0006855619,9.883508
1053.4,-6291.213,9233.68,-160.6198,5.569864,5.227977,7.670652,-0.4425191,0.88803,0.1208744,0.03112892,-0.5550246,-0.0001524922,-0.0007144977,9.893457
1053.6,-6290.1,9234.724,-159.0857,5.556798,5.21384,7.670079,-0.3925602,0.9112073,0.1190305,0.03780967,-0.5552709,-7.818492e-05,-0.0007352148,9.903436
1053.8,-6288.99,9235.766,-157.5517,5.543733,5.199705,7.669506,-0.3413698,0.9315849,0.1168173,0.04438433,-0.5555174,-2.037363e-06,-0.0007474506,9.913416
1054,-6287.882,9236.804,-156.0179,5.530669,5.18557,7.668932,-0.289104,0.9490964,0.1142408,0.05083234,-0.555764,7.498553e-05,-0.0007510497,9.923395
1054.2,-6286.778,9237.84,-154.4842,5.517607,5.171437,7.668359,-0.235923,0.9636839,0.111308,0.0571335,-0.5560106,0.0001519068,-0.0007459664,9.933344
1054.4,-6285.675,9238.872,-152.9506,5.504546,5.157305,7.667787,-0.1819901,0.9752984,0.108027,0.06326796,-0.5562574,0.00022775,-0.0007322649,9.943323
1054.6,-6284.576,9239.902,-151.4171,5.491487,5.143174,7.667213,-0.127471,0.9839001,0.1044071,0.06921636,-0.5565043,0.0003015513,-0.0007101192,9.953302
1054.8,-6283.479,9240.93,-149.8837,5.478428,5.129044,7.666641,-0.07253395,0.9894584,0.1004588,0.07495981,-0.5567513,0.0003723719,-0.000679811,9.963251
1055,-6282.384,9241.954,-148.3504,5.465371,5.114915,7.666068,-0.01734866,0.991952,0.09619344,0.08048002,-0.5569984,0.0004393102,-0.000641726,9.97323
1055.2,-6281.293,9242.976,-146.8172,5.452316,5.100788,7.665495,0.03791397,0.9913692,0.09162346,0.08575933,-0.5572457,0.0005015131,-0.0005963494,9.983179
1055.4,-6280.204,9243.994,-145.2842,5.439261,5.086661,7.664923,0.09308241,0.9877079,0.08676232,0.09078076,-0.557493,0.0005581873,-0.0005442602,9.993158
1055.6,-6279.117,9245.011,-143.7513,5.426208,5.072536,7.664351,0.147985,0.9809752,0.08162439,0.09552806,-0.5577404,0.0006086091,-0.0004861233,10.00311
1055.8,-6278.033,9246.023,-142.2185,5.413157,5.058412,7.663778,0.2024507,0.9711881,0.07622498,0.09998581,-0.557988,0.0006521341,-0.0004226816,10.01309
1056,-6276.952,9247.034,-140.6858,5.400106,5.044289,7.663207,0.2563093,0.9583731,0.07058024,0.1041394,-0.5582357,0.0006882055,-0.0003547467,10.02303
1056.2,-6275.873,9248.041,-139.1532,5.387057,5.030167,7.662634,0.3093921,0.9425661,0.06470717,0.1079752,-0.5584835,0.0007163615,-0.0002831885,10.03301
1056.4,-6274.797,9249.046,-137.6207,5.374009,5.016047,7.662063,0.3615325,0.9238126,0.05862353,0.1114804,-0.5587314,0.0007362411,-0.0002089239,10.04296
1056.6,-6273.724,9250.048,-136.0884,5.360963,5.001927,7.66149,0.4125666,0.9021671,0.05234776,0.1146434,-0.5589794,0.0007475893,-0.0001329057,10.05291
1056.8,-6272.652,9251.047,-134.5561,5.347918,4.987809,7.660919,0.4623333,0.8776935,0.04589902,0.1174532,-0.5592275,0.0007502603,-5.610995e-05,10.06289
1057,-6271.584,9252.043,-133.024,5.334874,4.973691,7.660347,0.5106753,0.8504648,0.03929704,0.1199004,-0.5594758,0.0007442194,2.047638e-05,10.07284
1057.2,-6270.519,9253.036,-131.492,5.321831,4.959575,7.659776,0.5574394,0.8205624,0.03256212,0.1219764,-0.5597241,0.0007295443,9.586801e-05,10.08279
1057.4,-6269.456,9254.026,-129.9601,5.30879,4.94546,7.659204,0.6024772,0.7880766,0.02571502,0.1236737,-0.5599725,0.0007064237,0.0001690941,10.09277
1057.6,-6268.395,9255.015,-128.4283,5.29575,4.931346,7.658633,0.645645,0.7531059,0.01877694,0.1249862,-0.5602211,0.0006751553,0.0002392109,10.10272
1057.8,-6267.337,9255.999,-126.8966,5.282771,4.917298,7.658061,0.6868048,0.7157567,0.01176943,0.1259087,-0.5604698,0.0006361422,0.0003053136,10.11266
1058,-6266.282,9256.981,-125.3651,5.27179,4.905426,7.657468,0.7258248,0.6761432,0.004714337,0.1264374,-0.5607186,0.0005898876,0.0003665487,10.12261
1058.2,-6265.229,9257.962,-123.8336,5.263252,4.896214,7.656864,0.7625795,0.6343871,-0.002366277,0.1265697,-0.5609674,0.000536989,0.0004221243,10.13259
1058.4,-6264.176,9258.94,-122.3023,5.256606,4.889061,7.65626,0.7969502,0.5906169,-0.009450189,0.1263041,-0.5612165,0.0004781302,0.0004713213,10.14254
1058.6,-6263.125,9259.917,-120.7711,5.251424,4.883503,7.655663,0.8288254,0.544968,-0.01651509,0.1256407,-0.5614656,0.000414073,0.0005135023,10.15249
1058.8,-6262.076,9260.894,-119.2401,5.247375,4.879179,7.655072,0.8581015,0.4975816,-0.02353867,0.1245805,-0.5617148,0.0003456468,0.0005481202,10.16244
1059,-6261.027,9261.869,-117.7091,5.244203,4.875809,7.654487,0.8846826,0.4486051,-0.03049865,0.1231258,-0.5619642,0.0002737389,0.0005747253,10.17239
1059.2,-6259.978,9262.844,-116.1783,5.24171,4.873178,7.653905,0.9084812,0.3981911,-0.0373729,0.1212803,-0.5622136,0.0001992823,0.0005929715,10.18234
1059.4,-6258.93,9263.818,-114.6475,5.239742,4.871119,7.653328,0.9294186,0.346497,-0.04413948,0.1190489,-0.5624632,0.0001232442,0.0006026209,10.19229
1059.6,-6257.882,9264.792,-113.1169,5.238181,4.869503,7.652753,0.9474245,0.2936848,-0.05077671,0.1164377,-0.5627128,4.661318e-05,0.0006035473,10.20223
1059.8,-6256.834,9265.766,-111.5864,5.236935,4.86823,7.652179,0.9624383,0.2399201,-0.05726325,0.1134541,-0.5629626,-2.96136e-05,0.0005957374,10.21218
1060,-6255.787,9266.739,-110.0561,5.235932,4.867222,7.651607,0.9744083,0.1853722,-0.06357817,0.1101066,-0.5632125,-0.0001044432,0.0005792922,10.22213
1060.2,-6254.74,9267.713,-108.5258,5.235117,4.866419,7.651036,0.9832926,0.130213,-0.06970103,0.106405,-0.5634624,-0.0001768999,0.0005544249,10.23208
1060.4,-6253.693,9268.687,-106.9957,5.234449,4.865776,7.650465,0.9890589,0.07461696,-0.0756119,0.1023601,-0.5637125,-0.0002460381,0.0005214589,10.24203
1060.6,-6252.646,9269.659,-105.4656,5.233894,4.865254,7.649895,0.9916849,0.01876012,-0.08129149,0.09798398,-0.5639628,-0.0003109546,0.0004808236,10.25198
1060.8,-6251.6,9270.632,-103.9357,5.233426,4.864828,7.649325,0.9911579,-0.03718017,-0.08672115,0.09328976,-0.564213,-0.0003708003,0.0004330491,10.26193
1061,-6250.553,9271.605,-102.4059,5.233025,4.864476,7.648755,0.9874757,-0.09302595,-0.091883,0.08829164,-0.5644635,-0.0004247921,0.0003787593,10.27188
1061.2,-6249.506,9272.578,-100.8762,5.232677,4.86418,7.648186,0.9806457,-0.1485991,-0.09675992,0.08300479,-0.564714,-0.0004722222,0.0003186641,10.28179
1061.4,-6248.46,9273.551,-99.34661,5.232369,4.863929,7.647616,0.9706857,-0.2037221,-0.1013357,0.07744538,-0.5649647,-0.0005124684,0.0002535499,10.29174
1061.6,-6247.414,9274.523,-97.81715,5.232093,4.863711,7.647047,0.9576231,-0.2582183,-0.1055949,0.07163052,-0.5652154,-0.0005450021,0.0001842698,10.30169
1061.8,-6246.367,9275.496,-96.28779,5.231841,4.863521,7.646478,0.9414959,-0.3119129,-0.1095232,0.06557818,-0.5654663,-0.0005693954,0.0001117325,10.31164
1062,-6245.321,9276.469,-94.75855,5.231607,4.86335,7.645909,0.9223515,-0.364633,-0.1131073,0.05930714,-0.5657173,-0.0005853269,3.689012e-05,10.32156
1062.2,-6244.274,9277.441,-93.22943,5.231389,4.863195,7.64534,0.9002471,-0.4162086,-0.1163348,0.05283695,-0.5659683,-0.0005925861,-3.927385e-05,10.33151
1062.4,-6243.228,9278.414,-91.70042,5.231181,4.863053,7.644772,0.8752498,-0.4664731,-0.1191945,0.04618789,-0.5662196,-0.0005910765,-0.0001157576,10.34146
1062.6,-6242.182,9279.387,-90.17152,5.230982,4.86292,7.644203,0.8474358,-0.5152635,-0.1216764,0.03938085,-0.5664709,-0.0005808169,-0.0001915543,10.35137
1062.8,-6241.136,9280.359,-88.64274,5.23079,4.862804,7.643634,0.8168908,-0.5624213,-0.1237716,0.0324373,-0.5667223,-0.0005619416,-0.0002656649,10.36132
1063,-6240.09,9281.332,-87.11407,5.230603,4.862707,7.643066,0.7837093,-0.607793,-0.1254724,0.02537924,-0.5669738,-0.0005346987,-0.000337112,10.37127
1063.2,-6239.043,9282.305,-85.58551,5.230421,4.862625,7.642498,0.7479944,-0.6512302,-0.1267723,0.0182291,-0.5672255,-0.0004994469,-0.0004049523,10.38119
1063.4,-6237.998,9283.277,-84.05707,5.230241,4.862554,7.64193,0.7098578,-0.6925908,-0.1276663,0.01100967,-0.5674772,-0.0004566512,-0.0004682891,10.39114
1063.6,-6236.952,9284.25,-82.52874,5.230063,4.862492,7.641361,0.6694191,-0.7317387,-0.1281505,0.003744066,-0.5677291,-0.0004068768,-0.0005262848,10.40106
1063.8,-6235.906,9285.222,-81.00052,5.229887,4.862436,7.640793,0.6268056,-0.7685449,-0.1282223,-0.00354439,-0.5679811,-0.000350782,-0.0005781714,10.411
1064,-6234.859,9286.194,-79.47242,5.229713,4.862386,7.640225,0.5821519,-0.8028875,-0.1278805,-0.01083222,-0.5682331,-0.0002891092,-0.0006232612,10.42092
1064.2,-6233.813,9287.167,-77.94444,5.229541,4.86234,7.639658,0.5355996,-0.8346524,-0.1271252,-0.01809586,-0.5684853,-0.0002226758,-0.0006609562,10.43087
1064.4,-6232.768,9288.14,-76.41656,5.229369,4.862297,7.63909,0.4872967,-0.8637336,-0.125958,-0.02531177,-0.5687376,-0.0001523629,-0.0006907557,10.44079
1064.6,-6231.722,9289.112,-74.88879,5.229198,4.862257,7.638523,0.437397,-0.8900335,-0.1243814,-0.03245647,-0.5689901,-7.910431e-05,-0.0007122636,10.45071
1064.8,-6230.676,9290.084,-73.36115,5.229026,4.862218,7.637955,0.3860601,-0.9134632,-0.1223998,-0.03950662,-0.5692426,-3.873638e-06,-0.0007251939,10.46066
1065,-6229.63,9291.057,-71.83361,5.228856,4.862181,7.637388,0.3334504,-0.9339432,-0.1200185,-0.04643913,-0.5694953,7.232819e-05,-0.0007293741,10.47057
1065.2,-6228.584,9292.029,-70.30619,5.228686,4.862145,7.63682,0.2797368,-0.9514029,-0.1172443,-0.05323122,-0.569748,0.0001484864,-0.0007247483,10.48052
1065.4,-6227.539,9293.002,-68.77888,5.228516,4.862111,7.636253,0.2250924,-0.9657819,-0.1140853,-0.05986048,-0.5700009,0.0002235858,-0.0007113782,10.49044
1065.6,-6226.493,9293.975,-67.25169,5.228346,4.862076,7.635686,0.1696934,-0.9770293,-0.1105509,-0.06630495,-0.5702539,0.0002966245,-0.0006894419,10.50036
1065.8,-6225.447,9294.946,-65.72461,5.228177,4.862042,7.635119,0.113719,-0.9851045,-0.1066516,-0.07254321,-0.570507,0.0003666269,-0.0006592324,10.51028
1066,-6224.402,9295.919,-64.19765,5.228007,4.862009,7.634552,0.05735062,-0.989977,-0.1023993,-0.07855444,-0.5707603,0.0004326573,-0.0006211534,10.52023
1066.2,-6223.356,9296.892,-62.67079,5.227838,4.861976,7.633986,0.0007714308,-0.9916267,-0.09780699,-0.08431849,-0.5710136,0.0004938323,-0.0005757145,10.53015
1066.4,-6222.311,9297.863,-61.14405,5.227669,4.861943,7.633419,-0.05583438,-0.9900441,-0.09288889,-0.08981595,-0.5712671,0.0005493325,-0.0005235242,10.54006
1066.55,-6221.526,9298.593,-59.99907,5.227542,4.861918,7.632994,-0.09819508,-0.986736,-0.08899567,-0.09375288,-0.5714572,0.0005867829,-0.0004803686,10.54751
